,Ticker,Risk,Yield,Price,Date,Fund,Sponsor,Asset,Fee,TrackingError,Dislocation,Beta,Volume,Classifications
0,IBIT,1.930891,1.214989,35.8,2024-09-20,iShares Bitcoin Trust ETF,BlackRock,BTC,0.25,29.4543,140.324,0.8675,15938400,4-4
1,IBIT,1.929528,1.44785,36.04,2024-09-23,iShares Bitcoin Trust ETF,BlackRock,BTC,0.25,29.4451,166.521,0.8675,17294800,4-4
2,IBIT,1.869458,1.47297,36.64,2024-09-24,iShares Bitcoin Trust ETF,BlackRock,BTC,0.25,29.0376,169.347,0.8694,19764100,4-4
3,IBIT,1.396939,2.741058,35.97,2024-09-25,iShares Bitcoin Trust ETF,BlackRock,BTC,0.25,25.8321,312.007,0.8725,13547100,4-4
4,IBIT,0.537945,-0.696645,36.84,2024-09-26,iShares Bitcoin Trust ETF,BlackRock,BTC,0.25,20.0048,-74.735,0.8668,41457100,3-1
5,IBIT,0.557674,0.730363,37.39,2024-09-27,iShares Bitcoin Trust ETF,BlackRock,BTC,0.25,20.1386,85.804,0.8687,28884500,4-4
6,IBIT,0.543952,0.209534,36.13,2024-09-30,iShares Bitcoin Trust ETF,BlackRock,BTC,0.25,20.0455,27.211,0.8715,23334200,3-3
7,IBIT,0.421107,0.495417,35.13,2024-10-01,iShares Bitcoin Trust ETF,BlackRock,BTC,0.25,19.2122,59.372,0.8605,43920500,3-3
8,IBIT,0.642539,-1.297249,34.24,2024-10-02,iShares Bitcoin Trust ETF,BlackRock,BTC,0.25,20.7143,-142.302,0.8639,29353600,4-1
9,IBIT,0.612335,0.10292,34.72,2024-10-03,iShares Bitcoin Trust ETF,BlackRock,BTC,0.25,20.5094,15.216,0.8648,18482500,4-3
10,IBIT,0.469539,-0.114487,35.52,2024-10-04,iShares Bitcoin Trust ETF,BlackRock,BTC,0.25,19.5407,-9.242,0.8683,22625700,3-2
11,IBIT,0.391819,1.11008,36.06,2024-10-07,iShares Bitcoin Trust ETF,BlackRock,BTC,0.25,19.0135,128.522,0.8692,21124100,3-4
12,IBIT,0.5419,-0.977822,35.4,2024-10-08,iShares Bitcoin Trust ETF,BlackRock,BTC,0.25,20.0316,-106.367,0.871,25203200,3-1
13,IBIT,0.540928,1.171217,34.68,2024-10-09,iShares Bitcoin Trust ETF,BlackRock,BTC,0.25,20.025,135.4,0.8697,18244000,3-4
14,IBIT,0.674585,-1.401882,33.95,2024-10-10,iShares Bitcoin Trust ETF,BlackRock,BTC,0.25,20.9317,-154.074,0.8731,25996500,4-1
15,IBIT,0.879292,0.427676,35.94,2024-10-11,iShares Bitcoin Trust ETF,BlackRock,BTC,0.25,22.3204,51.751,0.9072,33399400,4-3
16,IBIT,0.899882,-1.218973,37.57,2024-10-14,iShares Bitcoin Trust ETF,BlackRock,BTC,0.25,22.4601,-133.496,0.8946,44553100,4-1
17,IBIT,0.899056,0.510766,38.17,2024-10-15,iShares Bitcoin Trust ETF,BlackRock,BTC,0.25,22.4545,61.099,0.8955,53539000,4-3
18,IBIT,0.751656,0.657986,38.58,2024-10-16,iShares Bitcoin Trust ETF,BlackRock,BTC,0.25,21.4546,77.661,0.896,26627500,4-4
19,IBIT,0.237599,1.1762,38.05,2024-10-17,iShares Bitcoin Trust ETF,BlackRock,BTC,0.25,17.9673,135.96,0.8983,19655500,3-4
20,IBIT,0.276494,0.112148,39.07,2024-10-18,iShares Bitcoin Trust ETF,BlackRock,BTC,0.25,18.2311,16.255,0.9034,39820500,3-3
21,IBIT,0.267248,0.725524,38.57,2024-10-21,iShares Bitcoin Trust ETF,BlackRock,BTC,0.25,18.1684,85.259,0.903,28773400,3-4
22,IBIT,0.27321,0.145613,38.41,2024-10-22,iShares Bitcoin Trust ETF,BlackRock,BTC,0.25,18.2089,20.019,0.9034,23972900,3-3
23,IBIT,0.275104,-0.409653,37.81,2024-10-23,iShares Bitcoin Trust ETF,BlackRock,BTC,0.25,18.2217,-42.448,0.9052,25771200,3-2
24,IBIT,0.275094,0.9515,38.87,2024-10-24,iShares Bitcoin Trust ETF,BlackRock,BTC,0.25,18.2216,110.682,0.9083,27015500,3-4
25,IBIT,0.255574,-0.361042,38.01,2024-10-25,iShares Bitcoin Trust ETF,BlackRock,BTC,0.25,18.0892,-36.979,0.91,51745600,3-2
26,IBIT,0.255212,-0.522713,39.67,2024-10-28,iShares Bitcoin Trust ETF,BlackRock,BTC,0.25,18.0868,-55.167,0.9087,54652300,3-2
27,IBIT,0.245883,0.279352,41.33,2024-10-29,iShares Bitcoin Trust ETF,BlackRock,BTC,0.25,18.0235,35.065,0.9137,81566300,3-3
28,IBIT,-0.038081,0.015336,40.88,2024-10-30,iShares Bitcoin Trust ETF,BlackRock,BTC,0.25,16.0971,5.363,0.9153,32004700,3-3
29,IBIT,-0.12018,-0.367166,39.78,2024-10-31,iShares Bitcoin Trust ETF,BlackRock,BTC,0.25,15.5402,-37.668,0.9155,48039800,2-2
30,IBIT,-0.130459,-0.268056,39.37,2024-11-01,iShares Bitcoin Trust ETF,BlackRock,BTC,0.25,15.4704,-26.518,0.9158,49930200,2-2
31,IBIT,-0.219239,-0.777385,38.25,2024-11-04,iShares Bitcoin Trust ETF,BlackRock,BTC,0.25,14.8682,-83.818,0.9206,36048900,2-1
32,IBIT,-0.316341,-0.196216,39.51,2024-11-05,iShares Bitcoin Trust ETF,BlackRock,BTC,0.25,14.2094,-18.436,0.9268,36660400,2-2
33,IBIT,-0.239374,1.366004,43.4,2024-11-06,iShares Bitcoin Trust ETF,BlackRock,BTC,0.25,14.7316,157.313,0.9516,97138100,2-4
34,IBIT,-0.473515,1.477142,43.6,2024-11-07,iShares Bitcoin Trust ETF,BlackRock,BTC,0.25,13.1432,169.816,0.9515,40670200,2-4
35,IBIT,-0.90357,1.016986,43.69,2024-11-08,iShares Bitcoin Trust ETF,BlackRock,BTC,0.25,10.2258,118.049,0.951,44183700,1-4
36,IBIT,-0.851209,0.758864,49.57,2024-11-11,iShares Bitcoin Trust ETF,BlackRock,BTC,0.25,10.581,89.01,0.9201,96319200,1-4
37,IBIT,0.074463,3.036639,51.05,2024-11-12,iShares Bitcoin Trust ETF,BlackRock,BTC,0.25,16.8606,345.26,0.9116,77294900,3-4
38,IBIT,0.489582,-0.357984,51.04,2024-11-13,iShares Bitcoin Trust ETF,BlackRock,BTC,0.25,19.6767,-36.635,0.902,103319300,3-2
39,IBIT,0.441715,0.20938,49.73,2024-11-14,iShares Bitcoin Trust ETF,BlackRock,BTC,0.25,19.352,27.193,0.8972,60782800,3-3
40,IBIT,0.399754,1.496497,52.13,2024-11-15,iShares Bitcoin Trust ETF,BlackRock,BTC,0.25,19.0673,171.994,0.9014,46939400,3-4
41,IBIT,0.407755,2.78939,52.13,2024-11-18,iShares Bitcoin Trust ETF,BlackRock,BTC,0.25,19.1216,317.444,0.9006,61022200,3-4
42,IBIT,0.427372,-1.124759,52.7,2024-11-19,iShares Bitcoin Trust ETF,BlackRock,BTC,0.25,19.2547,-122.897,0.9033,80884000,3-1
43,IBIT,0.419528,1.183902,53.72,2024-11-20,iShares Bitcoin Trust ETF,BlackRock,BTC,0.25,19.2015,136.827,0.9332,70154500,3-4
44,IBIT,0.415355,0.504417,55.9,2024-11-21,iShares Bitcoin Trust ETF,BlackRock,BTC,0.25,19.1732,60.385,0.9207,93957600,3-3
45,IBIT,0.421099,0.269293,56.49,2024-11-22,iShares Bitcoin Trust ETF,BlackRock,BTC,0.25,19.2121,33.933,0.9204,66020400,3-3
46,IBIT,0.461255,0.789326,54.02,2024-11-25,iShares Bitcoin Trust ETF,BlackRock,BTC,0.25,19.4845,92.437,0.908,69396700,3-4
47,IBIT,0.98187,-1.504508,51.7,2024-11-26,iShares Bitcoin Trust ETF,BlackRock,BTC,0.25,23.0163,-165.619,0.9257,67423300,4-1
48,IBIT,1.15857,0.586852,55.03,2024-11-27,iShares Bitcoin Trust ETF,BlackRock,BTC,0.25,24.215,69.659,0.9373,61783500,4-4
49,IBIT,1.220664,-0.406115,55.21,2024-11-29,iShares Bitcoin Trust ETF,BlackRock,BTC,0.25,24.6363,-42.05,0.9315,30337300,4-2
50,IBIT,1.219487,-0.758454,54.48,2024-12-02,iShares Bitcoin Trust ETF,BlackRock,BTC,0.25,24.6283,-81.688,0.9236,52619400,4-1
51,IBIT,1.198967,-1.888254,54.46,2024-12-03,iShares Bitcoin Trust ETF,BlackRock,BTC,0.25,24.4891,-208.79,0.9128,39000400,4-1
52,IBIT,1.183533,1.851956,56.42,2024-12-04,iShares Bitcoin Trust ETF,BlackRock,BTC,0.25,24.3844,211.983,0.9154,58655300,4-4
53,IBIT,1.276773,1.590845,56.4,2024-12-05,iShares Bitcoin Trust ETF,BlackRock,BTC,0.25,25.0169,182.608,0.9055,89447600,4-4
54,IBIT,1.299399,2.046322,57.8,2024-12-06,iShares Bitcoin Trust ETF,BlackRock,BTC,0.25,25.1704,233.849,0.9026,50017000,4-4
55,IBIT,1.661043,-0.899002,54.73,2024-12-09,iShares Bitcoin Trust ETF,BlackRock,BTC,0.25,27.6237,-97.5,0.9273,55677600,4-1
56,IBIT,1.659234,0.169165,54.9,2024-12-10,iShares Bitcoin Trust ETF,BlackRock,BTC,0.25,27.6115,22.669,0.9287,48810000,4-3
57,IBIT,1.170979,0.018625,57.72,2024-12-11,iShares Bitcoin Trust ETF,BlackRock,BTC,0.25,24.2992,5.733,0.9331,48872600,4-3
58,IBIT,0.870804,-2.045423,56.92,2024-12-12,iShares Bitcoin Trust ETF,BlackRock,BTC,0.25,22.2629,-226.472,0.9388,38811300,4-1
59,IBIT,0.854863,-1.140161,57.91,2024-12-13,iShares Bitcoin Trust ETF,BlackRock,BTC,0.25,22.1547,-124.63,0.9324,37881700,4-1
60,IBIT,0.827518,1.465711,60.22,2024-12-16,iShares Bitcoin Trust ETF,BlackRock,BTC,0.25,21.9692,168.53,0.9303,63994100,4-4
61,IBIT,0.839928,1.209156,60.73,2024-12-17,iShares Bitcoin Trust ETF,BlackRock,BTC,0.25,22.0534,139.668,0.9299,49617700,4-4
62,IBIT,0.828708,0.095137,57.18,2024-12-18,iShares Bitcoin Trust ETF,BlackRock,BTC,0.25,21.9773,14.341,0.9355,69862700,4-3
63,IBIT,0.992544,-1.342121,54.72,2024-12-19,iShares Bitcoin Trust ETF,BlackRock,BTC,0.25,23.0887,-147.351,0.9445,79563900,4-1
64,IBIT,0.992413,-1.79214,54.81,2024-12-20,iShares Bitcoin Trust ETF,BlackRock,BTC,0.25,23.0878,-197.978,0.9469,55327900,4-1
65,IBIT,0.982225,-2.134515,52.87,2024-12-23,iShares Bitcoin Trust ETF,BlackRock,BTC,0.25,23.0187,-236.495,0.9499,44528500,4-1
66,IBIT,1.13939,-0.851071,56.23,2024-12-24,iShares Bitcoin Trust ETF,BlackRock,BTC,0.25,24.0849,-92.107,0.9622,27692700,4-1
67,IBIT,0.692268,-0.959802,54.3,2024-12-26,iShares Bitcoin Trust ETF,BlackRock,BTC,0.25,21.0517,-104.34,0.9731,26500600,4-1
68,IBIT,0.458707,1.236863,53.68,2024-12-27,iShares Bitcoin Trust ETF,BlackRock,BTC,0.25,19.4673,142.785,0.9677,35983000,3-4
69,IBIT,0.475507,2.499935,53.55,2024-12-30,iShares Bitcoin Trust ETF,BlackRock,BTC,0.25,19.5812,284.88,0.9642,39340000,3-4
70,IBIT,0.632206,1.45192,53.05,2024-12-31,iShares Bitcoin Trust ETF,BlackRock,BTC,0.25,20.6442,166.979,0.9634,30143600,4-4
71,IBIT,0.656369,0.185117,55.37,2025-01-02,iShares Bitcoin Trust ETF,BlackRock,BTC,0.25,20.8082,24.464,0.9674,41029200,4-3
72,IBIT,0.618124,0.595275,55.96,2025-01-03,iShares Bitcoin Trust ETF,BlackRock,BTC,0.25,20.5487,70.606,0.965,32839500,4-4
73,IBIT,0.414443,0.172448,58.17,2025-01-06,iShares Bitcoin Trust ETF,BlackRock,BTC,0.25,19.167,23.038,0.9668,47318400,3-3
74,IBIT,0.437642,-1.851519,54.79,2025-01-07,iShares Bitcoin Trust ETF,BlackRock,BTC,0.25,19.3244,-204.658,0.972,57081800,3-1
75,IBIT,-0.049886,-0.996633,53.34,2025-01-08,iShares Bitcoin Trust ETF,BlackRock,BTC,0.25,16.017,-108.483,0.9663,47071000,2-1
76,IBIT,-0.015032,-0.53583,53.84,2025-01-10,iShares Bitcoin Trust ETF,BlackRock,BTC,0.25,16.2535,-56.643,0.9714,43996100,3-2
77,IBIT,-0.00142,-1.264723,53.22,2025-01-13,iShares Bitcoin Trust ETF,BlackRock,BTC,0.25,16.3458,-138.643,0.9723,44866500,3-1
78,IBIT,0.049169,-0.477788,54.83,2025-01-14,iShares Bitcoin Trust ETF,BlackRock,BTC,0.25,16.689,-50.113,0.9742,30772800,3-2
79,IBIT,0.059274,-0.221126,56.64,2025-01-15,iShares Bitcoin Trust ETF,BlackRock,BTC,0.25,16.7576,-21.239,0.9695,42124700,3-2
80,IBIT,0.192348,1.825284,57.09,2025-01-16,iShares Bitcoin Trust ETF,BlackRock,BTC,0.25,17.6603,208.982,0.9652,35548000,3-4
81,IBIT,0.161472,0.58558,59.62,2025-01-17,iShares Bitcoin Trust ETF,BlackRock,BTC,0.25,17.4509,69.516,0.965,70766100,3-4
82,IBIT,0.151244,1.260008,60.42,2025-01-21,iShares Bitcoin Trust ETF,BlackRock,BTC,0.25,17.3815,145.389,0.9643,63410700,3-4
83,IBIT,-0.070982,0.927508,59.38,2025-01-22,iShares Bitcoin Trust ETF,BlackRock,BTC,0.25,15.8739,107.982,0.9613,37667900,2-4
84,IBIT,0.039294,0.373679,58.79,2025-01-23,iShares Bitcoin Trust ETF,BlackRock,BTC,0.25,16.622,45.677,0.9614,118197600,3-3
85,IBIT,0.039398,-0.308224,59.7,2025-01-24,iShares Bitcoin Trust ETF,BlackRock,BTC,0.25,16.6227,-31.037,0.9611,46082300,3-2
86,IBIT,-0.190435,-1.013304,57.67,2025-01-27,iShares Bitcoin Trust ETF,BlackRock,BTC,0.25,15.0636,-110.359,0.9675,61243100,2-1
87,IBIT,-0.193065,-0.328912,57.58,2025-01-28,iShares Bitcoin Trust ETF,BlackRock,BTC,0.25,15.0457,-33.365,0.9652,30257000,2-2
88,IBIT,-0.172048,-0.126157,59.34,2025-01-29,iShares Bitcoin Trust ETF,BlackRock,BTC,0.25,15.1883,-10.555,0.966,38059400,2-2
89,IBIT,-0.283091,0.730933,59.72,2025-01-30,iShares Bitcoin Trust ETF,BlackRock,BTC,0.25,14.435,85.868,0.9665,33479300,2-4
90,IBIT,-0.387417,-1.031123,57.71,2025-01-31,iShares Bitcoin Trust ETF,BlackRock,BTC,0.25,13.7273,-112.363,0.9716,41738300,2-1
91,IBIT,-0.39193,0.416164,57.58,2025-02-03,iShares Bitcoin Trust ETF,BlackRock,BTC,0.25,13.6966,50.456,0.9675,73864900,2-3
92,IBIT,-0.342151,0.678028,56.13,2025-02-04,iShares Bitcoin Trust ETF,BlackRock,BTC,0.25,14.0343,79.916,0.9602,48597700,2-4
93,IBIT,-0.338435,-0.200207,55.33,2025-02-05,iShares Bitcoin Trust ETF,BlackRock,BTC,0.25,14.0596,-18.885,0.9476,24705000,2-2
94,IBIT,-0.395228,-0.235561,55.12,2025-02-06,iShares Bitcoin Trust ETF,BlackRock,BTC,0.25,13.6743,-22.863,0.9478,28324400,2-2
95,IBIT,-0.348545,-0.133943,54.47,2025-02-07,iShares Bitcoin Trust ETF,BlackRock,BTC,0.25,13.991,-11.431,0.949,41477300,2-2
96,IBIT,-0.427465,-0.133557,55.38,2025-02-10,iShares Bitcoin Trust ETF,BlackRock,BTC,0.25,13.4556,-11.387,0.9958,21331800,2-2
97,IBIT,-0.474039,-1.389754,54.11,2025-02-11,iShares Bitcoin Trust ETF,BlackRock,BTC,0.25,13.1396,-152.709,1.0069,27542700,2-1
98,IBIT,-0.531829,-1.505344,55.16,2025-02-12,iShares Bitcoin Trust ETF,BlackRock,BTC,0.25,12.7476,-165.713,1.0246,34445200,2-1
99,IBIT,-0.537244,-0.673163,54.74,2025-02-13,iShares Bitcoin Trust ETF,BlackRock,BTC,0.25,12.7109,-72.093,1.0342,24211200,2-1
100,IBIT,-0.724534,0.442156,55.33,2025-02-14,iShares Bitcoin Trust ETF,BlackRock,BTC,0.25,11.4403,53.381,1.0314,27505400,1-3
101,IBIT,-0.615772,-1.290551,53.51,2025-02-18,iShares Bitcoin Trust ETF,BlackRock,BTC,0.25,12.1781,-141.549,1.0387,38190500,2-1
102,IBIT,-0.539494,0.019359,54.65,2025-02-19,iShares Bitcoin Trust ETF,BlackRock,BTC,0.25,12.6956,5.816,1.0455,29062100,2-3
103,IBIT,-0.525888,0.929425,56.04,2025-02-20,iShares Bitcoin Trust ETF,BlackRock,BTC,0.25,12.7879,108.198,1.0499,25814900,2-4
104,IBIT,-0.494871,-0.862914,53.92,2025-02-21,iShares Bitcoin Trust ETF,BlackRock,BTC,0.25,12.9983,-93.44,1.0644,48588600,2-1
105,IBIT,0.481033,2.691762,53.41,2025-02-24,iShares Bitcoin Trust ETF,BlackRock,BTC,0.25,19.6187,306.461,1.0119,38111600,3-4
106,IBIT,0.976369,0.788555,50.03,2025-02-25,iShares Bitcoin Trust ETF,BlackRock,BTC,0.25,22.979,92.35,1.065,103835200,4-4
107,IBIT,1.010575,0.919584,47.96,2025-02-26,iShares Bitcoin Trust ETF,BlackRock,BTC,0.25,23.211,107.091,1.0425,85749300,4-4
108,IBIT,1.098478,-1.207829,47.35,2025-02-27,iShares Bitcoin Trust ETF,BlackRock,BTC,0.25,23.8074,-132.243,1.0194,43346500,4-1
109,IBIT,1.20109,1.454315,47.9,2025-02-28,iShares Bitcoin Trust ETF,BlackRock,BTC,0.25,24.5035,167.248,1.0243,59648300,4-4
110,IBIT,1.13734,-2.191779,48.9,2025-03-03,iShares Bitcoin Trust ETF,BlackRock,BTC,0.25,24.071,-242.937,1.0257,92274100,4-1
111,IBIT,1.123881,0.471315,49.39,2025-03-04,iShares Bitcoin Trust ETF,BlackRock,BTC,0.25,23.9797,56.661,1.0245,72360100,4-3
112,IBIT,1.093893,-0.331387,51.44,2025-03-05,iShares Bitcoin Trust ETF,BlackRock,BTC,0.25,23.7763,-33.643,1.0213,49050700,4-2
113,IBIT,1.116367,0.470058,50.64,2025-03-06,iShares Bitcoin Trust ETF,BlackRock,BTC,0.25,23.9287,56.52,1.0344,50275000,4-3
114,IBIT,1.1871,0.277778,49.43,2025-03-07,iShares Bitcoin Trust ETF,BlackRock,BTC,0.25,24.4086,34.888,1.0314,59351100,4-3
115,IBIT,1.135907,0.61361,44.91,2025-03-10,iShares Bitcoin Trust ETF,BlackRock,BTC,0.25,24.0613,72.669,1.0053,85278800,4-4
116,IBIT,1.12463,0.656923,47.24,2025-03-11,iShares Bitcoin Trust ETF,BlackRock,BTC,0.25,23.9848,77.542,1.0023,48562700,4-4
117,IBIT,1.173443,-0.567705,47.15,2025-03-12,iShares Bitcoin Trust ETF,BlackRock,BTC,0.25,24.3159,-60.229,0.9946,32196200,4-1
118,IBIT,1.172549,-0.122337,45.52,2025-03-13,iShares Bitcoin Trust ETF,BlackRock,BTC,0.25,24.3099,-10.125,0.9959,42870400,4-2
119,IBIT,1.31818,0.501548,48.14,2025-03-14,iShares Bitcoin Trust ETF,BlackRock,BTC,0.25,25.2978,60.062,1.0104,43770200,4-3
120,IBIT,1.323304,-0.122179,48.06,2025-03-17,iShares Bitcoin Trust ETF,BlackRock,BTC,0.25,25.3326,-10.107,1.0155,28998300,4-2
121,IBIT,1.30105,-0.707302,46.81,2025-03-18,iShares Bitcoin Trust ETF,BlackRock,BTC,0.25,25.1816,-75.933,1.0172,33645500,4-1
122,IBIT,1.321848,-0.629071,48.61,2025-03-19,iShares Bitcoin Trust ETF,BlackRock,BTC,0.25,25.3227,-67.132,1.005,40812800,4-1
123,IBIT,1.393479,1.001474,47.85,2025-03-20,iShares Bitcoin Trust ETF,BlackRock,BTC,0.25,25.8086,116.304,0.9871,30509100,4-4
124,IBIT,1.310732,-0.963174,47.7,2025-03-21,iShares Bitcoin Trust ETF,BlackRock,BTC,0.25,25.2473,-104.719,0.9872,18141500,4-1
125,IBIT,0.632925,0.247054,50.18,2025-03-24,iShares Bitcoin Trust ETF,BlackRock,BTC,0.25,20.6491,31.432,0.9932,29833300,4-3
126,IBIT,0.035198,1.074198,50.14,2025-03-25,iShares Bitcoin Trust ETF,BlackRock,BTC,0.25,16.5942,124.485,0.9751,21846300,3-4
127,IBIT,0.076288,0.926254,49.18,2025-03-26,iShares Bitcoin Trust ETF,BlackRock,BTC,0.25,16.873,107.841,0.9729,28741800,3-4
128,IBIT,-0.101743,-0.236673,49.44,2025-03-27,iShares Bitcoin Trust ETF,BlackRock,BTC,0.25,15.6652,-22.988,0.9748,33004000,2-2
129,IBIT,-0.22667,-0.654823,47.56,2025-03-28,iShares Bitcoin Trust ETF,BlackRock,BTC,0.25,14.8177,-70.03,0.9833,37749400,2-1
130,IBIT,-0.205798,-1.123197,46.81,2025-03-31,iShares Bitcoin Trust ETF,BlackRock,BTC,0.25,14.9593,-122.722,0.9847,24010800,2-1
131,IBIT,-0.214243,-1.014487,48.3,2025-04-01,iShares Bitcoin Trust ETF,BlackRock,BTC,0.25,14.9021,-110.492,0.9794,30139700,2-1
132,IBIT,1.128161,4.853581,49.41,2025-04-02,iShares Bitcoin Trust ETF,BlackRock,BTC,0.25,24.0087,549.665,0.9474,38654700,4-4
133,IBIT,2.623431,-1.219166,46.57,2025-04-03,iShares Bitcoin Trust ETF,BlackRock,BTC,0.25,34.1524,-133.518,0.9315,40676000,4-1
134,IBIT,2.645435,0.769858,47.71,2025-04-04,iShares Bitcoin Trust ETF,BlackRock,BTC,0.25,34.3017,90.247,0.9234,68668800,4-4
135,IBIT,2.758504,-1.608334,44.27,2025-04-07,iShares Bitcoin Trust ETF,BlackRock,BTC,0.25,35.0688,-177.3,0.9459,107582100,4-1
136,IBIT,2.876416,0.105582,43.59,2025-04-08,iShares Bitcoin Trust ETF,BlackRock,BTC,0.25,35.8687,15.516,0.9311,50053300,4-3
137,IBIT,2.836793,-4.786565,46.83,2025-04-09,iShares Bitcoin Trust ETF,BlackRock,BTC,0.25,35.5999,-534.85,0.9281,85507900,4-1
138,IBIT,2.835756,0.873315,45.17,2025-04-10,iShares Bitcoin Trust ETF,BlackRock,BTC,0.25,35.5928,101.886,0.925,45745700,4-4
139,IBIT,2.750381,0.373404,47.67,2025-04-11,iShares Bitcoin Trust ETF,BlackRock,BTC,0.25,35.0137,45.646,0.9384,54223500,4-3
140,IBIT,2.748147,2.270922,48.28,2025-04-14,iShares Bitcoin Trust ETF,BlackRock,BTC,0.25,34.9985,259.116,0.9396,32514400,4-4
141,IBIT,2.72113,0.359653,47.74,2025-04-15,iShares Bitcoin Trust ETF,BlackRock,BTC,0.25,34.8152,44.099,0.9395,24001700,4-3
142,IBIT,2.680806,0.580996,47.96,2025-04-16,iShares Bitcoin Trust ETF,BlackRock,BTC,0.25,34.5417,69.0,0.9401,27463000,4-4
143,IBIT,2.622964,0.500647,48.26,2025-04-17,iShares Bitcoin Trust ETF,BlackRock,BTC,0.25,34.1493,59.961,0.9413,23963600,4-3
144,IBIT,2.62234,-0.323533,49.72,2025-04-21,iShares Bitcoin Trust ETF,BlackRock,BTC,0.25,34.145,-32.759,0.9435,57126900,4-2
145,IBIT,2.640893,-1.583495,52.08,2025-04-22,iShares Bitcoin Trust ETF,BlackRock,BTC,0.25,34.2709,-174.505,0.9248,83738100,4-1
146,IBIT,2.746464,0.215091,53.2,2025-04-23,iShares Bitcoin Trust ETF,BlackRock,BTC,0.25,34.9871,27.836,0.9221,60960500,4-3
147,IBIT,2.698596,0.056378,53.26,2025-04-24,iShares Bitcoin Trust ETF,BlackRock,BTC,0.25,34.6624,9.98,0.9225,28476600,4-3
148,IBIT,2.729041,1.351942,54.27,2025-04-25,iShares Bitcoin Trust ETF,BlackRock,BTC,0.25,34.8689,155.731,0.9207,48231000,4-4
149,IBIT,2.745612,0.391056,53.88,2025-04-28,iShares Bitcoin Trust ETF,BlackRock,BTC,0.25,34.9813,47.632,0.9205,34157200,4-3
150,IBIT,2.780542,2.807279,54.22,2025-04-29,iShares Bitcoin Trust ETF,BlackRock,BTC,0.25,35.2183,319.457,0.9142,31214000,4-4
151,IBIT,2.828928,0.036457,53.51,2025-04-30,iShares Bitcoin Trust ETF,BlackRock,BTC,0.25,35.5465,7.739,0.9151,34189600,4-3
152,IBIT,1.970297,0.547592,54.95,2025-05-01,iShares Bitcoin Trust ETF,BlackRock,BTC,0.25,29.7217,65.242,0.9215,52802600,4-4
153,IBIT,0.177474,-0.414712,55.19,2025-05-02,iShares Bitcoin Trust ETF,BlackRock,BTC,0.25,17.5594,-43.017,0.921,43449000,3-2
154,IBIT,0.088349,-0.246444,53.63,2025-05-05,iShares Bitcoin Trust ETF,BlackRock,BTC,0.25,16.9548,-24.087,0.924,24957700,3-2
155,IBIT,-0.080504,-2.592004,53.97,2025-05-06,iShares Bitcoin Trust ETF,BlackRock,BTC,0.25,15.8093,-287.962,0.9189,20578700,2-1
156,IBIT,-0.257477,-0.518983,54.68,2025-05-07,iShares Bitcoin Trust ETF,BlackRock,BTC,0.25,14.6088,-54.748,0.9181,29627400,2-2
157,IBIT,-0.248301,-1.286924,57.62,2025-05-08,iShares Bitcoin Trust ETF,BlackRock,BTC,0.25,14.671,-141.141,0.9115,55449000,2-1
158,IBIT,-0.009264,0.481869,58.66,2025-05-09,iShares Bitcoin Trust ETF,BlackRock,BTC,0.25,16.2926,57.848,0.9107,36503700,3-3
159,IBIT,0.028135,0.111999,57.88,2025-05-12,iShares Bitcoin Trust ETF,BlackRock,BTC,0.25,16.5463,16.238,0.9121,44350600,3-3
160,IBIT,0.195855,2.8686,59.62,2025-05-13,iShares Bitcoin Trust ETF,BlackRock,BTC,0.25,17.6841,326.355,0.9153,38312000,3-4
161,IBIT,0.248569,1.070149,58.74,2025-05-14,iShares Bitcoin Trust ETF,BlackRock,BTC,0.25,18.0417,124.03,0.911,38499400,3-4
162,IBIT,0.254932,1.174599,58.67,2025-05-15,iShares Bitcoin Trust ETF,BlackRock,BTC,0.25,18.0849,135.78,0.9092,33563800,3-4
163,IBIT,0.305171,0.369933,59.2,2025-05-16,iShares Bitcoin Trust ETF,BlackRock,BTC,0.25,18.4257,45.255,0.9061,37353600,3-3
164,IBIT,0.323174,0.999131,59.99,2025-05-19,iShares Bitcoin Trust ETF,BlackRock,BTC,0.25,18.5478,116.04,0.8971,50625100,3-4
165,IBIT,0.201556,-0.136864,60.91,2025-05-20,iShares Bitcoin Trust ETF,BlackRock,BTC,0.25,17.7228,-11.759,0.9303,49771100,3-2
166,IBIT,0.090095,-0.175242,61.79,2025-05-21,iShares Bitcoin Trust ETF,BlackRock,BTC,0.25,16.9666,-16.077,0.9041,98801900,3-2
167,IBIT,0.109952,0.681815,63.23,2025-05-22,iShares Bitcoin Trust ETF,BlackRock,BTC,0.25,17.1013,80.342,0.909,66549500,3-4
168,IBIT,0.14161,0.892766,61.83,2025-05-23,iShares Bitcoin Trust ETF,BlackRock,BTC,0.25,17.3161,104.074,0.8983,61971400,3-4
169,IBIT,0.087361,1.025034,62.5,2025-05-27,iShares Bitcoin Trust ETF,BlackRock,BTC,0.25,16.9481,118.954,0.8995,49538600,3-4
170,IBIT,0.183851,-0.98736,60.79,2025-05-28,iShares Bitcoin Trust ETF,BlackRock,BTC,0.25,17.6027,-107.44,0.9038,44241900,3-1
171,IBIT,0.11038,0.327267,59.99,2025-05-29,iShares Bitcoin Trust ETF,BlackRock,BTC,0.25,17.1042,40.455,0.9022,70159800,3-3
172,IBIT,0.113918,0.197112,59.46,2025-05-30,iShares Bitcoin Trust ETF,BlackRock,BTC,0.25,17.1282,25.813,0.8968,45680000,3-3
173,IBIT,0.286898,-2.581041,59.36,2025-06-02,iShares Bitcoin Trust ETF,BlackRock,BTC,0.25,18.3017,-286.729,0.8901,30733500,3-1
174,IBIT,0.476645,-0.395766,60.4,2025-06-03,iShares Bitcoin Trust ETF,BlackRock,BTC,0.25,19.5889,-40.886,0.8931,37381600,3-2
175,IBIT,0.401366,0.580508,59.64,2025-06-04,iShares Bitcoin Trust ETF,BlackRock,BTC,0.25,19.0783,68.945,0.8769,32365300,3-4
176,IBIT,0.360828,-0.159889,57.87,2025-06-05,iShares Bitcoin Trust ETF,BlackRock,BTC,0.25,18.8033,-14.35,0.8764,57995000,3-2
177,IBIT,0.348679,-0.643485,59.26,2025-06-06,iShares Bitcoin Trust ETF,BlackRock,BTC,0.25,18.7208,-68.754,0.8778,34477600,3-1
178,IBIT,0.151404,0.392993,61.77,2025-06-09,iShares Bitcoin Trust ETF,BlackRock,BTC,0.25,17.3825,47.85,0.863,43950300,3-3
179,IBIT,0.110921,-0.718032,62.29,2025-06-10,iShares Bitcoin Trust ETF,BlackRock,BTC,0.25,17.1079,-77.141,0.8443,32894300,3-1
180,IBIT,-0.054678,0.317516,61.84,2025-06-11,iShares Bitcoin Trust ETF,BlackRock,BTC,0.25,15.9845,39.358,0.8422,30336900,2-3
181,IBIT,-0.107426,0.863916,60.7,2025-06-12,iShares Bitcoin Trust ETF,BlackRock,BTC,0.25,15.6267,100.828,0.8343,36713600,2-4
182,IBIT,0.069307,-0.644366,59.74,2025-06-13,iShares Bitcoin Trust ETF,BlackRock,BTC,0.25,16.8256,-68.853,0.8393,42127800,3-1
183,IBIT,0.428898,2.401045,61.8,2025-06-16,iShares Bitcoin Trust ETF,BlackRock,BTC,0.25,19.265,273.755,0.8499,42415200,3-4
184,IBIT,0.618531,-0.148553,59.5,2025-06-17,iShares Bitcoin Trust ETF,BlackRock,BTC,0.25,20.5515,-13.074,0.8621,53900700,4-2
185,IBIT,0.660041,-1.576488,58.97,2025-06-18,iShares Bitcoin Trust ETF,BlackRock,BTC,0.25,20.8331,-173.717,0.8478,40166400,4-1
186,IBIT,0.649789,-1.14724,58.67,2025-06-20,iShares Bitcoin Trust ETF,BlackRock,BTC,0.25,20.7635,-125.426,0.8443,35261800,4-1
187,IBIT,0.76638,-1.223039,58.67,2025-06-23,iShares Bitcoin Trust ETF,BlackRock,BTC,0.25,21.5545,-133.954,0.8323,63747200,4-1
188,IBIT,0.863596,-1.981566,60.06,2025-06-24,iShares Bitcoin Trust ETF,BlackRock,BTC,0.25,22.214,-219.288,0.8329,40387200,4-1
189,IBIT,0.90794,0.675331,61.275,2025-06-25,iShares Bitcoin Trust ETF,BlackRock,BTC,0.25,22.5148,79.613,0.8236,40812500,4-4
190,IBIT,0.764192,1.752008,61.14,2025-06-26,iShares Bitcoin Trust ETF,BlackRock,BTC,0.25,21.5396,200.739,0.8243,29434600,4-4
191,IBIT,0.785018,0.370389,60.72,2025-06-27,iShares Bitcoin Trust ETF,BlackRock,BTC,0.25,21.6809,45.307,0.8215,35637900,4-3
192,IBIT,0.799091,2.657802,61.21,2025-06-30,iShares Bitcoin Trust ETF,BlackRock,BTC,0.25,21.7764,302.64,0.8691,34174000,4-4
193,IBIT,0.707684,-0.051561,59.84,2025-07-01,iShares Bitcoin Trust ETF,BlackRock,BTC,0.25,21.1563,-2.163,0.8804,35575500,4-2
194,IBIT,0.619755,0.494453,62.42,2025-07-02,iShares Bitcoin Trust ETF,BlackRock,BTC,0.25,20.5598,59.264,0.889,65900200,4-3
195,IBIT,0.643412,-0.452174,62.19,2025-07-03,iShares Bitcoin Trust ETF,BlackRock,BTC,0.25,20.7203,-47.232,0.8419,32662400,4-2
196,IBIT,0.640132,0.063206,61.4,2025-07-07,iShares Bitcoin Trust ETF,BlackRock,BTC,0.25,20.698,10.749,0.8652,37793400,4-3
197,IBIT,0.641053,-0.468408,61.82,2025-07-08,iShares Bitcoin Trust ETF,BlackRock,BTC,0.25,20.7043,-49.058,0.8586,29471500,4-2
198,IBIT,0.658276,1.342522,63.58,2025-07-09,iShares Bitcoin Trust ETF,BlackRock,BTC,0.25,20.8211,154.672,0.855,56974400,4-4
199,IBIT,0.790094,-1.726228,64.5,2025-07-10,iShares Bitcoin Trust ETF,BlackRock,BTC,0.25,21.7153,-190.563,0.8016,84144900,4-1
200,IBIT,1.169501,1.856487,67.21,2025-07-11,iShares Bitcoin Trust ETF,BlackRock,BTC,0.25,24.2892,212.493,0.8105,78031900,4-4
201,IBIT,1.170186,1.906272,68.18,2025-07-14,iShares Bitcoin Trust ETF,BlackRock,BTC,0.25,24.2938,218.093,0.8064,68391600,4-4
202,IBIT,1.149424,0.358752,66.16,2025-07-15,iShares Bitcoin Trust ETF,BlackRock,BTC,0.25,24.153,43.997,0.8222,82079400,4-3
203,IBIT,0.960078,1.123279,67.83,2025-07-16,iShares Bitcoin Trust ETF,BlackRock,BTC,0.25,22.8685,130.007,0.8245,58547500,4-4
204,IBIT,0.794993,2.194253,67.65,2025-07-17,iShares Bitcoin Trust ETF,BlackRock,BTC,0.25,21.7486,250.491,0.8209,45310300,4-4
205,IBIT,0.743993,-0.98481,66.68,2025-07-18,iShares Bitcoin Trust ETF,BlackRock,BTC,0.25,21.4026,-107.153,0.8497,51010400,4-1
206,IBIT,0.726432,-0.955022,66.33,2025-07-21,iShares Bitcoin Trust ETF,BlackRock,BTC,0.25,21.2835,-103.802,0.8514,47080800,4-1
207,IBIT,0.549955,0.783554,67.82,2025-07-22,iShares Bitcoin Trust ETF,BlackRock,BTC,0.25,20.0863,91.788,0.8541,45383900,3-4
208,IBIT,0.383201,-0.747453,67.29,2025-07-23,iShares Bitcoin Trust ETF,BlackRock,BTC,0.25,18.955,-80.45,0.8515,34878700,3-1
209,IBIT,0.36965,0.56035,67.66,2025-07-24,iShares Bitcoin Trust ETF,BlackRock,BTC,0.25,18.8631,66.677,0.8485,33249900,3-4
210,IBIT,0.478133,-0.224454,66.36,2025-07-25,iShares Bitcoin Trust ETF,BlackRock,BTC,0.25,19.599,-21.613,0.8614,53995700,3-2
211,IBIT,0.477288,0.679776,67.1,2025-07-28,iShares Bitcoin Trust ETF,BlackRock,BTC,0.25,19.5933,80.113,0.8582,38748000,3-4
212,IBIT,0.474152,-0.17692,66.71,2025-07-29,iShares Bitcoin Trust ETF,BlackRock,BTC,0.25,19.572,-16.266,0.8539,38407300,3-2
213,IBIT,0.422684,-0.661593,66.37,2025-07-30,iShares Bitcoin Trust ETF,BlackRock,BTC,0.25,19.2229,-70.791,0.8548,40903100,3-1
214,IBIT,0.39237,-0.155027,66.32,2025-07-31,iShares Bitcoin Trust ETF,BlackRock,BTC,0.25,19.0172,-13.803,0.8285,41463100,3-2
215,IBIT,0.444683,-0.144622,64.22,2025-08-01,iShares Bitcoin Trust ETF,BlackRock,BTC,0.25,19.3721,-12.632,0.8567,69829700,3-2
216,IBIT,0.442611,-0.766896,65.2,2025-08-04,iShares Bitcoin Trust ETF,BlackRock,BTC,0.25,19.3581,-82.638,0.8578,29985200,3-1
217,IBIT,0.44783,-0.517195,64.55,2025-08-05,iShares Bitcoin Trust ETF,BlackRock,BTC,0.25,19.3935,-54.546,0.8642,31327700,3-2
218,IBIT,0.433967,0.591123,65.51,2025-08-06,iShares Bitcoin Trust ETF,BlackRock,BTC,0.25,19.2994,70.139,0.8717,26866700,3-4
219,IBIT,0.23987,-0.518769,66.83,2025-08-07,iShares Bitcoin Trust ETF,BlackRock,BTC,0.25,17.9827,-54.723,0.8704,41363900,3-2
220,IBIT,-0.295819,0.313064,66.13,2025-08-08,iShares Bitcoin Trust ETF,BlackRock,BTC,0.25,14.3487,38.858,0.8618,29121400,2-3
221,IBIT,-0.255001,0.811203,67.64,2025-08-11,iShares Bitcoin Trust ETF,BlackRock,BTC,0.25,14.6256,94.898,0.8636,43158500,2-4
222,IBIT,-0.405706,0.561859,67.95,2025-08-12,iShares Bitcoin Trust ETF,BlackRock,BTC,0.25,13.6032,66.847,0.8602,33459300,2-4
223,IBIT,-0.639509,0.275752,69.84,2025-08-13,iShares Bitcoin Trust ETF,BlackRock,BTC,0.25,12.0171,34.66,0.869,54824600,2-3
224,IBIT,-0.655905,-0.26158,67.03,2025-08-14,iShares Bitcoin Trust ETF,BlackRock,BTC,0.25,11.9059,-25.79,0.8845,71199600,2-2
225,IBIT,-0.675959,-0.000212,66.44,2025-08-15,iShares Bitcoin Trust ETF,BlackRock,BTC,0.25,11.7698,3.614,0.883,39585100,1-3
226,IBIT,-0.671222,-0.41918,66.05,2025-08-18,iShares Bitcoin Trust ETF,BlackRock,BTC,0.25,11.802,-43.52,0.8934,33918500,1-2
227,IBIT,-0.679228,-0.077035,64.19,2025-08-19,iShares Bitcoin Trust ETF,BlackRock,BTC,0.25,11.7477,-5.028,0.8907,56556200,1-2
228,IBIT,-0.679923,-0.564184,64.9,2025-08-20,iShares Bitcoin Trust ETF,BlackRock,BTC,0.25,11.7429,-59.833,0.9188,40798800,1-1
229,IBIT,-0.734717,-0.484082,63.69,2025-08-21,iShares Bitcoin Trust ETF,BlackRock,BTC,0.25,11.3712,-50.821,0.9248,34187100,1-2
230,IBIT,-0.892106,-0.016931,66.25,2025-08-22,iShares Bitcoin Trust ETF,BlackRock,BTC,0.25,10.3035,1.733,0.921,66739200,1-2
231,IBIT,-0.964621,-0.051071,62.88,2025-08-25,iShares Bitcoin Trust ETF,BlackRock,BTC,0.25,9.8116,-2.107,0.9195,55863400,1-2
232,IBIT,-0.895165,-0.799555,63.1,2025-08-26,iShares Bitcoin Trust ETF,BlackRock,BTC,0.25,10.2828,-86.312,0.9172,41469300,1-1
233,IBIT,-0.749454,0.461336,63.65,2025-08-27,iShares Bitcoin Trust ETF,BlackRock,BTC,0.25,11.2713,55.538,0.9269,33800800,1-3
234,IBIT,-0.799812,-0.282567,63.58,2025-08-28,iShares Bitcoin Trust ETF,BlackRock,BTC,0.25,10.9296,-28.151,0.9259,30895800,1-2
235,IBIT,-0.971407,-0.576135,61.44,2025-08-29,iShares Bitcoin Trust ETF,BlackRock,BTC,0.25,9.7656,-61.177,0.9232,52647000,1-1
236,IBIT,-0.974153,-0.693458,62.97,2025-09-02,iShares Bitcoin Trust ETF,BlackRock,BTC,0.25,9.7469,-74.376,0.9219,46457400,1-1
237,IBIT,-0.918916,0.9659,63.77,2025-09-03,iShares Bitcoin Trust ETF,BlackRock,BTC,0.25,10.1216,112.302,0.9248,34218100,1-4
238,IBIT,-0.802874,-1.472341,62.35,2025-09-04,iShares Bitcoin Trust ETF,BlackRock,BTC,0.25,10.9089,-162.0,0.9562,32780400,1-1
239,IBIT,-0.540004,1.166757,63.42,2025-09-05,iShares Bitcoin Trust ETF,BlackRock,BTC,0.25,12.6921,134.898,0.9557,47921800,2-4
240,IBIT,-0.509431,0.447327,63.7,2025-09-08,iShares Bitcoin Trust ETF,BlackRock,BTC,0.25,12.8995,53.962,0.9554,37129800,2-3
241,IBIT,-0.551502,0.085309,63.22,2025-09-09,iShares Bitcoin Trust ETF,BlackRock,BTC,0.25,12.6141,13.235,0.9641,36145400,2-3
242,IBIT,-0.574336,-0.671912,64.53,2025-09-10,iShares Bitcoin Trust ETF,BlackRock,BTC,0.25,12.4592,-71.952,0.9643,45183000,2-1
243,IBIT,-0.579205,0.104715,65.03,2025-09-11,iShares Bitcoin Trust ETF,BlackRock,BTC,0.25,12.4262,15.418,0.954,34658200,2-3
244,IBIT,-0.401535,-0.064377,66.38,2025-09-12,iShares Bitcoin Trust ETF,BlackRock,BTC,0.25,13.6315,-3.604,0.937,48551100,2-2
245,IBIT,-0.357012,-0.084678,65.5,2025-09-15,iShares Bitcoin Trust ETF,BlackRock,BTC,0.25,13.9335,-5.888,0.9406,34018400,2-2
246,IBIT,-0.360756,0.330364,66.37,2025-09-16,iShares Bitcoin Trust ETF,BlackRock,BTC,0.25,13.9081,40.804,0.949,33920600,2-3
247,IBIT,-0.326346,-0.314148,65.67,2025-09-17,iShares Bitcoin Trust ETF,BlackRock,BTC,0.25,14.1416,-31.704,0.9719,46293700,2-2
248,IBIT,-0.246676,1.102682,66.75,2025-09-18,iShares Bitcoin Trust ETF,BlackRock,BTC,0.25,14.682,127.69,0.9714,38481200,2-4
249,IBIT,-0.204364,-1.077129,65.37,2025-09-19,iShares Bitcoin Trust ETF,BlackRock,BTC,0.25,14.9691,-117.539,0.9732,32989400,2-1
250,IBIT,-0.212697,-0.502975,63.65,2025-09-22,iShares Bitcoin Trust ETF,BlackRock,BTC,0.25,14.9125,-52.947,0.9755,42504100,2-2
251,IBIT,-0.212339,-0.430204,63.41,2025-09-23,iShares Bitcoin Trust ETF,BlackRock,BTC,0.25,14.915,-44.76,0.9747,40145000,2-2
252,IBIT,-0.271892,0.626406,64.42,2025-09-24,iShares Bitcoin Trust ETF,BlackRock,BTC,0.25,14.511,74.109,0.9772,30977600,2-4
253,IBIT,-0.396508,-0.272607,62.1,2025-09-25,iShares Bitcoin Trust ETF,BlackRock,BTC,0.25,13.6656,-27.03,0.9694,63817400,2-2
254,IBIT,-0.450662,-0.232619,61.94,2025-09-26,iShares Bitcoin Trust ETF,BlackRock,BTC,0.25,13.2982,-22.532,0.9483,48826000,2-2
255,IBIT,-0.412911,0.557201,64.97,2025-09-29,iShares Bitcoin Trust ETF,BlackRock,BTC,0.25,13.5543,66.323,0.9662,51102300,2-4
256,IBIT,-0.406867,0.626757,65.0,2025-09-30,iShares Bitcoin Trust ETF,BlackRock,BTC,0.25,13.5953,74.148,0.9651,38099900,2-4
257,IBIT,-0.372179,-0.737776,66.74,2025-10-01,iShares Bitcoin Trust ETF,BlackRock,BTC,0.25,13.8306,-79.362,0.9464,57783300,2-1
258,IBIT,-0.379644,0.436357,68.77,2025-10-02,iShares Bitcoin Trust ETF,BlackRock,BTC,0.25,13.78,52.728,0.949,62252200,2-3
259,IBIT,-0.599343,1.358042,69.81,2025-10-03,iShares Bitcoin Trust ETF,BlackRock,BTC,0.25,12.2896,156.418,0.9941,83244100,2-4
260,IBIT,-0.65116,0.817743,71.29,2025-10-06,iShares Bitcoin Trust ETF,BlackRock,BTC,0.25,11.9381,95.634,0.9798,68777400,2-4
261,IBIT,-0.642298,0.141349,69.13,2025-10-07,iShares Bitcoin Trust ETF,BlackRock,BTC,0.25,11.9982,19.54,0.9892,81680200,2-3
262,IBIT,-0.638507,0.950496,70.06,2025-10-08,iShares Bitcoin Trust ETF,BlackRock,BTC,0.25,12.0239,110.569,0.9778,54245600,2-4
263,IBIT,-0.631847,-0.803403,68.74,2025-10-09,iShares Bitcoin Trust ETF,BlackRock,BTC,0.25,12.0691,-86.745,0.9758,55757600,2-1
264,IBIT,-0.286789,1.415479,66.2,2025-10-10,iShares Bitcoin Trust ETF,BlackRock,BTC,0.25,14.4099,162.879,0.8939,104949200,2-4
265,IBIT,-0.017394,-0.625885,65.81,2025-10-13,iShares Bitcoin Trust ETF,BlackRock,BTC,0.25,16.2375,-66.774,0.8776,71877400,3-1
266,IBIT,0.07212,-1.369443,63.91,2025-10-14,iShares Bitcoin Trust ETF,BlackRock,BTC,0.25,16.8447,-150.424,0.8856,75710400,3-1
267,IBIT,0.06804,-0.612034,63.17,2025-10-15,iShares Bitcoin Trust ETF,BlackRock,BTC,0.25,16.817,-65.216,0.8784,49569100,3-1
268,IBIT,0.023616,-0.707351,61.43,2025-10-16,iShares Bitcoin Trust ETF,BlackRock,BTC,0.25,16.5157,-75.939,0.8841,89080600,3-1
269,IBIT,-0.016591,-3.247538,60.47,2025-10-17,iShares Bitcoin Trust ETF,BlackRock,BTC,0.25,16.2429,-361.71,0.8852,94055300,3-1
270,IBIT,0.004973,-0.781934,62.93,2025-10-20,iShares Bitcoin Trust ETF,BlackRock,BTC,0.25,16.3892,-84.33,0.8912,51770200,3-1
271,IBIT,0.353464,2.626163,63.49,2025-10-21,iShares Bitcoin Trust ETF,BlackRock,BTC,0.25,18.7533,299.081,0.8753,82011100,3-4
272,IBIT,0.794399,-0.647008,61.21,2025-10-22,iShares Bitcoin Trust ETF,BlackRock,BTC,0.25,21.7445,-69.15,0.8812,72451100,4-1
273,IBIT,0.797812,0.193765,62.56,2025-10-23,iShares Bitcoin Trust ETF,BlackRock,BTC,0.25,21.7677,25.437,0.8831,41591300,4-3
274,IBIT,0.773221,0.026769,62.83,2025-10-24,iShares Bitcoin Trust ETF,BlackRock,BTC,0.25,21.6009,6.649,0.8902,39980900,4-3
275,IBIT,0.834105,0.714129,65.28,2025-10-27,iShares Bitcoin Trust ETF,BlackRock,BTC,0.25,22.0139,83.977,0.8936,49298000,4-4
276,IBIT,0.833006,-1.841851,64.49,2025-10-28,iShares Bitcoin Trust ETF,BlackRock,BTC,0.25,22.0064,-203.57,0.8939,47609800,4-1
277,IBIT,0.786683,0.479786,62.75,2025-10-29,iShares Bitcoin Trust ETF,BlackRock,BTC,0.25,21.6922,57.614,0.8965,76944400,4-3
278,IBIT,0.923613,-1.845439,60.4,2025-10-30,iShares Bitcoin Trust ETF,BlackRock,BTC,0.25,22.6211,-203.974,0.9055,57355600,4-1
279,IBIT,1.117497,0.283335,62.3,2025-10-31,iShares Bitcoin Trust ETF,BlackRock,BTC,0.25,23.9364,35.513,0.9129,47300700,4-3
280,IBIT,1.11805,-1.237495,60.53,2025-11-03,iShares Bitcoin Trust ETF,BlackRock,BTC,0.25,23.9401,-135.58,0.9148,51820400,4-1
281,IBIT,1.167909,-2.099637,57.18,2025-11-04,iShares Bitcoin Trust ETF,BlackRock,BTC,0.25,24.2784,-232.571,0.9282,105318000,4-1
282,IBIT,1.208914,-0.943863,58.92,2025-11-05,iShares Bitcoin Trust ETF,BlackRock,BTC,0.25,24.5566,-102.547,0.9375,51487200,4-1
283,IBIT,1.205347,0.723993,57.26,2025-11-06,iShares Bitcoin Trust ETF,BlackRock,BTC,0.25,24.5324,85.087,0.9379,54876200,4-4
284,IBIT,0.915624,-0.311388,58.88,2025-11-07,iShares Bitcoin Trust ETF,BlackRock,BTC,0.25,22.5669,-31.393,0.9415,64022300,4-2
285,IBIT,0.72914,-0.152744,60.19,2025-11-10,iShares Bitcoin Trust ETF,BlackRock,BTC,0.25,21.3018,-13.546,0.9401,51036700,4-2
286,IBIT,0.667018,0.626133,58.35,2025-11-11,iShares Bitcoin Trust ETF,BlackRock,BTC,0.25,20.8804,74.078,0.9439,33993800,4-4
287,IBIT,0.642829,-0.243028,57.59,2025-11-12,iShares Bitcoin Trust ETF,BlackRock,BTC,0.25,20.7163,-23.703,0.944,41656400,4-2
288,IBIT,0.74206,-1.296388,55.59,2025-11-13,iShares Bitcoin Trust ETF,BlackRock,BTC,0.25,21.3895,-142.206,0.9527,78277800,4-1
289,IBIT,0.817979,-1.00228,53.475,2025-11-14,iShares Bitcoin Trust ETF,BlackRock,BTC,0.25,21.9045,-109.118,0.9326,94217100,4-1
290,IBIT,0.800063,-1.135779,52.1,2025-11-17,iShares Bitcoin Trust ETF,BlackRock,BTC,0.25,21.783,-124.137,0.9302,92045900,4-1
291,IBIT,0.453163,-0.603678,52.66,2025-11-18,iShares Bitcoin Trust ETF,BlackRock,BTC,0.25,19.4296,-64.276,0.937,75629000,3-1
292,IBIT,0.248733,-2.491187,50.73,2025-11-19,iShares Bitcoin Trust ETF,BlackRock,BTC,0.25,18.0428,-276.62,0.9515,94744600,3-1
293,IBIT,0.381156,0.320652,48.96,2025-11-20,iShares Bitcoin Trust ETF,BlackRock,BTC,0.25,18.9412,39.711,0.9282,122462500,3-3
294,IBIT,0.381631,-1.083632,47.97,2025-11-21,iShares Bitcoin Trust ETF,BlackRock,BTC,0.25,18.9444,-118.271,0.9349,168213500,3-1
295,IBIT,0.448266,0.759144,50.57,2025-11-24,iShares Bitcoin Trust ETF,BlackRock,BTC,0.25,19.3964,89.042,0.9571,82759100,3-4
296,IBIT,0.486405,-0.313341,49.56,2025-11-25,iShares Bitcoin Trust ETF,BlackRock,BTC,0.25,19.6552,-31.613,0.9588,65052800,3-2
297,IBIT,0.488691,1.221769,51.03,2025-11-26,iShares Bitcoin Trust ETF,BlackRock,BTC,0.25,19.6707,141.087,0.9517,66507200,3-4
298,IBIT,0.233569,0.426064,51.55,2025-11-28,iShares Bitcoin Trust ETF,BlackRock,BTC,0.25,17.94,51.57,0.9509,47334600,3-3
299,IBIT,0.042469,-0.226235,48.5,2025-12-01,iShares Bitcoin Trust ETF,BlackRock,BTC,0.25,16.6436,-21.813,0.9636,89232100,3-2
300,IBIT,0.086405,-1.099284,51.67,2025-12-02,iShares Bitcoin Trust ETF,BlackRock,BTC,0.25,16.9416,-120.031,0.9797,72757600,3-1
301,IBIT,0.00233,-0.43352,52.74,2025-12-03,iShares Bitcoin Trust ETF,BlackRock,BTC,0.25,16.3713,-45.133,0.978,57151700,3-2
302,IBIT,0.016681,0.896374,52.51,2025-12-04,iShares Bitcoin Trust ETF,BlackRock,BTC,0.25,16.4686,104.48,0.9754,40571700,3-4
303,IBIT,0.020216,-0.120349,50.69,2025-12-05,iShares Bitcoin Trust ETF,BlackRock,BTC,0.25,16.4926,-9.901,0.9812,55578500,3-2
304,IBIT,-0.0259,1.088933,51.52,2025-12-08,iShares Bitcoin Trust ETF,BlackRock,BTC,0.25,16.1797,126.143,0.979,43121800,3-4
305,IBIT,-0.016838,0.705844,52.85,2025-12-09,iShares Bitcoin Trust ETF,BlackRock,BTC,0.25,16.2412,83.045,0.9809,55905900,3-4
306,IBIT,-0.024915,0.957275,52.49,2025-12-10,iShares Bitcoin Trust ETF,BlackRock,BTC,0.25,16.1864,111.331,0.9803,56217000,3-4
307,IBIT,0.063407,-1.073776,52.1,2025-12-11,iShares Bitcoin Trust ETF,BlackRock,BTC,0.25,16.7856,-117.162,0.9778,50372600,3-1
308,IBIT,-0.075451,-0.014568,51.2,2025-12-12,iShares Bitcoin Trust ETF,BlackRock,BTC,0.25,15.8436,1.999,0.9722,47356200,2-2
309,IBIT,-0.127464,-0.981122,48.66,2025-12-15,iShares Bitcoin Trust ETF,BlackRock,BTC,0.25,15.4907,-106.738,0.9779,73130500,2-1
310,IBIT,-0.111324,-0.821206,49.71,2025-12-16,iShares Bitcoin Trust ETF,BlackRock,BTC,0.25,15.6002,-88.748,0.9798,56074700,2-1
311,IBIT,-0.11412,-0.949899,48.71,2025-12-17,iShares Bitcoin Trust ETF,BlackRock,BTC,0.25,15.5813,-103.226,0.9803,79012800,2-1
312,IBIT,-0.399109,-0.513278,47.96,2025-12-18,iShares Bitcoin Trust ETF,BlackRock,BTC,0.25,13.6479,-54.106,0.9792,71534600,2-2
313,IBIT,-0.489529,-0.21358,49.91,2025-12-19,iShares Bitcoin Trust ETF,BlackRock,BTC,0.25,13.0346,-20.39,0.988,62739200,2-2
314,IBIT,-0.499949,0.454854,50.09,2025-12-22,iShares Bitcoin Trust ETF,BlackRock,BTC,0.25,12.9639,54.809,0.9897,50019100,2-3
315,IBIT,-0.74556,0.264695,49.65,2025-12-23,iShares Bitcoin Trust ETF,BlackRock,BTC,0.25,11.2977,33.416,0.9823,43757600,1-3
316,IBIT,-0.79933,-0.170063,49.46,2025-12-24,iShares Bitcoin Trust ETF,BlackRock,BTC,0.25,10.9329,-15.494,0.9813,22759300,1-2
317,IBIT,-0.781684,1.101251,49.61,2025-12-26,iShares Bitcoin Trust ETF,BlackRock,BTC,0.25,11.0526,127.529,0.9946,38333100,1-4
318,IBIT,-0.804771,-0.017393,49.38,2025-12-29,iShares Bitcoin Trust ETF,BlackRock,BTC,0.25,10.896,1.681,0.9872,32269300,1-2
319,IBIT,-0.88909,-0.432584,49.83,2025-12-30,iShares Bitcoin Trust ETF,BlackRock,BTC,0.25,10.324,-45.028,0.9836,44071800,1-2
320,IBIT,-0.905137,-0.12422,49.65,2025-12-31,iShares Bitcoin Trust ETF,BlackRock,BTC,0.25,10.2151,-10.337,0.9818,33834300,1-2
321,IBIT,-0.910215,0.305411,50.94,2026-01-02,iShares Bitcoin Trust ETF,BlackRock,BTC,0.25,10.1807,37.997,0.9787,65968800,1-3
322,IBIT,-0.976484,0.255933,53.46,2026-01-05,iShares Bitcoin Trust ETF,BlackRock,BTC,0.25,9.7311,32.43,0.9868,76547400,1-3
323,IBIT,-0.730248,-1.047493,52.45,2026-01-06,iShares Bitcoin Trust ETF,BlackRock,BTC,0.25,11.4015,-114.205,0.9844,54907400,1-1
324,IBIT,-0.651323,0.296147,51.54,2026-01-07,iShares Bitcoin Trust ETF,BlackRock,BTC,0.25,11.937,36.955,1.0399,44367000,2-3
325,IBIT,-0.655214,-0.041995,51.52,2026-01-08,iShares Bitcoin Trust ETF,BlackRock,BTC,0.25,11.9106,-1.086,1.054,42787300,2-2
326,IBIT,-0.655164,-0.028147,51.16,2026-01-09,iShares Bitcoin Trust ETF,BlackRock,BTC,0.25,11.9109,0.471,1.0502,39688400,2-2
327,IBIT,-0.763487,-0.039479,51.87,2026-01-12,iShares Bitcoin Trust ETF,BlackRock,BTC,0.25,11.1761,-0.803,1.0566,40729100,1-2
328,IBIT,-0.63928,0.295249,53.57,2026-01-13,iShares Bitcoin Trust ETF,BlackRock,BTC,0.25,12.0187,36.853,1.0376,65696700,2-3
329,IBIT,-0.477873,0.927246,55.44,2026-01-14,iShares Bitcoin Trust ETF,BlackRock,BTC,0.25,13.1136,107.953,1.0459,85891200,2-4
330,IBIT,-0.396919,-0.330354,54.0,2026-01-15,iShares Bitcoin Trust ETF,BlackRock,BTC,0.25,13.6628,-33.527,1.0495,50521000,2-2
331,IBIT,-0.382719,0.184262,54.24,2026-01-16,iShares Bitcoin Trust ETF,BlackRock,BTC,0.25,13.7591,24.367,1.063,43292300,2-3
332,IBIT,-0.301304,0.957136,50.76,2026-01-20,iShares Bitcoin Trust ETF,BlackRock,BTC,0.25,14.3114,111.316,1.03,76481100,2-4
333,IBIT,-0.326193,1.68841,51.11,2026-01-21,iShares Bitcoin Trust ETF,BlackRock,BTC,0.25,14.1426,193.584,1.0285,70127800,2-4
334,IBIT,-0.259033,-0.662808,50.67,2026-01-22,iShares Bitcoin Trust ETF,BlackRock,BTC,0.25,14.5982,-70.928,1.0289,49100900,2-1
335,IBIT,-0.265588,0.351187,50.7,2026-01-23,iShares Bitcoin Trust ETF,BlackRock,BTC,0.25,14.5537,43.146,1.0214,48026600,2-3
336,IBIT,-0.260104,-0.664125,49.65,2026-01-26,iShares Bitcoin Trust ETF,BlackRock,BTC,0.25,14.5909,-71.076,1.0227,43973100,2-1
337,IBIT,-0.223955,-1.080582,50.63,2026-01-27,iShares Bitcoin Trust ETF,BlackRock,BTC,0.25,14.8362,-117.927,1.0255,51840700,2-1
338,IBIT,-0.221823,-0.888596,50.51,2026-01-28,iShares Bitcoin Trust ETF,BlackRock,BTC,0.25,14.8506,-96.329,1.0185,42931400,2-1
339,IBIT,-0.223504,-0.491969,47.6,2026-01-29,iShares Bitcoin Trust ETF,BlackRock,BTC,0.25,14.8392,-51.709,1.0177,113944200,2-2
340,IBIT,-0.247226,-0.244008,47.49,2026-01-30,iShares Bitcoin Trust ETF,BlackRock,BTC,0.25,14.6783,-23.813,1.0174,72346100,2-2
341,IBIT,-0.240178,0.034271,44.22,2026-02-02,iShares Bitcoin Trust ETF,BlackRock,BTC,0.25,14.7261,7.493,1.0139,106528100,2-3
342,IBIT,-0.049979,0.789732,43.3,2026-02-03,iShares Bitcoin Trust ETF,BlackRock,BTC,0.25,16.0164,92.483,0.9952,125821800,2-4
343,IBIT,-0.233796,0.577821,41.57,2026-02-04,iShares Bitcoin Trust ETF,BlackRock,BTC,0.25,14.7694,68.643,0.9974,110932700,2-4
344,IBIT,-0.262037,1.643122,36.1,2026-02-05,iShares Bitcoin Trust ETF,BlackRock,BTC,0.25,14.5778,188.489,0.9709,284371500,2-4
345,IBIT,-0.082334,-0.082661,39.68,2026-02-06,iShares Bitcoin Trust ETF,BlackRock,BTC,0.25,15.7969,-5.661,0.9412,163384200,2-2
346,IBIT,0.07449,1.708902,40.11,2026-02-09,iShares Bitcoin Trust ETF,BlackRock,BTC,0.25,16.8608,195.889,0.9403,77526100,3-4
347,IBIT,0.129097,-0.888881,38.97,2026-02-10,iShares Bitcoin Trust ETF,BlackRock,BTC,0.25,17.2312,-96.361,0.9419,61505400,3-1
348,IBIT,0.039912,0.264011,38.29,2026-02-11,iShares Bitcoin Trust ETF,BlackRock,BTC,0.25,16.6262,33.339,0.9373,71103800,3-3
349,IBIT,0.155943,-2.295334,37.05,2026-02-12,iShares Bitcoin Trust ETF,BlackRock,BTC,0.25,17.4133,-254.587,0.9466,62511900,3-1
350,IBIT,0.192472,0.353746,38.97,2026-02-13,iShares Bitcoin Trust ETF,BlackRock,BTC,0.25,17.6611,43.434,0.9537,65553100,3-3
351,IBIT,0.189429,-0.760006,38.39,2026-02-17,iShares Bitcoin Trust ETF,BlackRock,BTC,0.25,17.6405,-81.863,0.9526,54882700,3-1
352,IBIT,0.091738,-0.437723,37.54,2026-02-18,iShares Bitcoin Trust ETF,BlackRock,BTC,0.25,16.9778,-45.606,0.9506,50091300,3-2
353,IBIT,0.105018,-0.520602,38.07,2026-02-19,iShares Bitcoin Trust ETF,BlackRock,BTC,0.25,17.0679,-54.93,0.9619,44587900,3-2
354,IBIT,0.071309,0.921291,38.42,2026-02-20,iShares Bitcoin Trust ETF,BlackRock,BTC,0.25,16.8392,107.283,0.9599,62202100,3-4
355,IBIT,0.072126,-0.375415,36.55,2026-02-23,iShares Bitcoin Trust ETF,BlackRock,BTC,0.25,16.8447,-38.596,0.9509,61935300,3-2
356,IBIT,0.073927,-0.080562,36.53,2026-02-24,iShares Bitcoin Trust ETF,BlackRock,BTC,0.25,16.857,-5.425,0.9499,47064700,3-2
357,IBIT,0.136442,1.859535,39.23,2026-02-25,iShares Bitcoin Trust ETF,BlackRock,BTC,0.25,17.2811,212.835,0.9644,79921100,3-4
358,IBIT,0.311421,-0.2888,38.26,2026-02-26,iShares Bitcoin Trust ETF,BlackRock,BTC,0.25,18.4681,-28.852,0.9643,51941100,3-2
359,IBIT,0.314811,-0.288105,37.19,2026-02-27,iShares Bitcoin Trust ETF,BlackRock,BTC,0.25,18.4911,-28.774,0.9592,48597800,3-2
360,IBIT,0.374563,0.829545,39.195,2026-03-02,iShares Bitcoin Trust ETF,BlackRock,BTC,0.25,18.8964,96.962,0.959,101283200,3-4
361,IBIT,0.387343,-0.355465,38.7,2026-03-03,iShares Bitcoin Trust ETF,BlackRock,BTC,0.25,18.9831,-36.352,0.9599,70667500,3-2
362,IBIT,0.241343,-0.966648,41.44,2026-03-04,iShares Bitcoin Trust ETF,BlackRock,BTC,0.25,17.9927,-105.11,0.9681,115483500,3-1
363,IBIT,0.224038,0.573846,40.39,2026-03-05,iShares Bitcoin Trust ETF,BlackRock,BTC,0.25,17.8753,68.196,0.9663,61402200,3-4
364,IBIT,0.226043,0.407777,38.6,2026-03-06,iShares Bitcoin Trust ETF,BlackRock,BTC,0.25,17.8889,49.513,0.9689,57220300,3-3
365,IBIT,0.127737,0.281845,39.13,2026-03-09,iShares Bitcoin Trust ETF,BlackRock,BTC,0.25,17.222,35.346,0.9686,73613500,3-3
366,IBIT,-0.004436,0.225341,39.71,2026-03-10,iShares Bitcoin Trust ETF,BlackRock,BTC,0.25,16.3254,28.989,0.9665,62965500,3-3
367,IBIT,-0.057927,-0.001564,40.07,2026-03-11,iShares Bitcoin Trust ETF,BlackRock,BTC,0.25,15.9625,3.462,0.9686,46499500,2-2
368,IBIT,-0.061045,-0.577696,39.95,2026-03-12,iShares Bitcoin Trust ETF,BlackRock,BTC,0.25,15.9413,-61.353,0.9694,42455300,2-1
369,IBIT,-0.377166,0.452593,40.37,2026-03-13,iShares Bitcoin Trust ETF,BlackRock,BTC,0.25,13.7968,54.555,0.9657,83099400,2-3
370,IBIT,-0.3756,-1.567602,41.94,2026-03-16,iShares Bitcoin Trust ETF,BlackRock,BTC,0.25,13.8074,-172.717,0.9553,61056300,2-1
371,IBIT,-0.123694,0.783354,42.27,2026-03-17,iShares Bitcoin Trust ETF,BlackRock,BTC,0.25,15.5163,91.765,0.9526,41259400,2-4
372,IBIT,-0.042952,-0.868247,40.26,2026-03-18,iShares Bitcoin Trust ETF,BlackRock,BTC,0.25,16.0641,-94.04,0.9576,64030000,3-1
373,IBIT,-0.037819,0.372902,39.82,2026-03-19,iShares Bitcoin Trust ETF,BlackRock,BTC,0.25,16.0989,45.589,0.9519,58778600,3-3
374,IBIT,-0.003138,-0.825956,39.77,2026-03-20,iShares Bitcoin Trust ETF,BlackRock,BTC,0.25,16.3342,-89.282,0.9505,50329600,3-1
375,IBIT,-0.002346,0.472057,40.05,2026-03-23,iShares Bitcoin Trust ETF,BlackRock,BTC,0.25,16.3395,56.744,0.9511,49007900,3-3
376,IBIT,0.070769,-2.543629,39.28,2026-03-24,iShares Bitcoin Trust ETF,BlackRock,BTC,0.25,16.8355,-282.52,0.9518,54512900,3-1
377,IBIT,0.022995,-0.308218,40.17,2026-03-25,iShares Bitcoin Trust ETF,BlackRock,BTC,0.25,16.5114,-31.037,0.954,41787900,3-2
378,IBIT,-0.157229,-0.919565,38.82,2026-03-26,iShares Bitcoin Trust ETF,BlackRock,BTC,0.25,15.2888,-99.813,0.9539,43649100,2-1
379,IBIT,-0.173587,-0.301264,37.4,2026-03-27,iShares Bitcoin Trust ETF,BlackRock,BTC,0.25,15.1779,-30.254,0.9558,66924500,2-2
380,IBIT,-0.256894,-0.244298,37.68,2026-03-30,iShares Bitcoin Trust ETF,BlackRock,BTC,0.25,14.6127,-23.846,0.9566,41352900,2-2
381,IBIT,-0.274776,0.7928,38.42,2026-03-31,iShares Bitcoin Trust ETF,BlackRock,BTC,0.25,14.4914,92.828,0.956,51580700,2-4
382,IBIT,-0.273281,0.447999,38.64,2026-04-01,iShares Bitcoin Trust ETF,BlackRock,BTC,0.25,14.5015,54.038,0.9519,34296500,2-3
383,IBIT,-0.273215,0.376911,37.97,2026-04-02,iShares Bitcoin Trust ETF,BlackRock,BTC,0.25,14.502,46.04,0.9528,34264400,2-3
384,IBIT,-0.217626,1.682879,39.52,2026-04-06,iShares Bitcoin Trust ETF,BlackRock,BTC,0.25,14.8791,192.962,0.9597,40428400,2-4
385,IBIT,1.028596,-3.097975,39.1,2026-04-07,iShares Bitcoin Trust ETF,BlackRock,BTC,0.25,23.3333,-344.884,0.9303,30502000,4-1
386,IBIT,1.780613,1.007837,40.42,2026-04-08,iShares Bitcoin Trust ETF,BlackRock,BTC,0.25,28.4349,117.02,0.9264,60582600,4-4
387,IBIT,1.776134,0.636719,40.91,2026-04-09,iShares Bitcoin Trust ETF,BlackRock,BTC,0.25,28.4045,75.269,0.9261,33030900,4-4
388,IBIT,1.758374,0.714082,41.56,2026-04-10,iShares Bitcoin Trust ETF,BlackRock,BTC,0.25,28.284,83.972,0.9311,34798000,4-4
389,IBIT,1.862053,-1.972449,41.59,2026-04-13,iShares Bitcoin Trust ETF,BlackRock,BTC,0.25,28.9874,-218.262,0.9211,42989000,4-1
390,IBIT,1.899307,4.076691,42.13,2026-04-14,iShares Bitcoin Trust ETF,BlackRock,BTC,0.25,29.2401,462.265,0.9196,68489800,4-4
391,IBIT,1.771286,0.402799,42.56,2026-04-15,iShares Bitcoin Trust ETF,BlackRock,BTC,0.25,28.3716,48.953,0.9198,35561300,4-3
392,IBIT,1.707088,0.047694,42.73,2026-04-16,iShares Bitcoin Trust ETF,BlackRock,BTC,0.25,27.9361,9.004,0.9258,37189200,4-3
393,IBIT,1.696192,0.374257,43.94,2026-04-17,iShares Bitcoin Trust ETF,BlackRock,BTC,0.25,27.8622,45.742,0.928,80357500,4-3
394,IBIT,1.66066,1.928382,43.25,2026-04-20,iShares Bitcoin Trust ETF,BlackRock,BTC,0.25,27.6211,220.581,0.9285,37820900,4-4
395,IBIT,1.847734,-1.604894,42.51,2026-04-21,iShares Bitcoin Trust ETF,BlackRock,BTC,0.25,28.8902,-176.913,0.9259,30898300,4-1
396,IBIT,2.04128,0.752541,44.75,2026-04-22,iShares Bitcoin Trust ETF,BlackRock,BTC,0.25,30.2032,88.299,0.9344,51415300,4-4
397,IBIT,2.103648,-0.692085,44.05,2026-04-23,iShares Bitcoin Trust ETF,BlackRock,BTC,0.25,30.6263,-74.222,0.9322,40169200,4-1
398,IBIT,2.126633,-0.230033,44.02,2026-04-24,iShares Bitcoin Trust ETF,BlackRock,BTC,0.25,30.7822,-22.241,0.9314,28637100,4-2
399,IBIT,2.155403,-1.016007,43.56,2026-04-27,iShares Bitcoin Trust ETF,BlackRock,BTC,0.25,30.9774,-110.663,0.9249,31999800,4-1
400,IBIT,2.162282,1.529474,43.27,2026-04-28,iShares Bitcoin Trust ETF,BlackRock,BTC,0.25,31.0241,175.704,0.9242,23774400,4-4
401,IBIT,2.169776,-1.505994,42.75,2026-04-29,iShares Bitcoin Trust ETF,BlackRock,BTC,0.25,31.0749,-165.786,0.916,33991100,4-1
402,IBIT,2.165186,0.571319,43.32,2026-04-30,iShares Bitcoin Trust ETF,BlackRock,BTC,0.25,31.0438,67.911,0.9251,22965200,4-4
403,IBIT,2.168194,0.105888,44.47,2026-05-01,iShares Bitcoin Trust ETF,BlackRock,BTC,0.25,31.0642,15.55,0.9223,46151400,4-3
404,IBIT,2.124666,1.077346,45.4,2026-05-04,iShares Bitcoin Trust ETF,BlackRock,BTC,0.25,30.7689,124.839,0.9205,62909400,4-4
405,IBIT,1.132623,1.111659,46.28,2026-05-05,iShares Bitcoin Trust ETF,BlackRock,BTC,0.25,24.039,128.7,0.9708,43996200,4-4
406,IBIT,0.365174,0.864484,46.19,2026-05-06,iShares Bitcoin Trust ETF,BlackRock,BTC,0.25,18.8327,100.892,0.974,36051300,3-4
407,IBIT,0.35919,0.235459,45.4,2026-05-07,iShares Bitcoin Trust ETF,BlackRock,BTC,0.25,18.7921,30.127,0.9676,31868200,3-3
408,IBIT,0.359918,-0.197103,45.45,2026-05-08,iShares Bitcoin Trust ETF,BlackRock,BTC,0.25,18.7971,-18.536,0.9748,24590800,3-2
409,IBIT,0.176395,0.007579,46.47,2026-05-11,iShares Bitcoin Trust ETF,BlackRock,BTC,0.25,17.5521,4.491,0.9667,31097100,3-3
410,IBIT,0.032418,-0.503744,45.8,2026-05-12,iShares Bitcoin Trust ETF,BlackRock,BTC,0.25,16.5754,-53.033,0.9527,27407800,3-2
411,IBIT,0.03013,0.150331,45.12,2026-05-13,iShares Bitcoin Trust ETF,BlackRock,BTC,0.25,16.5598,20.55,0.9559,32419900,3-3
412,IBIT,0.031538,0.344173,46.17,2026-05-14,iShares Bitcoin Trust ETF,BlackRock,BTC,0.25,16.5694,42.357,0.9525,44670300,3-3
413,IBIT,0.044569,-0.090662,44.82,2026-05-15,iShares Bitcoin Trust ETF,BlackRock,BTC,0.25,16.6578,-6.561,0.9569,39817900,3-2
414,IBIT,0.049543,-0.708151,43.53,2026-05-18,iShares Bitcoin Trust ETF,BlackRock,BTC,0.25,16.6915,-76.029,0.9621,55893800,3-1
415,IBIT,-0.294928,-0.55877,43.5,2026-05-19,iShares Bitcoin Trust ETF,BlackRock,BTC,0.25,14.3547,-59.224,0.9604,25399900,2-1
416,IBIT,-0.955291,-0.295559,43.99,2026-05-20,iShares Bitcoin Trust ETF,BlackRock,BTC,0.25,9.8749,-29.612,0.9636,21838300,1-2
417,IBIT,-1.258206,-0.533456,44.0,2026-05-21,iShares Bitcoin Trust ETF,BlackRock,BTC,0.25,7.8199,-56.376,0.9335,25781200,1-2
418,IBIT,-1.359655,0.075588,42.96,2026-05-22,iShares Bitcoin Trust ETF,BlackRock,BTC,0.25,7.1317,12.142,0.9263,30066000,1-3
419,IBIT,-1.475107,0.053905,42.99,2026-05-26,iShares Bitcoin Trust ETF,BlackRock,BTC,0.25,6.3485,9.702,0.9196,84084900,1-3
420,IBIT,-1.483066,0.33556,42.45,2026-05-27,iShares Bitcoin Trust ETF,BlackRock,BTC,0.25,6.2945,41.388,0.8953,35159200,1-3
421,IBIT,-1.333398,-0.885348,41.56,2026-05-28,iShares Bitcoin Trust ETF,BlackRock,BTC,0.25,7.3099,-95.964,0.8986,42607600,1-1
422,IBIT,-1.379983,-0.497136,41.63,2026-05-29,iShares Bitcoin Trust ETF,BlackRock,BTC,0.25,6.9938,-52.29,0.8649,40077700,1-2
423,IBIT,-1.392996,-0.863545,40.49,2026-06-01,iShares Bitcoin Trust ETF,BlackRock,BTC,0.25,6.9056,-93.511,0.8653,54539200,1-1
424,IBIT,-1.377075,-0.978053,38.05,2026-06-02,iShares Bitcoin Trust ETF,BlackRock,BTC,0.25,7.0136,-106.393,0.8587,76815200,1-1
425,IBIT,-1.35888,-0.816455,37.0,2026-06-03,iShares Bitcoin Trust ETF,BlackRock,BTC,0.25,7.137,-88.213,0.8461,53124100,1-1
426,IBIT,-0.837685,-1.940158,36.02,2026-06-04,iShares Bitcoin Trust ETF,BlackRock,BTC,0.25,10.6727,-214.63,0.8512,73453900,1-1
427,IBIT,-0.724294,-3.450183,34.14,2026-06-05,iShares Bitcoin Trust ETF,BlackRock,BTC,0.25,11.4419,-384.507,0.8713,111720800,1-1
428,IBIT,-0.40095,-1.509915,35.89,2026-06-08,iShares Bitcoin Trust ETF,BlackRock,BTC,0.25,13.6355,-166.227,0.8973,57393000,2-1
429,IBIT,-0.419346,-1.122293,35.14,2026-06-09,iShares Bitcoin Trust ETF,BlackRock,BTC,0.25,13.5107,-122.62,0.896,52492700,2-1
430,IBIT,-0.416221,-1.624698,35.08,2026-06-10,iShares Bitcoin Trust ETF,BlackRock,BTC,0.25,13.5319,-179.14,0.9158,37326900,2-1
431,IBIT,-0.413208,0.176871,36.05,2026-06-11,iShares Bitcoin Trust ETF,BlackRock,BTC,0.25,13.5523,23.536,0.918,43105800,2-3
432,IBIT,-0.420475,1.363437,36.04,2026-06-12,iShares Bitcoin Trust ETF,BlackRock,BTC,0.25,13.503,157.025,0.8993,36430100,2-4
433,IBIT,-0.381256,0.362878,37.74,2026-06-15,iShares Bitcoin Trust ETF,BlackRock,BTC,0.25,13.7691,44.462,0.9154,52951400,2-3
434,IBIT,-0.369814,-0.105846,37.17,2026-06-16,iShares Bitcoin Trust ETF,BlackRock,BTC,0.25,13.8467,-8.27,0.9203,26710500,2-2
435,IBIT,-0.365966,-0.67786,36.36,2026-06-17,iShares Bitcoin Trust ETF,BlackRock,BTC,0.25,13.8728,-72.621,0.9229,42620000,2-1
436,IBIT,-0.370475,-0.217977,35.62,2026-06-18,iShares Bitcoin Trust ETF,BlackRock,BTC,0.25,13.8422,-20.884,0.9199,47932100,2-2
437,IBIT,-0.295916,0.592117,36.5,2026-06-22,iShares Bitcoin Trust ETF,BlackRock,BTC,0.25,14.348,70.251,0.9202,37416700,2-4
438,IBIT,-0.189135,-1.334736,35.31,2026-06-23,iShares Bitcoin Trust ETF,BlackRock,BTC,0.25,15.0724,-146.52,0.9282,33989000,2-1
439,IBIT,-0.064671,-2.279462,33.87,2026-06-24,iShares Bitcoin Trust ETF,BlackRock,BTC,0.25,15.9167,-252.801,0.9389,84306600,2-1
440,IBIT,-0.015656,-0.988905,33.52,2026-06-25,iShares Bitcoin Trust ETF,BlackRock,BTC,0.25,16.2492,-107.614,0.9316,74376700,3-1
441,IBIT,-0.040937,-0.654318,33.85,2026-06-26,iShares Bitcoin Trust ETF,BlackRock,BTC,0.25,16.0777,-69.973,0.9344,59375800,3-1
442,IBIT,-0.005482,-0.768657,34.18,2026-06-29,iShares Bitcoin Trust ETF,BlackRock,BTC,0.25,16.3183,-82.836,0.9356,48208200,3-1
443,IBIT,-0.00796,0.37408,33.29,2026-06-30,iShares Bitcoin Trust ETF,BlackRock,BTC,0.25,16.3014,45.722,0.9363,59015100,3-3
444,IBIT,-0.015967,1.698643,34.0,2026-07-01,iShares Bitcoin Trust ETF,BlackRock,BTC,0.25,16.2471,194.735,0.9204,54454400,3-4
445,IBIT,-0.052422,0.927895,34.87,2026-07-02,iShares Bitcoin Trust ETF,BlackRock,BTC,0.25,15.9998,108.026,1.0114,46578000,2-4
446,IBIT,-0.392803,-0.021932,36.12,2026-07-06,iShares Bitcoin Trust ETF,BlackRock,BTC,0.25,13.6907,1.171,1.0176,51974500,2-2
447,IBIT,-0.430141,0.344931,36.15,2026-07-07,iShares Bitcoin Trust ETF,BlackRock,BTC,0.25,13.4374,42.443,1.0126,32400400,2-3
448,IBIT,-0.624007,-0.317773,35.23,2026-07-08,iShares Bitcoin Trust ETF,BlackRock,BTC,0.25,12.1223,-32.111,1.0179,33708800,2-2
449,IBIT,-0.622651,-0.120476,35.81,2026-07-09,iShares Bitcoin Trust ETF,BlackRock,BTC,0.25,12.1315,-9.916,1.0352,28097900,2-2
450,IBIT,-0.617642,-0.485507,36.23,2026-07-10,iShares Bitcoin Trust ETF,BlackRock,BTC,0.25,12.1654,-50.982,1.0339,30720600,2-2
451,IBIT,-0.619109,0.227544,35.22,2026-07-13,iShares Bitcoin Trust ETF,BlackRock,BTC,0.25,12.1555,29.237,1.0309,38048900,2-3
452,IBIT,-0.596498,-1.346837,36.58,2026-07-14,iShares Bitcoin Trust ETF,BlackRock,BTC,0.25,12.3089,-147.881,1.022,46954100,2-1
453,IBIT,-0.556598,0.343955,36.81,2026-07-15,iShares Bitcoin Trust ETF,BlackRock,BTC,0.25,12.5796,42.333,1.0203,34112000,2-3
454,IBIT,-0.570058,0.546951,36.39,2026-07-16,iShares Bitcoin Trust ETF,BlackRock,BTC,0.25,12.4883,65.17,1.0195,21905800,2-4
455,IBIT,-0.585413,0.603622,36.35,2026-07-17,iShares Bitcoin Trust ETF,BlackRock,BTC,0.25,12.3841,71.545,1.0264,56170600,2-4
456,IBIT,-0.561468,-0.137384,36.89,2026-07-20,iShares Bitcoin Trust ETF,BlackRock,BTC,0.25,12.5465,-11.818,0.9971,33229400,2-2
457,IBIT,-0.630455,0.514948,37.67,2026-07-21,iShares Bitcoin Trust ETF,BlackRock,BTC,0.25,12.0785,61.57,1.0004,44121300,2-3
458,IBIT,-0.791377,-0.621465,37.34,2026-07-22,iShares Bitcoin Trust ETF,BlackRock,BTC,0.25,10.9869,-66.277,1.0032,23341200,1-1
459,IBIT,-1.047879,-1.122965,36.65,2026-07-23,iShares Bitcoin Trust ETF,BlackRock,BTC,0.25,9.2468,-122.695,1.0048,36217500,1-1
460,IBIT,-1.091381,-0.289768,36.35,2026-07-24,iShares Bitcoin Trust ETF,BlackRock,BTC,0.25,8.9517,-28.961,1.0045,33023200,1-2
461,IBIT,-0.837909,1.76801,36.77,2026-07-27,iShares Bitcoin Trust ETF,BlackRock,BTC,0.25,10.6712,202.539,1.0021,28359300,1-4
462,IBIT,-0.548348,-0.109949,36.14,2026-07-28,iShares Bitcoin Trust ETF,BlackRock,BTC,0.25,12.6355,-8.731,0.9968,29147000,2-2
463,IBIT,-0.536257,-0.267552,36.0,2026-07-29,iShares Bitcoin Trust ETF,BlackRock,BTC,0.25,12.7176,-26.462,0.9942,36943100,2-2
464,IBIT,-0.502045,0.536869,36.7,2026-07-30,iShares Bitcoin Trust ETF,BlackRock,BTC,0.25,12.9496,64.036,0.9979,36428500,2-3
465,IBIT,-0.502138,0.0023,35.64,2026-07-31,iShares Bitcoin Trust ETF,BlackRock,BTC,0.25,12.949,3.897,0.9939,55718400,2-3
466,IBIT,-0.514558,-1.162081,36.16,2026-08-03,iShares Bitcoin Trust ETF,BlackRock,BTC,0.25,12.8648,-127.096,0.9988,41836300,2-1
467,IBIT,-0.616667,0.313492,36.39,2026-08-04,iShares Bitcoin Trust ETF,BlackRock,BTC,0.25,12.1721,38.906,0.9976,33883500,2-3
468,IBIT,-0.6801,0.813218,36.74,2026-08-05,iShares Bitcoin Trust ETF,BlackRock,BTC,0.25,11.7417,95.125,0.9983,32932800,1-4
469,IBIT,-0.677833,0.082267,36.49,2026-08-06,iShares Bitcoin Trust ETF,BlackRock,BTC,0.25,11.7571,12.893,0.9959,29071400,1-3
470,IBIT,-0.687781,-0.056462,36.8,2026-08-07,iShares Bitcoin Trust ETF,BlackRock,BTC,0.25,11.6896,-2.714,0.9958,35087400,1-2
471,IBIT,-0.692098,-0.488437,36.23,2026-08-10,iShares Bitcoin Trust ETF,BlackRock,BTC,0.25,11.6603,-51.311,0.996,40044000,1-2
472,IBIT,-0.716138,-0.440877,35.94,2026-08-11,iShares Bitcoin Trust ETF,BlackRock,BTC,0.25,11.4973,-45.961,0.9952,31174500,1-2
473,IBIT,-0.804483,-0.460914,35.89,2026-08-12,iShares Bitcoin Trust ETF,BlackRock,BTC,0.25,10.8979,-48.215,0.9916,25304900,1-2
474,IBIT,-0.815425,-0.339208,35.88,2026-08-13,iShares Bitcoin Trust ETF,BlackRock,BTC,0.25,10.8237,-34.523,0.9896,25273500,1-2
475,IBIT,-0.821232,-0.271564,35.63,2026-08-14,iShares Bitcoin Trust ETF,BlackRock,BTC,0.25,10.7843,-26.913,0.9896,23516700,1-2
476,IBIT,-0.847879,-0.374642,36.42,2026-08-17,iShares Bitcoin Trust ETF,BlackRock,BTC,0.25,10.6035,-38.509,0.987,42854200,1-2
477,IBIT,-0.845324,0.04296,36.6,2026-08-18,iShares Bitcoin Trust ETF,BlackRock,BTC,0.25,10.6209,8.471,0.9876,28668700,1-3
478,IBIT,-0.788299,-0.797133,38.78,2026-08-19,iShares Bitcoin Trust ETF,BlackRock,BTC,0.25,11.0077,-86.039,0.9689,140814800,1-1
479,IBIT,-0.730364,-0.022144,41.2,2026-08-20,iShares Bitcoin Trust ETF,BlackRock,BTC,0.25,11.4008,1.147,0.9837,108151800,1-2
480,IBIT,-0.765638,0.080441,43.68,2026-08-21,iShares Bitcoin Trust ETF,BlackRock,BTC,0.25,11.1615,12.688,0.9892,113948027,1-3
481,FBTC,1.963065,1.096368,54.945,2024-09-20,Fidelity Wise Origin Bitcoin Fund,Fidelity,BTC,0.25,29.6726,126.979,0.868,2750300,4-4
482,FBTC,1.967508,1.454356,55.38,2024-09-23,Fidelity Wise Origin Bitcoin Fund,Fidelity,BTC,0.25,29.7028,167.253,0.868,2207500,4-4
483,FBTC,1.911176,1.367705,56.26,2024-09-24,Fidelity Wise Origin Bitcoin Fund,Fidelity,BTC,0.25,29.3206,157.505,0.8694,3010500,4-4
484,FBTC,1.438411,2.695772,55.25,2024-09-25,Fidelity Wise Origin Bitcoin Fund,Fidelity,BTC,0.25,26.1134,306.912,0.8722,2115800,4-4
485,FBTC,0.586496,-0.69088,56.61,2024-09-26,Fidelity Wise Origin Bitcoin Fund,Fidelity,BTC,0.25,20.3342,-74.086,0.8671,6350700,4-1
486,FBTC,0.604102,0.798076,57.43,2024-09-27,Fidelity Wise Origin Bitcoin Fund,Fidelity,BTC,0.25,20.4536,93.421,0.8688,4917900,4-4
487,FBTC,0.581933,0.223561,55.53,2024-09-30,Fidelity Wise Origin Bitcoin Fund,Fidelity,BTC,0.25,20.3032,28.789,0.8705,3724000,4-3
488,FBTC,0.435245,0.55274,53.98,2024-10-01,Fidelity Wise Origin Bitcoin Fund,Fidelity,BTC,0.25,19.3081,65.821,0.86,8087700,3-4
489,FBTC,0.647931,-1.25703,52.62,2024-10-02,Fidelity Wise Origin Bitcoin Fund,Fidelity,BTC,0.25,20.7509,-137.778,0.8634,4410400,4-1
490,FBTC,0.631147,0.094026,53.35,2024-10-03,Fidelity Wise Origin Bitcoin Fund,Fidelity,BTC,0.25,20.6371,14.216,0.8643,3221000,4-3
491,FBTC,0.475961,-0.114249,54.56,2024-10-04,Fidelity Wise Origin Bitcoin Fund,Fidelity,BTC,0.25,19.5843,-9.215,0.8675,2706900,3-2
492,FBTC,0.403753,1.106231,55.42,2024-10-07,Fidelity Wise Origin Bitcoin Fund,Fidelity,BTC,0.25,19.0945,128.089,0.8684,3381500,3-4
493,FBTC,0.556824,-0.967958,54.4,2024-10-08,Fidelity Wise Origin Bitcoin Fund,Fidelity,BTC,0.25,20.1329,-105.257,0.8703,2871100,4-1
494,FBTC,0.554712,1.144887,53.28,2024-10-09,Fidelity Wise Origin Bitcoin Fund,Fidelity,BTC,0.25,20.1185,132.438,0.8693,2466500,4-4
495,FBTC,0.688797,-1.430152,52.15,2024-10-10,Fidelity Wise Origin Bitcoin Fund,Fidelity,BTC,0.25,21.0282,-157.254,0.8727,3312900,4-1
496,FBTC,0.901428,0.466156,55.23,2024-10-11,Fidelity Wise Origin Bitcoin Fund,Fidelity,BTC,0.25,22.4706,56.081,0.9073,6377400,4-3
497,FBTC,0.927352,-1.306072,57.68,2024-10-14,Fidelity Wise Origin Bitcoin Fund,Fidelity,BTC,0.25,22.6465,-143.295,0.893,5664800,4-1
498,FBTC,0.92599,0.463562,58.62,2024-10-15,Fidelity Wise Origin Bitcoin Fund,Fidelity,BTC,0.25,22.6372,55.789,0.894,6520700,4-3
499,FBTC,0.774733,0.620994,59.24,2024-10-16,Fidelity Wise Origin Bitcoin Fund,Fidelity,BTC,0.25,21.6111,73.5,0.8945,3518800,4-4
500,FBTC,0.272709,1.128804,58.41,2024-10-17,Fidelity Wise Origin Bitcoin Fund,Fidelity,BTC,0.25,18.2055,130.628,0.8968,2713600,3-4
501,FBTC,0.31167,0.109666,60.03,2024-10-18,Fidelity Wise Origin Bitcoin Fund,Fidelity,BTC,0.25,18.4698,15.975,0.9024,3849500,3-3
502,FBTC,0.296413,0.758205,59.235,2024-10-21,Fidelity Wise Origin Bitcoin Fund,Fidelity,BTC,0.25,18.3663,88.936,0.9022,4624900,3-4
503,FBTC,0.305003,0.13376,58.98,2024-10-22,Fidelity Wise Origin Bitcoin Fund,Fidelity,BTC,0.25,18.4245,18.686,0.9026,2834800,3-3
504,FBTC,0.307162,-0.391901,58.07,2024-10-23,Fidelity Wise Origin Bitcoin Fund,Fidelity,BTC,0.25,18.4392,-40.451,0.9044,3542500,3-2
505,FBTC,0.310515,1.028411,59.72,2024-10-24,Fidelity Wise Origin Bitcoin Fund,Fidelity,BTC,0.25,18.4619,119.334,0.9077,2645000,3-4
506,FBTC,0.294557,-0.380038,58.39,2024-10-25,Fidelity Wise Origin Bitcoin Fund,Fidelity,BTC,0.25,18.3537,-39.116,0.9096,5173000,3-2
507,FBTC,0.294881,-0.512311,60.93,2024-10-28,Fidelity Wise Origin Bitcoin Fund,Fidelity,BTC,0.25,18.3559,-53.997,0.908,5209700,3-2
508,FBTC,0.285267,0.266153,63.45,2024-10-29,Fidelity Wise Origin Bitcoin Fund,Fidelity,BTC,0.25,18.2907,33.58,0.9125,8740100,3-3
509,FBTC,0.006713,0.028985,62.79,2024-10-30,Fidelity Wise Origin Bitcoin Fund,Fidelity,BTC,0.25,16.401,6.899,0.9141,4740500,3-3
510,FBTC,-0.071686,-0.433925,61.07,2024-10-31,Fidelity Wise Origin Bitcoin Fund,Fidelity,BTC,0.25,15.8691,-45.179,0.9147,7299500,2-2
511,FBTC,-0.080577,-0.278255,60.47,2024-11-01,Fidelity Wise Origin Bitcoin Fund,Fidelity,BTC,0.25,15.8088,-27.666,0.9149,8111600,2-2
512,FBTC,-0.179402,-0.74757,58.77,2024-11-04,Fidelity Wise Origin Bitcoin Fund,Fidelity,BTC,0.25,15.1384,-80.464,0.9195,5364500,2-1
513,FBTC,-0.287303,-0.193034,60.66,2024-11-05,Fidelity Wise Origin Bitcoin Fund,Fidelity,BTC,0.25,14.4064,-18.078,0.9252,6392300,2-2
514,FBTC,-0.196968,1.411794,66.7,2024-11-06,Fidelity Wise Origin Bitcoin Fund,Fidelity,BTC,0.25,15.0192,162.465,0.9521,12645900,2-4
515,FBTC,-0.430685,1.532716,66.98,2024-11-07,Fidelity Wise Origin Bitcoin Fund,Fidelity,BTC,0.25,13.4337,176.068,0.9521,6930700,2-4
516,FBTC,-0.877329,1.111363,67.18,2024-11-08,Fidelity Wise Origin Bitcoin Fund,Fidelity,BTC,0.25,10.4038,128.666,0.9516,5398900,1-4
517,FBTC,-0.822292,0.759197,76.145,2024-11-11,Fidelity Wise Origin Bitcoin Fund,Fidelity,BTC,0.25,10.7771,89.048,0.9184,14144000,1-4
518,FBTC,0.070413,3.056364,78.38,2024-11-12,Fidelity Wise Origin Bitcoin Fund,Fidelity,BTC,0.25,16.8331,347.479,0.91,8996400,3-4
519,FBTC,0.446588,-0.290242,78.48,2024-11-13,Fidelity Wise Origin Bitcoin Fund,Fidelity,BTC,0.25,19.385,-29.014,0.9009,14747600,3-2
520,FBTC,0.38756,0.235421,76.4,2024-11-14,Fidelity Wise Origin Bitcoin Fund,Fidelity,BTC,0.25,18.9846,30.123,0.8967,7743500,3-3
521,FBTC,0.330898,1.413886,80.06,2024-11-15,Fidelity Wise Origin Bitcoin Fund,Fidelity,BTC,0.25,18.6002,162.7,0.9007,6503000,3-4
522,FBTC,0.342169,2.838617,80.12,2024-11-18,Fidelity Wise Origin Bitcoin Fund,Fidelity,BTC,0.25,18.6767,322.982,0.8993,9503400,3-4
523,FBTC,0.366223,-1.0785,80.95,2024-11-19,Fidelity Wise Origin Bitcoin Fund,Fidelity,BTC,0.25,18.8399,-117.693,0.9017,7250000,3-1
524,FBTC,0.358328,1.124176,82.54,2024-11-20,Fidelity Wise Origin Bitcoin Fund,Fidelity,BTC,0.25,18.7863,130.108,0.9317,7032100,3-4
525,FBTC,0.352937,0.518745,85.88,2024-11-21,Fidelity Wise Origin Bitcoin Fund,Fidelity,BTC,0.25,18.7497,61.997,0.9192,8725100,3-3
526,FBTC,0.355367,0.253877,86.73,2024-11-22,Fidelity Wise Origin Bitcoin Fund,Fidelity,BTC,0.25,18.7662,32.199,0.919,7209100,3-3
527,FBTC,0.398663,0.731738,82.97,2024-11-25,Fidelity Wise Origin Bitcoin Fund,Fidelity,BTC,0.25,19.0599,85.958,0.9061,8003200,3-4
528,FBTC,0.91617,-1.467343,79.45,2024-11-26,Fidelity Wise Origin Bitcoin Fund,Fidelity,BTC,0.25,22.5706,-161.438,0.9243,7689800,4-1
529,FBTC,1.08742,0.542415,84.51,2024-11-27,Fidelity Wise Origin Bitcoin Fund,Fidelity,BTC,0.25,23.7324,64.66,0.9356,5477500,4-4
530,FBTC,1.13643,-0.31575,84.91,2024-11-29,Fidelity Wise Origin Bitcoin Fund,Fidelity,BTC,0.25,24.0648,-31.884,0.9306,3451600,4-2
531,FBTC,1.135577,-0.705134,83.7,2024-12-02,Fidelity Wise Origin Bitcoin Fund,Fidelity,BTC,0.25,24.059,-75.69,0.9225,4494500,4-1
532,FBTC,1.117407,-1.889684,83.64,2024-12-03,Fidelity Wise Origin Bitcoin Fund,Fidelity,BTC,0.25,23.9358,-208.951,0.9117,4438500,4-1
533,FBTC,1.106834,1.795915,86.64,2024-12-04,Fidelity Wise Origin Bitcoin Fund,Fidelity,BTC,0.25,23.8641,205.678,0.9143,8311600,4-4
534,FBTC,1.193794,1.58703,86.61,2024-12-05,Fidelity Wise Origin Bitcoin Fund,Fidelity,BTC,0.25,24.454,182.179,0.9043,8759000,4-4
535,FBTC,1.207172,2.07366,88.92,2024-12-06,Fidelity Wise Origin Bitcoin Fund,Fidelity,BTC,0.25,24.5447,236.925,0.9021,4790900,4-4
536,FBTC,1.631075,-0.963227,84.02,2024-12-09,Fidelity Wise Origin Bitcoin Fund,Fidelity,BTC,0.25,27.4204,-104.725,0.928,6073500,4-1
537,FBTC,1.624347,0.135196,84.28,2024-12-10,Fidelity Wise Origin Bitcoin Fund,Fidelity,BTC,0.25,27.3748,18.847,0.9291,5821800,4-3
538,FBTC,1.146655,0.002004,88.62,2024-12-11,Fidelity Wise Origin Bitcoin Fund,Fidelity,BTC,0.25,24.1342,3.863,0.9334,4728700,4-3
539,FBTC,0.877703,-2.011122,87.44,2024-12-12,Fidelity Wise Origin Bitcoin Fund,Fidelity,BTC,0.25,22.3097,-222.613,0.939,3776900,4-1
540,FBTC,0.866059,-1.288743,88.94,2024-12-13,Fidelity Wise Origin Bitcoin Fund,Fidelity,BTC,0.25,22.2307,-141.345,0.9326,3951200,4-1
541,FBTC,0.841554,1.476421,92.46,2024-12-16,Fidelity Wise Origin Bitcoin Fund,Fidelity,BTC,0.25,22.0644,169.735,0.9303,5811700,4-4
542,FBTC,0.85677,1.303443,93.33,2024-12-17,Fidelity Wise Origin Bitcoin Fund,Fidelity,BTC,0.25,22.1677,150.275,0.9299,4882700,4-4
543,FBTC,0.84273,0.166308,87.86,2024-12-18,Fidelity Wise Origin Bitcoin Fund,Fidelity,BTC,0.25,22.0724,22.348,0.9357,8076500,4-3
544,FBTC,0.99683,-1.267367,84.13,2024-12-19,Fidelity Wise Origin Bitcoin Fund,Fidelity,BTC,0.25,23.1178,-138.941,0.9446,11145900,4-1
545,FBTC,0.997226,-1.768463,84.2,2024-12-20,Fidelity Wise Origin Bitcoin Fund,Fidelity,BTC,0.25,23.1205,-195.314,0.9468,4735000,4-1
546,FBTC,0.993706,-2.148686,81.16,2024-12-23,Fidelity Wise Origin Bitcoin Fund,Fidelity,BTC,0.25,23.0966,-238.089,0.9503,5901400,4-1
547,FBTC,1.168886,-0.848124,86.42,2024-12-24,Fidelity Wise Origin Bitcoin Fund,Fidelity,BTC,0.25,24.285,-91.776,0.9636,2869600,4-1
548,FBTC,0.741207,-0.944136,83.45,2024-12-26,Fidelity Wise Origin Bitcoin Fund,Fidelity,BTC,0.25,21.3837,-102.577,0.9744,2717800,4-1
549,FBTC,0.526805,1.226063,82.52,2024-12-27,Fidelity Wise Origin Bitcoin Fund,Fidelity,BTC,0.25,19.9292,141.57,0.9689,4702700,3-4
550,FBTC,0.558514,2.562789,82.32,2024-12-30,Fidelity Wise Origin Bitcoin Fund,Fidelity,BTC,0.25,20.1443,291.951,0.9653,5508000,4-4
551,FBTC,0.706593,1.60938,81.58,2024-12-31,Fidelity Wise Origin Bitcoin Fund,Fidelity,BTC,0.25,21.1489,184.693,0.9646,2487700,4-4
552,FBTC,0.72388,0.168905,85.08,2025-01-02,Fidelity Wise Origin Bitcoin Fund,Fidelity,BTC,0.25,21.2662,22.64,0.9683,3868700,4-3
553,FBTC,0.687165,0.602933,86.01,2025-01-03,Fidelity Wise Origin Bitcoin Fund,Fidelity,BTC,0.25,21.0171,71.468,0.966,3296100,4-4
554,FBTC,0.488736,0.075868,89.33,2025-01-06,Fidelity Wise Origin Bitcoin Fund,Fidelity,BTC,0.25,19.671,12.173,0.9672,4960200,3-3
555,FBTC,0.513683,-1.896761,84.19,2025-01-07,Fidelity Wise Origin Bitcoin Fund,Fidelity,BTC,0.25,19.8402,-209.747,0.9719,5801800,3-1
556,FBTC,-0.043764,-1.010134,82.02,2025-01-08,Fidelity Wise Origin Bitcoin Fund,Fidelity,BTC,0.25,16.0586,-110.002,0.9658,4935900,3-1
557,FBTC,-0.026542,-0.581733,82.69,2025-01-10,Fidelity Wise Origin Bitcoin Fund,Fidelity,BTC,0.25,16.1754,-61.807,0.9717,4096600,3-1
558,FBTC,-0.020183,-1.27699,81.79,2025-01-13,Fidelity Wise Origin Bitcoin Fund,Fidelity,BTC,0.25,16.2185,-140.023,0.9725,4134300,3-1
559,FBTC,0.025165,-0.469594,84.21,2025-01-14,Fidelity Wise Origin Bitcoin Fund,Fidelity,BTC,0.25,16.5262,-49.191,0.9742,2429400,3-2
560,FBTC,0.034963,-0.245617,87.01,2025-01-15,Fidelity Wise Origin Bitcoin Fund,Fidelity,BTC,0.25,16.5926,-23.994,0.9696,3329000,3-2
561,FBTC,0.170041,1.747606,87.71,2025-01-16,Fidelity Wise Origin Bitcoin Fund,Fidelity,BTC,0.25,17.509,200.244,0.9652,3136100,3-4
562,FBTC,0.130144,0.674275,91.66,2025-01-17,Fidelity Wise Origin Bitcoin Fund,Fidelity,BTC,0.25,17.2383,79.494,0.9653,5391300,3-4
563,FBTC,0.121605,1.20569,92.8,2025-01-21,Fidelity Wise Origin Bitcoin Fund,Fidelity,BTC,0.25,17.1804,139.278,0.9644,5278500,3-4
564,FBTC,-0.089495,0.899352,91.17,2025-01-22,Fidelity Wise Origin Bitcoin Fund,Fidelity,BTC,0.25,15.7483,104.815,0.9616,3240000,2-4
565,FBTC,0.016121,0.340929,90.28,2025-01-23,Fidelity Wise Origin Bitcoin Fund,Fidelity,BTC,0.25,16.4648,41.992,0.9616,9286100,3-3
566,FBTC,0.009713,-0.357091,91.67,2025-01-24,Fidelity Wise Origin Bitcoin Fund,Fidelity,BTC,0.25,16.4213,-36.535,0.9612,3500700,3-2
567,FBTC,-0.247225,-1.194268,88.48,2025-01-27,Fidelity Wise Origin Bitcoin Fund,Fidelity,BTC,0.25,14.6783,-130.717,0.9681,6814200,2-1
568,FBTC,-0.244442,-0.374838,88.39,2025-01-28,Fidelity Wise Origin Bitcoin Fund,Fidelity,BTC,0.25,14.6972,-38.531,0.9659,3738800,2-2
569,FBTC,-0.22505,-0.144186,91.09,2025-01-29,Fidelity Wise Origin Bitcoin Fund,Fidelity,BTC,0.25,14.8287,-12.583,0.9668,3732500,2-2
570,FBTC,-0.342341,0.732392,91.71,2025-01-30,Fidelity Wise Origin Bitcoin Fund,Fidelity,BTC,0.25,14.0331,86.032,0.967,4218100,2-4
571,FBTC,-0.444411,-1.00442,88.64,2025-01-31,Fidelity Wise Origin Bitcoin Fund,Fidelity,BTC,0.25,13.3406,-109.359,0.9722,3904000,2-1
572,FBTC,-0.43614,0.545091,88.47,2025-02-03,Fidelity Wise Origin Bitcoin Fund,Fidelity,BTC,0.25,13.3967,64.961,0.9682,7359100,2-4
573,FBTC,-0.381817,0.77885,86.26,2025-02-04,Fidelity Wise Origin Bitcoin Fund,Fidelity,BTC,0.25,13.7653,91.259,0.9609,4467500,2-4
574,FBTC,-0.377892,-0.107625,85.02,2025-02-05,Fidelity Wise Origin Bitcoin Fund,Fidelity,BTC,0.25,13.7919,-8.47,0.9471,2979400,2-2
575,FBTC,-0.427225,-0.185716,84.69,2025-02-06,Fidelity Wise Origin Bitcoin Fund,Fidelity,BTC,0.25,13.4572,-17.255,0.9474,4750300,2-2
576,FBTC,-0.361944,-0.156578,83.64,2025-02-07,Fidelity Wise Origin Bitcoin Fund,Fidelity,BTC,0.25,13.9001,-13.977,0.9486,4424500,2-2
577,FBTC,-0.416762,-0.154673,85.07,2025-02-10,Fidelity Wise Origin Bitcoin Fund,Fidelity,BTC,0.25,13.5282,-13.763,0.9985,2282500,2-2
578,FBTC,-0.457505,-1.394894,83.15,2025-02-11,Fidelity Wise Origin Bitcoin Fund,Fidelity,BTC,0.25,13.2518,-153.288,1.0092,3763800,2-1
579,FBTC,-0.503046,-1.546933,84.72,2025-02-12,Fidelity Wise Origin Bitcoin Fund,Fidelity,BTC,0.25,12.9428,-170.392,1.0258,2682900,2-1
580,FBTC,-0.505579,-0.701212,84.08,2025-02-13,Fidelity Wise Origin Bitcoin Fund,Fidelity,BTC,0.25,12.9257,-75.248,1.0346,2042300,2-1
581,FBTC,-0.690834,0.503237,85.02,2025-02-14,Fidelity Wise Origin Bitcoin Fund,Fidelity,BTC,0.25,11.6689,60.252,1.0322,3097000,1-3
582,FBTC,-0.577417,-1.295315,82.19,2025-02-18,Fidelity Wise Origin Bitcoin Fund,Fidelity,BTC,0.25,12.4383,-142.085,1.0399,3698700,2-1
583,FBTC,-0.4983,0.017554,83.98,2025-02-19,Fidelity Wise Origin Bitcoin Fund,Fidelity,BTC,0.25,12.975,5.613,1.0471,1974500,2-3
584,FBTC,-0.490097,0.905721,86.05,2025-02-20,Fidelity Wise Origin Bitcoin Fund,Fidelity,BTC,0.25,13.0307,105.532,1.051,1735400,2-4
585,FBTC,-0.46077,-0.873701,82.81,2025-02-21,Fidelity Wise Origin Bitcoin Fund,Fidelity,BTC,0.25,13.2296,-94.653,1.0656,6357500,2-1
586,FBTC,0.521569,2.685648,82.06,2025-02-24,Fidelity Wise Origin Bitcoin Fund,Fidelity,BTC,0.25,19.8937,305.773,1.0126,4761100,3-4
587,FBTC,1.003014,0.823492,76.87,2025-02-25,Fidelity Wise Origin Bitcoin Fund,Fidelity,BTC,0.25,23.1598,96.281,1.0663,14421300,4-4
588,FBTC,1.027235,0.842458,73.62,2025-02-26,Fidelity Wise Origin Bitcoin Fund,Fidelity,BTC,0.25,23.3241,98.414,1.0451,8547600,4-4
589,FBTC,1.103682,-1.135256,72.75,2025-02-27,Fidelity Wise Origin Bitcoin Fund,Fidelity,BTC,0.25,23.8427,-124.078,1.0229,3844400,4-1
590,FBTC,1.190868,1.394275,73.5,2025-02-28,Fidelity Wise Origin Bitcoin Fund,Fidelity,BTC,0.25,24.4341,160.494,1.0273,5441700,4-4
591,FBTC,1.129682,-2.183792,75.13,2025-03-03,Fidelity Wise Origin Bitcoin Fund,Fidelity,BTC,0.25,24.0191,-242.038,1.029,6757800,4-1
592,FBTC,1.113419,0.499906,75.91,2025-03-04,Fidelity Wise Origin Bitcoin Fund,Fidelity,BTC,0.25,23.9087,59.877,1.0279,5323600,4-3
593,FBTC,1.08101,-0.275463,79.03,2025-03-05,Fidelity Wise Origin Bitcoin Fund,Fidelity,BTC,0.25,23.6889,-27.352,1.0244,3683700,4-2
594,FBTC,1.105659,0.41293,77.77,2025-03-06,Fidelity Wise Origin Bitcoin Fund,Fidelity,BTC,0.25,23.8561,50.093,1.0376,4245400,4-3
595,FBTC,1.18262,0.382853,75.95,2025-03-07,Fidelity Wise Origin Bitcoin Fund,Fidelity,BTC,0.25,24.3782,46.709,1.0325,5701300,4-3
596,FBTC,1.12436,0.585033,68.98,2025-03-10,Fidelity Wise Origin Bitcoin Fund,Fidelity,BTC,0.25,23.983,69.454,1.0059,7244400,4-4
597,FBTC,1.112868,0.552965,72.52,2025-03-11,Fidelity Wise Origin Bitcoin Fund,Fidelity,BTC,0.25,23.905,65.847,1.0023,3411600,4-4
598,FBTC,1.159736,-0.592011,72.41,2025-03-12,Fidelity Wise Origin Bitcoin Fund,Fidelity,BTC,0.25,24.2229,-62.963,0.9946,2832300,4-1
599,FBTC,1.154944,-0.02173,69.98,2025-03-13,Fidelity Wise Origin Bitcoin Fund,Fidelity,BTC,0.25,24.1904,1.193,0.9954,3599700,4-2
600,FBTC,1.285454,0.463992,73.93,2025-03-14,Fidelity Wise Origin Bitcoin Fund,Fidelity,BTC,0.25,25.0758,55.837,1.0092,4442000,4-3
601,FBTC,1.289521,-0.105753,73.83,2025-03-17,Fidelity Wise Origin Bitcoin Fund,Fidelity,BTC,0.25,25.1034,-8.259,1.0146,2578900,4-2
602,FBTC,1.265561,-0.669034,71.89,2025-03-18,Fidelity Wise Origin Bitcoin Fund,Fidelity,BTC,0.25,24.9408,-71.628,1.0162,2729500,4-1
603,FBTC,1.282098,-0.61415,74.66,2025-03-19,Fidelity Wise Origin Bitcoin Fund,Fidelity,BTC,0.25,25.053,-65.454,1.0039,3071400,4-1
604,FBTC,1.357678,0.919373,73.49,2025-03-20,Fidelity Wise Origin Bitcoin Fund,Fidelity,BTC,0.25,25.5657,107.067,0.9863,1860100,4-4
605,FBTC,1.27592,-0.930853,73.28,2025-03-21,Fidelity Wise Origin Bitcoin Fund,Fidelity,BTC,0.25,25.0111,-101.083,0.9865,1461000,4-1
606,FBTC,0.573435,0.255722,77.09,2025-03-24,Fidelity Wise Origin Bitcoin Fund,Fidelity,BTC,0.25,20.2456,32.407,0.9921,2469800,4-3
607,FBTC,-0.035259,1.075659,77.0,2025-03-25,Fidelity Wise Origin Bitcoin Fund,Fidelity,BTC,0.25,16.1163,124.65,0.9729,1391900,3-4
608,FBTC,0.010105,0.955466,75.56,2025-03-26,Fidelity Wise Origin Bitcoin Fund,Fidelity,BTC,0.25,16.424,111.128,0.9706,2423100,3-4
609,FBTC,-0.154207,-0.200832,75.96,2025-03-27,Fidelity Wise Origin Bitcoin Fund,Fidelity,BTC,0.25,15.3093,-18.956,0.9726,2601600,2-2
610,FBTC,-0.260371,-0.592348,73.12,2025-03-28,Fidelity Wise Origin Bitcoin Fund,Fidelity,BTC,0.25,14.5891,-63.001,0.9807,2223700,2-1
611,FBTC,-0.241468,-1.066076,71.97,2025-03-31,Fidelity Wise Origin Bitcoin Fund,Fidelity,BTC,0.25,14.7174,-116.295,0.982,2424200,2-1
612,FBTC,-0.248994,-0.9899,74.2,2025-04-01,Fidelity Wise Origin Bitcoin Fund,Fidelity,BTC,0.25,14.6663,-107.726,0.9768,3829200,2-1
613,FBTC,1.090101,4.802534,75.88,2025-04-02,Fidelity Wise Origin Bitcoin Fund,Fidelity,BTC,0.25,23.7505,543.923,0.9449,3347100,4-4
614,FBTC,2.577295,-1.231252,71.55,2025-04-03,Fidelity Wise Origin Bitcoin Fund,Fidelity,BTC,0.25,33.8395,-134.878,0.9298,3596800,4-1
615,FBTC,2.606802,0.81443,73.39,2025-04-04,Fidelity Wise Origin Bitcoin Fund,Fidelity,BTC,0.25,34.0396,95.261,0.9226,7532900,4-4
616,FBTC,2.716397,-1.514252,68.14,2025-04-07,Fidelity Wise Origin Bitcoin Fund,Fidelity,BTC,0.25,34.7831,-166.715,0.9447,10407300,4-1
617,FBTC,2.818016,0.140807,67.0,2025-04-08,Fidelity Wise Origin Bitcoin Fund,Fidelity,BTC,0.25,35.4725,19.479,0.9309,4785800,4-3
618,FBTC,2.781993,-4.81159,71.89,2025-04-09,Fidelity Wise Origin Bitcoin Fund,Fidelity,BTC,0.25,35.2281,-537.665,0.926,8746700,4-1
619,FBTC,2.782289,0.825376,69.36,2025-04-10,Fidelity Wise Origin Bitcoin Fund,Fidelity,BTC,0.25,35.2301,96.493,0.9231,6510500,4-4
620,FBTC,2.711037,0.274015,73.24,2025-04-11,Fidelity Wise Origin Bitcoin Fund,Fidelity,BTC,0.25,34.7468,34.465,0.9368,7165700,4-3
621,FBTC,2.709296,2.164424,74.21,2025-04-14,Fidelity Wise Origin Bitcoin Fund,Fidelity,BTC,0.25,34.7349,247.135,0.9381,4136100,4-4
622,FBTC,2.680256,0.375612,73.38,2025-04-15,Fidelity Wise Origin Bitcoin Fund,Fidelity,BTC,0.25,34.5379,45.894,0.9374,2978600,4-3
623,FBTC,2.640577,0.624449,73.66,2025-04-16,Fidelity Wise Origin Bitcoin Fund,Fidelity,BTC,0.25,34.2688,73.888,0.9383,2759300,4-4
624,FBTC,2.581786,0.575573,74.16,2025-04-17,Fidelity Wise Origin Bitcoin Fund,Fidelity,BTC,0.25,33.8699,68.39,0.9394,2092900,4-4
625,FBTC,2.581276,-0.326856,76.38,2025-04-21,Fidelity Wise Origin Bitcoin Fund,Fidelity,BTC,0.25,33.8665,-33.133,0.9415,4163300,4-2
626,FBTC,2.609236,-1.735481,79.89,2025-04-22,Fidelity Wise Origin Bitcoin Fund,Fidelity,BTC,0.25,34.0561,-191.603,0.9213,5459700,4-1
627,FBTC,2.722985,0.122553,81.66,2025-04-23,Fidelity Wise Origin Bitcoin Fund,Fidelity,BTC,0.25,34.8278,17.425,0.9182,3985500,4-3
628,FBTC,2.678136,0.042729,81.76,2025-04-24,Fidelity Wise Origin Bitcoin Fund,Fidelity,BTC,0.25,34.5236,8.445,0.9187,2059100,4-3
629,FBTC,2.708283,1.281185,83.3,2025-04-25,Fidelity Wise Origin Bitcoin Fund,Fidelity,BTC,0.25,34.7281,147.771,0.9168,2731300,4-4
630,FBTC,2.722345,0.416734,82.77,2025-04-28,Fidelity Wise Origin Bitcoin Fund,Fidelity,BTC,0.25,34.8235,50.521,0.9166,2838100,4-3
631,FBTC,2.753314,2.882287,83.24,2025-04-29,Fidelity Wise Origin Bitcoin Fund,Fidelity,BTC,0.25,35.0336,327.895,0.9104,1668200,4-4
632,FBTC,2.799004,0.086157,82.18,2025-04-30,Fidelity Wise Origin Bitcoin Fund,Fidelity,BTC,0.25,35.3435,13.331,0.9114,2579400,4-3
633,FBTC,1.947468,0.541833,84.34,2025-05-01,Fidelity Wise Origin Bitcoin Fund,Fidelity,BTC,0.25,29.5668,64.594,0.9176,3181900,4-3
634,FBTC,0.172952,-0.419398,84.7,2025-05-02,Fidelity Wise Origin Bitcoin Fund,Fidelity,BTC,0.25,17.5287,-43.544,0.917,2438500,3-2
635,FBTC,0.053635,-0.265025,82.37,2025-05-05,Fidelity Wise Origin Bitcoin Fund,Fidelity,BTC,0.25,16.7193,-26.177,0.9198,2183000,3-2
636,FBTC,-0.109818,-2.514715,82.92,2025-05-06,Fidelity Wise Origin Bitcoin Fund,Fidelity,BTC,0.25,15.6105,-279.267,0.9149,1462200,2-1
637,FBTC,-0.262103,-0.526834,83.96,2025-05-07,Fidelity Wise Origin Bitcoin Fund,Fidelity,BTC,0.25,14.5774,-55.631,0.9139,2068800,2-2
638,FBTC,-0.2583,-1.222436,88.48,2025-05-08,Fidelity Wise Origin Bitcoin Fund,Fidelity,BTC,0.25,14.6032,-133.886,0.9078,3232100,2-1
639,FBTC,-0.007937,0.595188,90.12,2025-05-09,Fidelity Wise Origin Bitcoin Fund,Fidelity,BTC,0.25,16.3016,70.597,0.907,2135900,3-4
640,FBTC,0.02512,0.152388,88.91,2025-05-12,Fidelity Wise Origin Bitcoin Fund,Fidelity,BTC,0.25,16.5259,20.782,0.9085,3575400,3-3
641,FBTC,0.191221,2.863275,91.57,2025-05-13,Fidelity Wise Origin Bitcoin Fund,Fidelity,BTC,0.25,17.6527,325.756,0.9116,2973000,3-4
642,FBTC,0.244018,1.11724,90.22,2025-05-14,Fidelity Wise Origin Bitcoin Fund,Fidelity,BTC,0.25,18.0108,129.327,0.9072,1866300,3-4
643,FBTC,0.250245,1.193577,90.11,2025-05-15,Fidelity Wise Origin Bitcoin Fund,Fidelity,BTC,0.25,18.0531,137.915,0.9053,2873600,3-4
644,FBTC,0.297263,0.303471,90.88,2025-05-16,Fidelity Wise Origin Bitcoin Fund,Fidelity,BTC,0.25,18.372,37.778,0.9023,2048000,3-3
645,FBTC,0.310781,1.015907,92.16,2025-05-19,Fidelity Wise Origin Bitcoin Fund,Fidelity,BTC,0.25,18.4637,117.927,0.8936,2712000,3-4
646,FBTC,0.163506,-0.168838,93.51,2025-05-20,Fidelity Wise Origin Bitcoin Fund,Fidelity,BTC,0.25,17.4647,-15.356,0.927,2331800,3-2
647,FBTC,0.031337,-0.153406,94.91,2025-05-21,Fidelity Wise Origin Bitcoin Fund,Fidelity,BTC,0.25,16.568,-13.62,0.901,6716400,3-2
648,FBTC,0.047661,0.65582,97.06,2025-05-22,Fidelity Wise Origin Bitcoin Fund,Fidelity,BTC,0.25,16.6788,77.418,0.9046,5123100,3-4
649,FBTC,0.089163,0.958104,94.98,2025-05-23,Fidelity Wise Origin Bitcoin Fund,Fidelity,BTC,0.25,16.9603,111.425,0.8935,3889100,3-4
650,FBTC,0.044884,0.99936,95.98,2025-05-27,Fidelity Wise Origin Bitcoin Fund,Fidelity,BTC,0.25,16.6599,116.066,0.8944,3573800,3-4
651,FBTC,0.146553,-0.927262,93.39,2025-05-28,Fidelity Wise Origin Bitcoin Fund,Fidelity,BTC,0.25,17.3496,-100.679,0.8982,3870700,3-1
652,FBTC,0.078464,0.370951,92.21,2025-05-29,Fidelity Wise Origin Bitcoin Fund,Fidelity,BTC,0.25,16.8877,45.37,0.8964,3567700,3-3
653,FBTC,0.082854,0.267709,91.38,2025-05-30,Fidelity Wise Origin Bitcoin Fund,Fidelity,BTC,0.25,16.9175,33.755,0.8912,2980900,3-3
654,FBTC,0.26281,-2.57447,91.2,2025-06-02,Fidelity Wise Origin Bitcoin Fund,Fidelity,BTC,0.25,18.1383,-285.99,0.8844,2504900,3-1
655,FBTC,0.449487,-0.407557,92.76,2025-06-03,Fidelity Wise Origin Bitcoin Fund,Fidelity,BTC,0.25,19.4047,-42.212,0.8877,2702200,3-2
656,FBTC,0.375079,0.590711,91.65,2025-06-04,Fidelity Wise Origin Bitcoin Fund,Fidelity,BTC,0.25,18.8999,70.093,0.8691,2110100,3-4
657,FBTC,0.340174,-0.177341,88.96,2025-06-05,Fidelity Wise Origin Bitcoin Fund,Fidelity,BTC,0.25,18.6631,-16.313,0.8688,3570200,3-2
658,FBTC,0.329659,-0.664725,91.05,2025-06-06,Fidelity Wise Origin Bitcoin Fund,Fidelity,BTC,0.25,18.5918,-71.144,0.8699,3127900,3-1
659,FBTC,0.121031,0.380713,94.86,2025-06-09,Fidelity Wise Origin Bitcoin Fund,Fidelity,BTC,0.25,17.1765,46.468,0.8557,2901800,3-3
660,FBTC,0.079248,-0.681582,95.67,2025-06-10,Fidelity Wise Origin Bitcoin Fund,Fidelity,BTC,0.25,16.8931,-73.04,0.8375,1917400,3-1
661,FBTC,-0.08634,0.304914,94.99,2025-06-11,Fidelity Wise Origin Bitcoin Fund,Fidelity,BTC,0.25,15.7697,37.941,0.8354,1698100,2-3
662,FBTC,-0.14085,0.818208,93.23,2025-06-12,Fidelity Wise Origin Bitcoin Fund,Fidelity,BTC,0.25,15.3999,95.686,0.8276,2106500,2-4
663,FBTC,0.030558,-0.629251,91.79,2025-06-13,Fidelity Wise Origin Bitcoin Fund,Fidelity,BTC,0.25,16.5627,-67.153,0.8322,2567100,3-1
664,FBTC,0.39386,2.40458,94.93,2025-06-16,Fidelity Wise Origin Bitcoin Fund,Fidelity,BTC,0.25,19.0273,274.153,0.8424,2015000,3-4
665,FBTC,0.587808,-0.146849,91.42,2025-06-17,Fidelity Wise Origin Bitcoin Fund,Fidelity,BTC,0.25,20.3431,-12.883,0.8547,3039800,4-2
666,FBTC,0.630187,-1.550887,90.63,2025-06-18,Fidelity Wise Origin Bitcoin Fund,Fidelity,BTC,0.25,20.6305,-170.837,0.84,2131300,4-1
667,FBTC,0.617057,-1.195181,90.08,2025-06-20,Fidelity Wise Origin Bitcoin Fund,Fidelity,BTC,0.25,20.5415,-130.82,0.8371,2561600,4-1
668,FBTC,0.73054,-1.262381,90.11,2025-06-23,Fidelity Wise Origin Bitcoin Fund,Fidelity,BTC,0.25,21.3113,-138.38,0.8254,3500300,4-1
669,FBTC,0.819322,-2.013343,92.23,2025-06-24,Fidelity Wise Origin Bitcoin Fund,Fidelity,BTC,0.25,21.9136,-222.863,0.826,3008100,4-1
670,FBTC,0.867874,0.674321,94.13,2025-06-25,Fidelity Wise Origin Bitcoin Fund,Fidelity,BTC,0.25,22.243,79.499,0.8172,3389200,4-4
671,FBTC,0.727595,1.74902,93.95,2025-06-26,Fidelity Wise Origin Bitcoin Fund,Fidelity,BTC,0.25,21.2914,200.403,0.8178,1529200,4-4
672,FBTC,0.748708,0.442029,93.28,2025-06-27,Fidelity Wise Origin Bitcoin Fund,Fidelity,BTC,0.25,21.4346,53.366,0.8154,2199900,4-3
673,FBTC,0.761137,2.646313,93.99,2025-06-30,Fidelity Wise Origin Bitcoin Fund,Fidelity,BTC,0.25,21.5189,301.348,0.8625,2385500,4-4
674,FBTC,0.659482,0.001856,91.95,2025-07-01,Fidelity Wise Origin Bitcoin Fund,Fidelity,BTC,0.25,20.8293,3.847,0.8735,2174100,4-3
675,FBTC,0.567469,0.440871,95.82,2025-07-02,Fidelity Wise Origin Bitcoin Fund,Fidelity,BTC,0.25,20.2051,53.236,0.8814,4476400,4-3
676,FBTC,0.596321,-0.540593,95.45,2025-07-03,Fidelity Wise Origin Bitcoin Fund,Fidelity,BTC,0.25,20.4008,-57.179,0.8346,1573500,4-2
677,FBTC,0.591912,0.073728,94.33,2025-07-07,Fidelity Wise Origin Bitcoin Fund,Fidelity,BTC,0.25,20.3709,11.932,0.8551,2051200,4-3
678,FBTC,0.592814,-0.408676,94.98,2025-07-08,Fidelity Wise Origin Bitcoin Fund,Fidelity,BTC,0.25,20.377,-42.338,0.8499,1810500,4-2
679,FBTC,0.608272,1.33513,97.65,2025-07-09,Fidelity Wise Origin Bitcoin Fund,Fidelity,BTC,0.25,20.4819,153.84,0.846,3157700,4-4
680,FBTC,0.738261,-1.648801,99.04,2025-07-10,Fidelity Wise Origin Bitcoin Fund,Fidelity,BTC,0.25,21.3637,-181.852,0.7912,3284800,4-1
681,FBTC,1.116637,1.921913,103.16,2025-07-11,Fidelity Wise Origin Bitcoin Fund,Fidelity,BTC,0.25,23.9306,219.853,0.7998,4991900,4-4
682,FBTC,1.116421,1.973909,104.72,2025-07-14,Fidelity Wise Origin Bitcoin Fund,Fidelity,BTC,0.25,23.9291,225.703,0.7961,5084400,4-4
683,FBTC,1.100375,0.421124,101.64,2025-07-15,Fidelity Wise Origin Bitcoin Fund,Fidelity,BTC,0.25,23.8202,51.014,0.8119,4722100,4-3
684,FBTC,0.905466,1.151087,104.14,2025-07-16,Fidelity Wise Origin Bitcoin Fund,Fidelity,BTC,0.25,22.498,133.135,0.814,4529200,4-4
685,FBTC,0.737693,2.223173,103.88,2025-07-17,Fidelity Wise Origin Bitcoin Fund,Fidelity,BTC,0.25,21.3599,253.745,0.8104,3296400,4-4
686,FBTC,0.684972,-0.871986,102.47,2025-07-18,Fidelity Wise Origin Bitcoin Fund,Fidelity,BTC,0.25,21.0022,-94.46,0.8413,4945700,4-1
687,FBTC,0.675058,-0.969528,101.88,2025-07-21,Fidelity Wise Origin Bitcoin Fund,Fidelity,BTC,0.25,20.935,-105.434,0.8432,3607700,4-1
688,FBTC,0.503485,0.773581,104.16,2025-07-22,Fidelity Wise Origin Bitcoin Fund,Fidelity,BTC,0.25,19.771,90.666,0.846,3780700,3-4
689,FBTC,0.337583,-0.687454,103.38,2025-07-23,Fidelity Wise Origin Bitcoin Fund,Fidelity,BTC,0.25,18.6456,-73.701,0.8432,3210300,3-1
690,FBTC,0.316024,0.558281,103.9,2025-07-24,Fidelity Wise Origin Bitcoin Fund,Fidelity,BTC,0.25,18.4993,66.445,0.8404,3250800,3-4
691,FBTC,0.418295,-0.234293,101.97,2025-07-25,Fidelity Wise Origin Bitcoin Fund,Fidelity,BTC,0.25,19.1931,-22.72,0.8527,3996700,3-2
692,FBTC,0.410859,0.680179,103.06,2025-07-28,Fidelity Wise Origin Bitcoin Fund,Fidelity,BTC,0.25,19.1427,80.158,0.8496,3456100,3-4
693,FBTC,0.409043,-0.15101,102.5,2025-07-29,Fidelity Wise Origin Bitcoin Fund,Fidelity,BTC,0.25,19.1303,-13.351,0.8456,3197100,3-2
694,FBTC,0.363263,-0.664444,101.97,2025-07-30,Fidelity Wise Origin Bitcoin Fund,Fidelity,BTC,0.25,18.8198,-71.112,0.8466,2855300,3-1
695,FBTC,0.335605,-0.171233,101.84,2025-07-31,Fidelity Wise Origin Bitcoin Fund,Fidelity,BTC,0.25,18.6321,-15.626,0.8217,3251800,3-2
696,FBTC,0.383582,-0.187803,98.66,2025-08-01,Fidelity Wise Origin Bitcoin Fund,Fidelity,BTC,0.25,18.9576,-17.49,0.8492,6280900,3-2
697,FBTC,0.382738,-0.801187,100.12,2025-08-04,Fidelity Wise Origin Bitcoin Fund,Fidelity,BTC,0.25,18.9519,-86.495,0.85,2472900,3-1
698,FBTC,0.38729,-0.56705,99.15,2025-08-05,Fidelity Wise Origin Bitcoin Fund,Fidelity,BTC,0.25,18.9828,-60.155,0.8546,2736500,3-1
699,FBTC,0.374873,0.550961,100.62,2025-08-06,Fidelity Wise Origin Bitcoin Fund,Fidelity,BTC,0.25,18.8985,65.621,0.8621,2846200,3-4
700,FBTC,0.180098,-0.481967,102.65,2025-08-07,Fidelity Wise Origin Bitcoin Fund,Fidelity,BTC,0.25,17.5772,-50.583,0.861,2818400,3-2
701,FBTC,-0.359635,0.340096,101.6,2025-08-08,Fidelity Wise Origin Bitcoin Fund,Fidelity,BTC,0.25,13.9157,41.899,0.8524,2438600,2-3
702,FBTC,-0.319166,0.848778,103.88,2025-08-11,Fidelity Wise Origin Bitcoin Fund,Fidelity,BTC,0.25,14.1903,99.125,0.854,3059300,2-4
703,FBTC,-0.480108,0.645529,104.42,2025-08-12,Fidelity Wise Origin Bitcoin Fund,Fidelity,BTC,0.25,13.0985,76.26,0.851,2912000,2-4
704,FBTC,-0.708837,0.334468,107.27,2025-08-13,Fidelity Wise Origin Bitcoin Fund,Fidelity,BTC,0.25,11.5468,41.266,0.8593,5045300,1-3
705,FBTC,-0.721836,-0.245443,102.97,2025-08-14,Fidelity Wise Origin Bitcoin Fund,Fidelity,BTC,0.25,11.4586,-23.974,0.8746,5801100,1-2
706,FBTC,-0.735685,-0.036559,102.03,2025-08-15,Fidelity Wise Origin Bitcoin Fund,Fidelity,BTC,0.25,11.3647,-0.475,0.8735,2843900,1-2
707,FBTC,-0.730797,-0.41137,101.47,2025-08-18,Fidelity Wise Origin Bitcoin Fund,Fidelity,BTC,0.25,11.3978,-42.641,0.8828,2464000,1-2
708,FBTC,-0.738895,-0.152974,98.62,2025-08-19,Fidelity Wise Origin Bitcoin Fund,Fidelity,BTC,0.25,11.3429,-13.572,0.8809,4626200,1-2
709,FBTC,-0.739967,-0.634687,99.68,2025-08-20,Fidelity Wise Origin Bitcoin Fund,Fidelity,BTC,0.25,11.3356,-67.764,0.9095,3714500,1-1
710,FBTC,-0.787157,-0.573206,97.79,2025-08-21,Fidelity Wise Origin Bitcoin Fund,Fidelity,BTC,0.25,11.0155,-60.848,0.9161,3282600,1-1
711,FBTC,-0.925678,0.013813,101.79,2025-08-22,Fidelity Wise Origin Bitcoin Fund,Fidelity,BTC,0.25,10.0758,5.192,0.9143,6612700,1-3
712,FBTC,-0.992976,-0.059281,96.63,2025-08-25,Fidelity Wise Origin Bitcoin Fund,Fidelity,BTC,0.25,9.6192,-3.031,0.9138,4787900,1-2
713,FBTC,-0.914508,-0.805937,96.94,2025-08-26,Fidelity Wise Origin Bitcoin Fund,Fidelity,BTC,0.25,10.1516,-87.03,0.9111,3917100,1-1
714,FBTC,-0.764116,0.482862,97.8,2025-08-27,Fidelity Wise Origin Bitcoin Fund,Fidelity,BTC,0.25,11.1718,57.96,0.9209,2962000,1-3
715,FBTC,-0.79589,-0.233639,97.67,2025-08-28,Fidelity Wise Origin Bitcoin Fund,Fidelity,BTC,0.25,10.9562,-22.646,0.9198,2391800,1-2
716,FBTC,-0.959317,-0.622959,94.39,2025-08-29,Fidelity Wise Origin Bitcoin Fund,Fidelity,BTC,0.25,9.8476,-66.445,0.9175,4689700,1-1
717,FBTC,-0.96193,-0.777262,96.67,2025-09-02,Fidelity Wise Origin Bitcoin Fund,Fidelity,BTC,0.25,9.8298,-83.804,0.9159,4564200,1-1
718,FBTC,-0.899858,0.930954,97.93,2025-09-03,Fidelity Wise Origin Bitcoin Fund,Fidelity,BTC,0.25,10.2509,108.37,0.9191,2639800,1-4
719,FBTC,-0.795096,-1.484736,95.79,2025-09-04,Fidelity Wise Origin Bitcoin Fund,Fidelity,BTC,0.25,10.9616,-163.395,0.9508,2782800,1-1
720,FBTC,-0.55393,1.100599,97.36,2025-09-05,Fidelity Wise Origin Bitcoin Fund,Fidelity,BTC,0.25,12.5977,127.455,0.9504,3375800,2-4
721,FBTC,-0.525287,0.417395,97.81,2025-09-08,Fidelity Wise Origin Bitcoin Fund,Fidelity,BTC,0.25,12.792,50.595,0.9503,2816400,2-3
722,FBTC,-0.567834,0.165401,97.14,2025-09-09,Fidelity Wise Origin Bitcoin Fund,Fidelity,BTC,0.25,12.5033,22.246,0.9585,3237100,2-3
723,FBTC,-0.584895,-0.650172,99.11,2025-09-10,Fidelity Wise Origin Bitcoin Fund,Fidelity,BTC,0.25,12.3876,-69.506,0.9583,4542400,2-1
724,FBTC,-0.591099,0.12833,99.91,2025-09-11,Fidelity Wise Origin Bitcoin Fund,Fidelity,BTC,0.25,12.3455,18.075,0.9484,2256000,2-3
725,FBTC,-0.41165,0.034618,101.99,2025-09-12,Fidelity Wise Origin Bitcoin Fund,Fidelity,BTC,0.25,13.5629,7.532,0.9315,2708100,2-3
726,FBTC,-0.363289,-0.046029,100.6,2025-09-15,Fidelity Wise Origin Bitcoin Fund,Fidelity,BTC,0.25,13.8909,-1.54,0.9353,3180500,2-2
727,FBTC,-0.368251,0.311365,101.93,2025-09-16,Fidelity Wise Origin Bitcoin Fund,Fidelity,BTC,0.25,13.8573,38.666,0.9427,3050600,2-3
728,FBTC,-0.33749,-0.277136,100.89,2025-09-17,Fidelity Wise Origin Bitcoin Fund,Fidelity,BTC,0.25,14.066,-27.54,0.9651,4078800,2-2
729,FBTC,-0.267839,1.0392,102.47,2025-09-18,Fidelity Wise Origin Bitcoin Fund,Fidelity,BTC,0.25,14.5385,120.548,0.9645,3321500,2-4
730,FBTC,-0.235201,-1.087253,100.43,2025-09-19,Fidelity Wise Origin Bitcoin Fund,Fidelity,BTC,0.25,14.7599,-118.678,0.9655,2975500,2-1
731,FBTC,-0.248942,-0.473925,97.81,2025-09-22,Fidelity Wise Origin Bitcoin Fund,Fidelity,BTC,0.25,14.6667,-49.679,0.9678,3165800,2-2
732,FBTC,-0.250636,-0.471677,97.37,2025-09-23,Fidelity Wise Origin Bitcoin Fund,Fidelity,BTC,0.25,14.6552,-49.426,0.9673,2942700,2-2
733,FBTC,-0.311315,0.58954,98.95,2025-09-24,Fidelity Wise Origin Bitcoin Fund,Fidelity,BTC,0.25,14.2435,69.961,0.97,2983300,2-4
734,FBTC,-0.441361,-0.271408,95.38,2025-09-25,Fidelity Wise Origin Bitcoin Fund,Fidelity,BTC,0.25,13.3613,-26.895,0.9633,5975100,2-2
735,FBTC,-0.509301,-0.21908,95.21,2025-09-26,Fidelity Wise Origin Bitcoin Fund,Fidelity,BTC,0.25,12.9004,-21.009,0.9435,4295800,2-2
736,FBTC,-0.474159,0.536987,99.81,2025-09-29,Fidelity Wise Origin Bitcoin Fund,Fidelity,BTC,0.25,13.1388,64.049,0.9607,4611900,2-3
737,FBTC,-0.469478,0.633432,99.81,2025-09-30,Fidelity Wise Origin Bitcoin Fund,Fidelity,BTC,0.25,13.1706,74.899,0.9603,2944300,2-4
738,FBTC,-0.444446,-0.725624,102.51,2025-10-01,Fidelity Wise Origin Bitcoin Fund,Fidelity,BTC,0.25,13.3404,-77.995,0.9422,4965800,2-1
739,FBTC,-0.459001,0.408225,105.54,2025-10-02,Fidelity Wise Origin Bitcoin Fund,Fidelity,BTC,0.25,13.2416,49.563,0.9445,5267600,2-3
740,FBTC,-0.666631,1.289526,107.17,2025-10-03,Fidelity Wise Origin Bitcoin Fund,Fidelity,BTC,0.25,11.8331,148.71,0.9899,6688400,1-4
741,FBTC,-0.716946,0.785359,109.44,2025-10-06,Fidelity Wise Origin Bitcoin Fund,Fidelity,BTC,0.25,11.4918,91.991,0.9759,6395300,1-4
742,FBTC,-0.703103,0.137456,106.12,2025-10-07,Fidelity Wise Origin Bitcoin Fund,Fidelity,BTC,0.25,11.5857,19.102,0.9848,7840000,1-3
743,FBTC,-0.702549,0.997112,107.65,2025-10-08,Fidelity Wise Origin Bitcoin Fund,Fidelity,BTC,0.25,11.5894,115.813,0.9742,4940000,1-4
744,FBTC,-0.685202,-0.745004,105.56,2025-10-09,Fidelity Wise Origin Bitcoin Fund,Fidelity,BTC,0.25,11.7071,-80.175,0.9728,4763700,1-1
745,FBTC,-0.318663,1.475395,101.73,2025-10-10,Fidelity Wise Origin Bitcoin Fund,Fidelity,BTC,0.25,14.1937,169.62,0.8897,9642800,2-4
746,FBTC,-0.030417,-0.63517,101.05,2025-10-13,Fidelity Wise Origin Bitcoin Fund,Fidelity,BTC,0.25,16.1491,-67.819,0.8732,6961100,3-1
747,FBTC,0.049676,-1.303099,98.21,2025-10-14,Fidelity Wise Origin Bitcoin Fund,Fidelity,BTC,0.25,16.6924,-142.961,0.8806,8008200,3-1
748,FBTC,0.044251,-0.683008,97.03,2025-10-15,Fidelity Wise Origin Bitcoin Fund,Fidelity,BTC,0.25,16.6556,-73.2,0.8737,5542500,3-1
749,FBTC,0.008299,-0.720367,94.37,2025-10-16,Fidelity Wise Origin Bitcoin Fund,Fidelity,BTC,0.25,16.4117,-77.403,0.8796,10158600,3-1
750,FBTC,-0.024742,-3.334946,92.86,2025-10-17,Fidelity Wise Origin Bitcoin Fund,Fidelity,BTC,0.25,16.1876,-371.543,0.8809,11178600,3-1
751,FBTC,0.002445,-0.74607,96.69,2025-10-20,Fidelity Wise Origin Bitcoin Fund,Fidelity,BTC,0.25,16.372,-80.295,0.8879,6603700,3-1
752,FBTC,0.350693,2.594286,97.55,2025-10-21,Fidelity Wise Origin Bitcoin Fund,Fidelity,BTC,0.25,18.7345,295.495,0.872,8047400,3-4
753,FBTC,0.816458,-0.715253,93.96,2025-10-22,Fidelity Wise Origin Bitcoin Fund,Fidelity,BTC,0.25,21.8942,-76.828,0.8781,8689700,4-1
754,FBTC,0.823838,0.22711,96.14,2025-10-23,Fidelity Wise Origin Bitcoin Fund,Fidelity,BTC,0.25,21.9443,29.188,0.8809,3932300,4-3
755,FBTC,0.807498,0.033155,96.48,2025-10-24,Fidelity Wise Origin Bitcoin Fund,Fidelity,BTC,0.25,21.8334,7.368,0.8874,2600400,4-3
756,FBTC,0.874273,0.691108,100.27,2025-10-27,Fidelity Wise Origin Bitcoin Fund,Fidelity,BTC,0.25,22.2864,81.388,0.8914,3303000,4-4
757,FBTC,0.873733,-1.830797,99.09,2025-10-28,Fidelity Wise Origin Bitcoin Fund,Fidelity,BTC,0.25,22.2827,-202.327,0.8918,4197700,4-1
758,FBTC,0.832549,0.564602,96.41,2025-10-29,Fidelity Wise Origin Bitcoin Fund,Fidelity,BTC,0.25,22.0033,67.156,0.8946,6876700,4-4
759,FBTC,0.989884,-1.923793,92.74,2025-10-30,Fidelity Wise Origin Bitcoin Fund,Fidelity,BTC,0.25,23.0707,-212.789,0.9039,5909900,4-1
760,FBTC,1.18547,0.30375,95.69,2025-10-31,Fidelity Wise Origin Bitcoin Fund,Fidelity,BTC,0.25,24.3975,37.81,0.9114,4649100,4-3
761,FBTC,1.187878,-1.326719,92.89,2025-11-03,Fidelity Wise Origin Bitcoin Fund,Fidelity,BTC,0.25,24.4139,-145.618,0.9141,7004200,4-1
762,FBTC,1.230685,-2.16123,87.81,2025-11-04,Fidelity Wise Origin Bitcoin Fund,Fidelity,BTC,0.25,24.7042,-239.5,0.9268,13442700,4-1
763,FBTC,1.274955,-0.955134,90.52,2025-11-05,Fidelity Wise Origin Bitcoin Fund,Fidelity,BTC,0.25,25.0046,-103.815,0.9362,4054700,4-1
764,FBTC,1.269666,0.750235,87.95,2025-11-06,Fidelity Wise Origin Bitcoin Fund,Fidelity,BTC,0.25,24.9687,88.039,0.9371,7285300,4-4
765,FBTC,0.975895,-0.314223,90.44,2025-11-07,Fidelity Wise Origin Bitcoin Fund,Fidelity,BTC,0.25,22.9758,-31.712,0.9409,6159600,4-2
766,FBTC,0.779956,-0.09534,92.43,2025-11-10,Fidelity Wise Origin Bitcoin Fund,Fidelity,BTC,0.25,21.6466,-7.088,0.9392,4311500,4-2
767,FBTC,0.727149,0.611844,89.59,2025-11-11,Fidelity Wise Origin Bitcoin Fund,Fidelity,BTC,0.25,21.2883,72.47,0.9433,2778300,4-4
768,FBTC,0.706855,-0.220995,88.5,2025-11-12,Fidelity Wise Origin Bitcoin Fund,Fidelity,BTC,0.25,21.1507,-21.224,0.9431,5047600,4-2
769,FBTC,0.804023,-1.25036,85.43,2025-11-13,Fidelity Wise Origin Bitcoin Fund,Fidelity,BTC,0.25,21.8098,-137.027,0.9519,8253600,4-1
770,FBTC,0.873684,-0.992676,82.15,2025-11-14,Fidelity Wise Origin Bitcoin Fund,Fidelity,BTC,0.25,22.2824,-108.038,0.9323,8834900,4-1
771,FBTC,0.852394,-1.128601,80.02,2025-11-17,Fidelity Wise Origin Bitcoin Fund,Fidelity,BTC,0.25,22.138,-123.33,0.9292,10049000,4-1
772,FBTC,0.513999,-0.558138,80.9,2025-11-18,Fidelity Wise Origin Bitcoin Fund,Fidelity,BTC,0.25,19.8423,-59.153,0.9364,8225700,3-1
773,FBTC,0.286699,-2.528286,77.93,2025-11-19,Fidelity Wise Origin Bitcoin Fund,Fidelity,BTC,0.25,18.3004,-280.794,0.951,9523600,3-1
774,FBTC,0.413359,0.288997,75.22,2025-11-20,Fidelity Wise Origin Bitcoin Fund,Fidelity,BTC,0.25,19.1596,36.15,0.9276,16389200,3-3
775,FBTC,0.411066,-1.057352,73.72,2025-11-21,Fidelity Wise Origin Bitcoin Fund,Fidelity,BTC,0.25,19.1441,-115.314,0.9343,14913700,3-1
776,FBTC,0.46643,0.780862,77.69,2025-11-24,Fidelity Wise Origin Bitcoin Fund,Fidelity,BTC,0.25,19.5196,91.485,0.9562,6322100,3-4
777,FBTC,0.511725,-0.382348,76.08,2025-11-25,Fidelity Wise Origin Bitcoin Fund,Fidelity,BTC,0.25,19.8269,-39.376,0.9586,5576800,3-2
778,FBTC,0.511613,1.218127,78.39,2025-11-26,Fidelity Wise Origin Bitcoin Fund,Fidelity,BTC,0.25,19.8262,140.677,0.9522,6861200,3-4
779,FBTC,0.234161,0.292376,79.08,2025-11-28,Fidelity Wise Origin Bitcoin Fund,Fidelity,BTC,0.25,17.944,36.53,0.9511,4241300,3-3
780,FBTC,0.016113,-0.250164,74.52,2025-12-01,Fidelity Wise Origin Bitcoin Fund,Fidelity,BTC,0.25,16.4648,-24.506,0.9619,7776800,3-2
781,FBTC,0.053598,-1.130452,79.35,2025-12-02,Fidelity Wise Origin Bitcoin Fund,Fidelity,BTC,0.25,16.719,-123.538,0.9773,7807700,3-1
782,FBTC,-0.024525,-0.330147,81.05,2025-12-03,Fidelity Wise Origin Bitcoin Fund,Fidelity,BTC,0.25,16.1891,-33.504,0.9762,5144400,3-2
783,FBTC,-0.021025,0.898504,80.66,2025-12-04,Fidelity Wise Origin Bitcoin Fund,Fidelity,BTC,0.25,16.2128,104.72,0.9739,3995400,3-4
784,FBTC,-0.018965,0.006068,77.87,2025-12-05,Fidelity Wise Origin Bitcoin Fund,Fidelity,BTC,0.25,16.2268,4.321,0.9795,5557700,3-3
785,FBTC,-0.066349,1.077686,79.14,2025-12-08,Fidelity Wise Origin Bitcoin Fund,Fidelity,BTC,0.25,15.9053,124.878,0.9773,3899500,2-4
786,FBTC,-0.05748,0.728322,81.18,2025-12-09,Fidelity Wise Origin Bitcoin Fund,Fidelity,BTC,0.25,15.9655,85.574,0.9791,6396800,2-4
787,FBTC,-0.066326,0.948759,80.66,2025-12-10,Fidelity Wise Origin Bitcoin Fund,Fidelity,BTC,0.25,15.9055,110.373,0.9786,4388100,2-4
788,FBTC,0.038296,-1.128751,79.98,2025-12-11,Fidelity Wise Origin Bitcoin Fund,Fidelity,BTC,0.25,16.6152,-123.346,0.9758,4902200,3-1
789,FBTC,-0.093109,0.004669,78.67,2025-12-12,Fidelity Wise Origin Bitcoin Fund,Fidelity,BTC,0.25,15.7238,4.163,0.97,5558100,2-3
790,FBTC,-0.135426,-0.997123,74.74,2025-12-15,Fidelity Wise Origin Bitcoin Fund,Fidelity,BTC,0.25,15.4367,-108.538,0.9762,6990700,2-1
791,FBTC,-0.12008,-0.838261,76.35,2025-12-16,Fidelity Wise Origin Bitcoin Fund,Fidelity,BTC,0.25,15.5408,-90.666,0.9782,5976200,2-1
792,FBTC,-0.124025,-0.962573,74.85,2025-12-17,Fidelity Wise Origin Bitcoin Fund,Fidelity,BTC,0.25,15.5141,-104.651,0.9785,10939600,2-1
793,FBTC,-0.42075,-0.375305,73.75,2025-12-18,Fidelity Wise Origin Bitcoin Fund,Fidelity,BTC,0.25,13.5011,-38.584,0.9773,5767100,2-2
794,FBTC,-0.523508,-0.212726,76.69,2025-12-19,Fidelity Wise Origin Bitcoin Fund,Fidelity,BTC,0.25,12.804,-20.294,0.9854,5055000,2-2
795,FBTC,-0.532448,0.487982,76.96,2025-12-22,Fidelity Wise Origin Bitcoin Fund,Fidelity,BTC,0.25,12.7434,58.536,0.9869,6664600,2-3
796,FBTC,-0.768857,0.361407,76.34,2025-12-23,Fidelity Wise Origin Bitcoin Fund,Fidelity,BTC,0.25,11.1396,44.296,0.9799,3739600,1-3
797,FBTC,-0.834033,-0.145037,76.02,2025-12-24,Fidelity Wise Origin Bitcoin Fund,Fidelity,BTC,0.25,10.6975,-12.679,0.9788,2132700,1-2
798,FBTC,-0.807173,1.097777,76.28,2025-12-26,Fidelity Wise Origin Bitcoin Fund,Fidelity,BTC,0.25,10.8797,127.138,0.9918,5827800,1-4
799,FBTC,-0.813245,-0.014626,75.88,2025-12-29,Fidelity Wise Origin Bitcoin Fund,Fidelity,BTC,0.25,10.8385,1.993,0.9848,3668100,1-2
800,FBTC,-0.866703,-0.444661,76.55,2025-12-30,Fidelity Wise Origin Bitcoin Fund,Fidelity,BTC,0.25,10.4759,-46.386,0.9808,5982100,1-2
801,FBTC,-0.884213,-0.252126,76.23,2025-12-31,Fidelity Wise Origin Bitcoin Fund,Fidelity,BTC,0.25,10.3571,-24.726,0.9791,4560000,1-2
802,FBTC,-0.885466,0.193202,78.19,2026-01-02,Fidelity Wise Origin Bitcoin Fund,Fidelity,BTC,0.25,10.3486,25.373,0.9758,7656200,1-3
803,FBTC,-0.933899,0.165746,82.1,2026-01-05,Fidelity Wise Origin Bitcoin Fund,Fidelity,BTC,0.25,10.02,22.284,0.9841,6948600,1-3
804,FBTC,-0.693952,-1.082187,80.55,2026-01-06,Fidelity Wise Origin Bitcoin Fund,Fidelity,BTC,0.25,11.6478,-118.108,0.9817,5605400,1-1
805,FBTC,-0.601046,0.364281,79.23,2026-01-07,Fidelity Wise Origin Bitcoin Fund,Fidelity,BTC,0.25,12.278,44.62,1.0375,4266500,2-3
806,FBTC,-0.609095,-0.010213,79.12,2026-01-08,Fidelity Wise Origin Bitcoin Fund,Fidelity,BTC,0.25,12.2234,2.489,1.052,4902500,2-2
807,FBTC,-0.609864,0.045011,78.59,2026-01-09,Fidelity Wise Origin Bitcoin Fund,Fidelity,BTC,0.25,12.2182,8.702,1.0485,4007300,2-3
808,FBTC,-0.736979,-0.010117,79.69,2026-01-12,Fidelity Wise Origin Bitcoin Fund,Fidelity,BTC,0.25,11.3559,2.5,1.0547,3969100,1-2
809,FBTC,-0.631772,0.359465,82.33,2026-01-13,Fidelity Wise Origin Bitcoin Fund,Fidelity,BTC,0.25,12.0696,44.078,1.0363,5602000,2-3
810,FBTC,-0.499952,0.825244,85.12,2026-01-14,Fidelity Wise Origin Bitcoin Fund,Fidelity,BTC,0.25,12.9638,96.478,1.0439,6282600,2-4
811,FBTC,-0.43281,-0.259779,82.99,2026-01-15,Fidelity Wise Origin Bitcoin Fund,Fidelity,BTC,0.25,13.4193,-25.587,1.0466,5166400,2-2
812,FBTC,-0.426295,0.092273,83.23,2026-01-16,Fidelity Wise Origin Bitcoin Fund,Fidelity,BTC,0.25,13.4635,14.019,1.06,4638100,2-3
813,FBTC,-0.318064,0.92329,77.98,2026-01-20,Fidelity Wise Origin Bitcoin Fund,Fidelity,BTC,0.25,14.1977,107.508,1.0253,6551300,2-4
814,FBTC,-0.333392,1.593453,78.49,2026-01-21,Fidelity Wise Origin Bitcoin Fund,Fidelity,BTC,0.25,14.0938,182.901,1.023,9797900,2-4
815,FBTC,-0.2692,-0.654591,77.83,2026-01-22,Fidelity Wise Origin Bitcoin Fund,Fidelity,BTC,0.25,14.5292,-70.003,1.0235,3750000,2-1
816,FBTC,-0.278949,0.326702,77.92,2026-01-23,Fidelity Wise Origin Bitcoin Fund,Fidelity,BTC,0.25,14.4631,40.392,1.0158,3823000,2-3
817,FBTC,-0.270059,-0.611602,76.26,2026-01-26,Fidelity Wise Origin Bitcoin Fund,Fidelity,BTC,0.25,14.5234,-65.167,1.0173,5438500,2-1
818,FBTC,-0.224943,-1.019517,77.83,2026-01-27,Fidelity Wise Origin Bitcoin Fund,Fidelity,BTC,0.25,14.8295,-111.058,1.0203,4036800,2-1
819,FBTC,-0.218957,-0.911045,77.55,2026-01-28,Fidelity Wise Origin Bitcoin Fund,Fidelity,BTC,0.25,14.8701,-98.854,1.0129,4112300,2-1
820,FBTC,-0.226228,-0.480684,73.15,2026-01-29,Fidelity Wise Origin Bitcoin Fund,Fidelity,BTC,0.25,14.8207,-50.439,1.0113,9092200,2-2
821,FBTC,-0.242769,-0.238723,73.02,2026-01-30,Fidelity Wise Origin Bitcoin Fund,Fidelity,BTC,0.25,14.7085,-23.218,1.0104,8235300,2-2
822,FBTC,-0.22592,-0.05675,67.89,2026-02-02,Fidelity Wise Origin Bitcoin Fund,Fidelity,BTC,0.25,14.8228,-2.746,1.01,12943600,2-2
823,FBTC,-0.010892,0.738617,66.58,2026-02-03,Fidelity Wise Origin Bitcoin Fund,Fidelity,BTC,0.25,16.2816,86.732,0.9899,13322200,3-4
824,FBTC,-0.186874,0.591987,63.9,2026-02-04,Fidelity Wise Origin Bitcoin Fund,Fidelity,BTC,0.25,15.0877,70.236,0.9923,14478100,2-4
825,FBTC,-0.233464,1.512483,55.45,2026-02-05,Fidelity Wise Origin Bitcoin Fund,Fidelity,BTC,0.25,14.7717,173.792,0.969,26561500,2-4
826,FBTC,-0.062028,-0.228997,60.96,2026-02-06,Fidelity Wise Origin Bitcoin Fund,Fidelity,BTC,0.25,15.9347,-22.124,0.94,10498300,2-2
827,FBTC,0.090413,1.696235,61.605,2026-02-09,Fidelity Wise Origin Bitcoin Fund,Fidelity,BTC,0.25,16.9688,194.464,0.939,8557600,3-4
828,FBTC,0.133575,-0.953811,59.9,2026-02-10,Fidelity Wise Origin Bitcoin Fund,Fidelity,BTC,0.25,17.2616,-103.666,0.9406,4618600,3-1
829,FBTC,0.048158,0.18754,58.82,2026-02-11,Fidelity Wise Origin Bitcoin Fund,Fidelity,BTC,0.25,16.6821,24.736,0.9362,7415600,3-3
830,FBTC,0.180414,-2.288596,56.91,2026-02-12,Fidelity Wise Origin Bitcoin Fund,Fidelity,BTC,0.25,17.5794,-253.829,0.9452,9723100,3-1
831,FBTC,0.237598,0.381503,59.89,2026-02-13,Fidelity Wise Origin Bitcoin Fund,Fidelity,BTC,0.25,17.9673,46.557,0.9526,6026500,3-3
832,FBTC,0.242299,-0.679069,59.02,2026-02-17,Fidelity Wise Origin Bitcoin Fund,Fidelity,BTC,0.25,17.9992,-72.757,0.9513,5102100,3-1
833,FBTC,0.136149,-0.46025,57.69,2026-02-18,Fidelity Wise Origin Bitcoin Fund,Fidelity,BTC,0.25,17.2791,-48.14,0.9494,6246200,3-2
834,FBTC,0.14276,-0.554599,58.46,2026-02-19,Fidelity Wise Origin Bitcoin Fund,Fidelity,BTC,0.25,17.3239,-58.754,0.9606,3891400,3-2
835,FBTC,0.110623,0.917253,59.01,2026-02-20,Fidelity Wise Origin Bitcoin Fund,Fidelity,BTC,0.25,17.1059,106.829,0.9587,7628000,3-4
836,FBTC,0.111177,-0.445639,56.13,2026-02-23,Fidelity Wise Origin Bitcoin Fund,Fidelity,BTC,0.25,17.1097,-46.496,0.95,6669200,3-2
837,FBTC,0.113134,-0.132844,56.13,2026-02-24,Fidelity Wise Origin Bitcoin Fund,Fidelity,BTC,0.25,17.1229,-11.307,0.9489,5180200,3-2
838,FBTC,0.172009,1.881506,60.3,2026-02-25,Fidelity Wise Origin Bitcoin Fund,Fidelity,BTC,0.25,17.5223,215.307,0.9634,6270000,3-4
839,FBTC,0.361389,-0.305055,58.74,2026-02-26,Fidelity Wise Origin Bitcoin Fund,Fidelity,BTC,0.25,18.8071,-30.681,0.9635,5998100,3-2
840,FBTC,0.362591,-0.243019,57.15,2026-02-27,Fidelity Wise Origin Bitcoin Fund,Fidelity,BTC,0.25,18.8152,-23.702,0.9591,3154300,3-2
841,FBTC,0.425473,0.931594,60.26,2026-03-02,Fidelity Wise Origin Bitcoin Fund,Fidelity,BTC,0.25,19.2418,108.442,0.9596,10070400,3-4
842,FBTC,0.434928,-0.374306,59.45,2026-03-03,Fidelity Wise Origin Bitcoin Fund,Fidelity,BTC,0.25,19.3059,-38.471,0.9602,5118100,3-2
843,FBTC,0.266591,-0.996144,63.68,2026-03-04,Fidelity Wise Origin Bitcoin Fund,Fidelity,BTC,0.25,18.164,-108.428,0.9687,6999800,3-1
844,FBTC,0.246744,0.627149,62.05,2026-03-05,Fidelity Wise Origin Bitcoin Fund,Fidelity,BTC,0.25,18.0293,74.192,0.967,4882700,3-4
845,FBTC,0.254502,0.396126,59.31,2026-03-06,Fidelity Wise Origin Bitcoin Fund,Fidelity,BTC,0.25,18.082,48.202,0.9695,5759500,3-3
846,FBTC,0.163784,0.23788,60.13,2026-03-09,Fidelity Wise Origin Bitcoin Fund,Fidelity,BTC,0.25,17.4665,30.399,0.9692,5188300,3-3
847,FBTC,0.038079,0.265763,61.03,2026-03-10,Fidelity Wise Origin Bitcoin Fund,Fidelity,BTC,0.25,16.6138,33.536,0.9672,5141000,3-3
848,FBTC,-0.006623,-0.006705,61.57,2026-03-11,Fidelity Wise Origin Bitcoin Fund,Fidelity,BTC,0.25,16.3105,2.884,0.9693,4729400,3-2
849,FBTC,-0.002454,-0.583668,61.37,2026-03-12,Fidelity Wise Origin Bitcoin Fund,Fidelity,BTC,0.25,16.3388,-62.025,0.9704,5122600,3-1
850,FBTC,-0.315227,0.378848,61.98,2026-03-13,Fidelity Wise Origin Bitcoin Fund,Fidelity,BTC,0.25,14.217,46.258,0.9664,7059100,2-3
851,FBTC,-0.337175,-1.586895,64.44,2026-03-16,Fidelity Wise Origin Bitcoin Fund,Fidelity,BTC,0.25,14.0681,-174.888,0.9566,6528500,2-1
852,FBTC,-0.092915,0.744511,64.94,2026-03-17,Fidelity Wise Origin Bitcoin Fund,Fidelity,BTC,0.25,15.7251,87.395,0.9539,5369700,2-4
853,FBTC,-0.027698,-0.829392,61.89,2026-03-18,Fidelity Wise Origin Bitcoin Fund,Fidelity,BTC,0.25,16.1675,-89.669,0.9587,5044100,3-1
854,FBTC,-0.020208,0.402974,61.19,2026-03-19,Fidelity Wise Origin Bitcoin Fund,Fidelity,BTC,0.25,16.2184,48.973,0.9534,4834800,3-3
855,FBTC,0.014807,-0.736251,61.12,2026-03-20,Fidelity Wise Origin Bitcoin Fund,Fidelity,BTC,0.25,16.4559,-79.19,0.9521,3467800,3-1
856,FBTC,0.015135,0.497943,61.55,2026-03-23,Fidelity Wise Origin Bitcoin Fund,Fidelity,BTC,0.25,16.4581,59.657,0.9527,5446800,3-3
857,FBTC,0.074944,-2.459693,60.4,2026-03-24,Fidelity Wise Origin Bitcoin Fund,Fidelity,BTC,0.25,16.8639,-273.077,0.9534,5150600,3-1
858,FBTC,0.000791,-0.39702,61.69,2026-03-25,Fidelity Wise Origin Bitcoin Fund,Fidelity,BTC,0.25,16.3608,-41.027,0.9554,4272300,3-2
859,FBTC,-0.207295,-0.908632,59.66,2026-03-26,Fidelity Wise Origin Bitcoin Fund,Fidelity,BTC,0.25,14.9492,-98.583,0.955,4543700,2-1
860,FBTC,-0.217596,-0.307037,57.47,2026-03-27,Fidelity Wise Origin Bitcoin Fund,Fidelity,BTC,0.25,14.8793,-30.904,0.957,6382200,2-2
861,FBTC,-0.310868,-0.265119,57.89,2026-03-30,Fidelity Wise Origin Bitcoin Fund,Fidelity,BTC,0.25,14.2466,-26.188,0.9577,5563600,2-2
862,FBTC,-0.335959,0.724121,59.03,2026-03-31,Fidelity Wise Origin Bitcoin Fund,Fidelity,BTC,0.25,14.0763,85.101,0.9573,6809600,2-4
863,FBTC,-0.33928,0.482002,59.36,2026-04-01,Fidelity Wise Origin Bitcoin Fund,Fidelity,BTC,0.25,14.0538,57.863,0.9529,5401200,2-3
864,FBTC,-0.339377,0.389006,58.36,2026-04-02,Fidelity Wise Origin Bitcoin Fund,Fidelity,BTC,0.25,14.0532,47.401,0.9537,4726100,2-3
865,FBTC,-0.286754,1.667549,60.72,2026-04-06,Fidelity Wise Origin Bitcoin Fund,Fidelity,BTC,0.25,14.4101,191.237,0.9607,4725800,2-4
866,FBTC,0.975353,-3.078884,60.09,2026-04-07,Fidelity Wise Origin Bitcoin Fund,Fidelity,BTC,0.25,22.9721,-342.736,0.9315,3641000,4-1
867,FBTC,1.748401,1.056617,62.14,2026-04-08,Fidelity Wise Origin Bitcoin Fund,Fidelity,BTC,0.25,28.2164,122.507,0.9276,3460400,4-4
868,FBTC,1.742433,0.607003,62.83,2026-04-09,Fidelity Wise Origin Bitcoin Fund,Fidelity,BTC,0.25,28.1759,71.926,0.927,3778800,4-4
869,FBTC,1.723306,0.667223,63.85,2026-04-10,Fidelity Wise Origin Bitcoin Fund,Fidelity,BTC,0.25,28.0461,78.7,0.932,3078700,4-4
870,FBTC,1.829157,-1.980546,63.9,2026-04-13,Fidelity Wise Origin Bitcoin Fund,Fidelity,BTC,0.25,28.7642,-219.173,0.9222,4791700,4-1
871,FBTC,1.869144,4.023899,64.71,2026-04-14,Fidelity Wise Origin Bitcoin Fund,Fidelity,BTC,0.25,29.0355,456.326,0.9208,5329600,4-4
872,FBTC,1.740967,0.303062,65.36,2026-04-15,Fidelity Wise Origin Bitcoin Fund,Fidelity,BTC,0.25,28.1659,37.732,0.9211,3209600,4-3
873,FBTC,1.682681,0.049311,65.63,2026-04-16,Fidelity Wise Origin Bitcoin Fund,Fidelity,BTC,0.25,27.7705,9.185,0.9283,4056400,4-3
874,FBTC,1.672789,0.330014,67.48,2026-04-17,Fidelity Wise Origin Bitcoin Fund,Fidelity,BTC,0.25,27.7034,40.765,0.9305,6907300,4-3
875,FBTC,1.637719,1.910613,66.44,2026-04-20,Fidelity Wise Origin Bitcoin Fund,Fidelity,BTC,0.25,27.4655,218.582,0.9309,3527700,4-4
876,FBTC,1.821676,-1.574636,65.32,2026-04-21,Fidelity Wise Origin Bitcoin Fund,Fidelity,BTC,0.25,28.7134,-173.508,0.9283,3270800,4-1
877,FBTC,2.003319,0.700693,68.69,2026-04-22,Fidelity Wise Origin Bitcoin Fund,Fidelity,BTC,0.25,29.9457,82.466,0.9364,4243500,4-4
878,FBTC,2.064938,-0.683549,67.67,2026-04-23,Fidelity Wise Origin Bitcoin Fund,Fidelity,BTC,0.25,30.3637,-73.261,0.9342,3636900,4-1
879,FBTC,2.087229,-0.221026,67.61,2026-04-24,Fidelity Wise Origin Bitcoin Fund,Fidelity,BTC,0.25,30.5149,-21.227,0.9334,4033600,4-2
880,FBTC,2.111683,-0.974814,66.95,2026-04-27,Fidelity Wise Origin Bitcoin Fund,Fidelity,BTC,0.25,30.6808,-106.029,0.9276,3615700,4-1
881,FBTC,2.117825,1.519978,66.48,2026-04-28,Fidelity Wise Origin Bitcoin Fund,Fidelity,BTC,0.25,30.7225,174.635,0.9269,2185500,4-4
882,FBTC,2.123874,-1.378038,65.71,2026-04-29,Fidelity Wise Origin Bitcoin Fund,Fidelity,BTC,0.25,30.7635,-151.391,0.9176,3411600,4-1
883,FBTC,2.116591,0.551439,66.53,2026-04-30,Fidelity Wise Origin Bitcoin Fund,Fidelity,BTC,0.25,30.7141,65.675,0.9275,2453100,4-4
884,FBTC,2.120034,0.102721,68.3,2026-05-01,Fidelity Wise Origin Bitcoin Fund,Fidelity,BTC,0.25,30.7375,15.194,0.9245,5078600,4-3
885,FBTC,2.07863,0.999946,69.72,2026-05-04,Fidelity Wise Origin Bitcoin Fund,Fidelity,BTC,0.25,30.4566,116.132,0.9214,4641200,4-4
886,FBTC,1.084574,1.073564,71.08,2026-05-05,Fidelity Wise Origin Bitcoin Fund,Fidelity,BTC,0.25,23.7131,124.414,0.9713,3748400,4-4
887,FBTC,0.287571,0.758695,70.92,2026-05-06,Fidelity Wise Origin Bitcoin Fund,Fidelity,BTC,0.25,18.3063,88.991,0.9745,2650500,3-4
888,FBTC,0.28478,0.32479,69.8,2026-05-07,Fidelity Wise Origin Bitcoin Fund,Fidelity,BTC,0.25,18.2874,40.177,0.9678,3092800,3-3
889,FBTC,0.287188,-0.193081,69.81,2026-05-08,Fidelity Wise Origin Bitcoin Fund,Fidelity,BTC,0.25,18.3037,-18.084,0.9744,2001600,3-2
890,FBTC,0.098659,-0.008524,71.35,2026-05-11,Fidelity Wise Origin Bitcoin Fund,Fidelity,BTC,0.25,17.0247,2.679,0.9662,3160800,3-2
891,FBTC,-0.044909,-0.483001,70.36,2026-05-12,Fidelity Wise Origin Bitcoin Fund,Fidelity,BTC,0.25,16.0508,-50.7,0.9512,2633400,3-2
892,FBTC,-0.046546,0.177468,69.3,2026-05-13,Fidelity Wise Origin Bitcoin Fund,Fidelity,BTC,0.25,16.0397,23.603,0.9548,3147900,2-3
893,FBTC,-0.045515,0.22708,70.89,2026-05-14,Fidelity Wise Origin Bitcoin Fund,Fidelity,BTC,0.25,16.0467,29.184,0.951,4073900,2-3
894,FBTC,-0.033399,-0.096882,68.84,2026-05-15,Fidelity Wise Origin Bitcoin Fund,Fidelity,BTC,0.25,16.1289,-7.261,0.9552,3599200,3-2
895,FBTC,-0.028605,-0.671387,66.87,2026-05-18,Fidelity Wise Origin Bitcoin Fund,Fidelity,BTC,0.25,16.1614,-71.893,0.9603,4326400,3-1
896,FBTC,-0.377894,-0.574674,66.82,2026-05-19,Fidelity Wise Origin Bitcoin Fund,Fidelity,BTC,0.25,13.7919,-61.013,0.9581,2080700,2-1
897,FBTC,-1.013669,-0.292171,67.57,2026-05-20,Fidelity Wise Origin Bitcoin Fund,Fidelity,BTC,0.25,9.4789,-29.231,0.9615,2557800,1-2
898,FBTC,-1.297734,-0.537646,67.56,2026-05-21,Fidelity Wise Origin Bitcoin Fund,Fidelity,BTC,0.25,7.5518,-56.847,0.9304,2540800,1-2
899,FBTC,-1.398643,0.059732,65.98,2026-05-22,Fidelity Wise Origin Bitcoin Fund,Fidelity,BTC,0.25,6.8672,10.358,0.9227,2811600,1-3
900,FBTC,-1.503686,0.074136,66.06,2026-05-26,Fidelity Wise Origin Bitcoin Fund,Fidelity,BTC,0.25,6.1546,11.978,0.9169,4370600,1-3
901,FBTC,-1.509925,0.341387,65.22,2026-05-27,Fidelity Wise Origin Bitcoin Fund,Fidelity,BTC,0.25,6.1123,42.044,0.8917,3734000,1-3
902,FBTC,-1.343304,-0.898824,63.84,2026-05-28,Fidelity Wise Origin Bitcoin Fund,Fidelity,BTC,0.25,7.2427,-97.48,0.8949,3411700,1-1
903,FBTC,-1.382153,-0.544647,63.9,2026-05-29,Fidelity Wise Origin Bitcoin Fund,Fidelity,BTC,0.25,6.9791,-57.635,0.8597,2954100,1-2
904,FBTC,-1.400242,-0.870261,62.2,2026-06-01,Fidelity Wise Origin Bitcoin Fund,Fidelity,BTC,0.25,6.8564,-94.266,0.8588,5165500,1-1
905,FBTC,-1.380817,-1.05363,58.46,2026-06-02,Fidelity Wise Origin Bitcoin Fund,Fidelity,BTC,0.25,6.9882,-114.895,0.8529,7779500,1-1
906,FBTC,-1.346665,-0.799219,56.91,2026-06-03,Fidelity Wise Origin Bitcoin Fund,Fidelity,BTC,0.25,7.2199,-86.274,0.839,4319000,1-1
907,FBTC,-0.731643,-2.116991,55.27,2026-06-04,Fidelity Wise Origin Bitcoin Fund,Fidelity,BTC,0.25,11.3921,-234.523,0.844,7340500,1-1
908,FBTC,-0.650193,-3.469877,52.46,2026-06-05,Fidelity Wise Origin Bitcoin Fund,Fidelity,BTC,0.25,11.9446,-386.723,0.8624,12572900,2-1
909,FBTC,-0.317235,-1.525916,55.17,2026-06-08,Fidelity Wise Origin Bitcoin Fund,Fidelity,BTC,0.25,14.2034,-168.027,0.8892,6094400,2-1
910,FBTC,-0.332892,-1.143651,54.01,2026-06-09,Fidelity Wise Origin Bitcoin Fund,Fidelity,BTC,0.25,14.0972,-125.023,0.8884,5855500,2-1
911,FBTC,-0.333601,-1.78387,53.88,2026-06-10,Fidelity Wise Origin Bitcoin Fund,Fidelity,BTC,0.25,14.0923,-197.047,0.9057,4106400,2-1
912,FBTC,-0.327001,0.139333,55.29,2026-06-11,Fidelity Wise Origin Bitcoin Fund,Fidelity,BTC,0.25,14.1371,19.313,0.9064,3628800,2-3
913,FBTC,-0.328339,1.356656,55.35,2026-06-12,Fidelity Wise Origin Bitcoin Fund,Fidelity,BTC,0.25,14.128,156.262,0.8882,3254800,2-4
914,FBTC,-0.283004,0.336577,57.96,2026-06-15,Fidelity Wise Origin Bitcoin Fund,Fidelity,BTC,0.25,14.4356,41.503,0.9047,4559600,2-3
915,FBTC,-0.275655,-0.044282,57.13,2026-06-16,Fidelity Wise Origin Bitcoin Fund,Fidelity,BTC,0.25,14.4854,-1.344,0.9093,1849500,2-2
916,FBTC,-0.271197,-0.56106,55.89,2026-06-17,Fidelity Wise Origin Bitcoin Fund,Fidelity,BTC,0.25,14.5157,-59.481,0.9119,3447100,2-1
917,FBTC,-0.275182,-0.002587,54.77,2026-06-18,Fidelity Wise Origin Bitcoin Fund,Fidelity,BTC,0.25,14.4887,3.347,0.9089,4601500,2-2
918,FBTC,-0.223883,0.540318,56.02,2026-06-22,Fidelity Wise Origin Bitcoin Fund,Fidelity,BTC,0.25,14.8367,64.424,0.9087,4684900,2-3
919,FBTC,-0.134617,-1.354218,54.25,2026-06-23,Fidelity Wise Origin Bitcoin Fund,Fidelity,BTC,0.25,15.4422,-148.711,0.9166,2939500,2-1
920,FBTC,-0.011624,-2.36766,52.05,2026-06-24,Fidelity Wise Origin Bitcoin Fund,Fidelity,BTC,0.25,16.2766,-262.724,0.9266,7681300,3-1
921,FBTC,0.024745,-1.161554,51.47,2026-06-25,Fidelity Wise Origin Bitcoin Fund,Fidelity,BTC,0.25,16.5233,-127.037,0.9201,8783200,3-1
922,FBTC,0.000234,-0.821177,51.98,2026-06-26,Fidelity Wise Origin Bitcoin Fund,Fidelity,BTC,0.25,16.357,-88.744,0.9226,4226600,3-1
923,FBTC,0.046793,-0.730706,52.52,2026-06-29,Fidelity Wise Origin Bitcoin Fund,Fidelity,BTC,0.25,16.6729,-78.566,0.9239,3892000,3-1
924,FBTC,0.049312,0.139752,51.05,2026-06-30,Fidelity Wise Origin Bitcoin Fund,Fidelity,BTC,0.25,16.69,19.36,0.9268,5846400,3-3
925,FBTC,0.042621,1.64447,52.23,2026-07-01,Fidelity Wise Origin Bitcoin Fund,Fidelity,BTC,0.25,16.6446,188.641,0.9128,5051200,3-4
926,FBTC,-0.003018,0.911137,53.52,2026-07-02,Fidelity Wise Origin Bitcoin Fund,Fidelity,BTC,0.25,16.335,106.141,1.0021,4248500,3-4
927,FBTC,-0.418433,-0.031784,55.43,2026-07-06,Fidelity Wise Origin Bitcoin Fund,Fidelity,BTC,0.25,13.5169,0.062,1.0087,6300800,2-2
928,FBTC,-0.421223,0.354537,55.53,2026-07-07,Fidelity Wise Origin Bitcoin Fund,Fidelity,BTC,0.25,13.4979,43.523,1.0039,2289900,2-3
929,FBTC,-0.645864,-0.034014,54.17,2026-07-08,Fidelity Wise Origin Bitcoin Fund,Fidelity,BTC,0.25,11.974,-0.189,1.0084,2439800,2-2
930,FBTC,-0.645791,-0.158714,54.96,2026-07-09,Fidelity Wise Origin Bitcoin Fund,Fidelity,BTC,0.25,11.9745,-14.217,1.0244,4076900,2-2
931,FBTC,-0.640965,-0.43633,55.615,2026-07-10,Fidelity Wise Origin Bitcoin Fund,Fidelity,BTC,0.25,12.0072,-45.449,1.0233,2581100,2-2
932,FBTC,-0.644616,0.336065,54.13,2026-07-13,Fidelity Wise Origin Bitcoin Fund,Fidelity,BTC,0.25,11.9825,41.445,1.0194,8356900,2-3
933,FBTC,-0.627208,-1.27562,56.22,2026-07-14,Fidelity Wise Origin Bitcoin Fund,Fidelity,BTC,0.25,12.1006,-139.869,1.0113,5159700,2-1
934,FBTC,-0.602679,0.285577,56.54,2026-07-15,Fidelity Wise Origin Bitcoin Fund,Fidelity,BTC,0.25,12.267,35.765,1.0094,2524400,2-3
935,FBTC,-0.607976,0.680478,55.93,2026-07-16,Fidelity Wise Origin Bitcoin Fund,Fidelity,BTC,0.25,12.231,80.192,1.0084,1394600,2-4
936,FBTC,-0.619928,0.63118,55.82,2026-07-17,Fidelity Wise Origin Bitcoin Fund,Fidelity,BTC,0.25,12.1499,74.646,1.0151,3634200,2-4
937,FBTC,-0.603812,-0.104939,56.69,2026-07-20,Fidelity Wise Origin Bitcoin Fund,Fidelity,BTC,0.25,12.2593,-8.168,0.9873,4664900,2-2
938,FBTC,-0.65294,0.43482,57.83,2026-07-21,Fidelity Wise Origin Bitcoin Fund,Fidelity,BTC,0.25,11.926,52.555,0.9899,2624800,2-3
939,FBTC,-0.800147,-0.563381,57.38,2026-07-22,Fidelity Wise Origin Bitcoin Fund,Fidelity,BTC,0.25,10.9274,-59.742,0.9925,1712800,1-1
940,FBTC,-1.068524,-1.01176,56.39,2026-07-23,Fidelity Wise Origin Bitcoin Fund,Fidelity,BTC,0.25,9.1067,-110.185,0.9936,2133000,1-1
941,FBTC,-1.114123,-0.273462,55.83,2026-07-24,Fidelity Wise Origin Bitcoin Fund,Fidelity,BTC,0.25,8.7974,-27.126,0.9939,2813200,1-2
942,FBTC,-0.841925,1.751807,56.51,2026-07-27,Fidelity Wise Origin Bitcoin Fund,Fidelity,BTC,0.25,10.6439,200.716,0.9915,2285200,1-4
943,FBTC,-0.557259,-0.054866,55.54,2026-07-28,Fidelity Wise Origin Bitcoin Fund,Fidelity,BTC,0.25,12.5751,-2.534,0.9864,2885200,2-2
944,FBTC,-0.548562,-0.349861,55.29,2026-07-29,Fidelity Wise Origin Bitcoin Fund,Fidelity,BTC,0.25,12.6341,-35.721,0.9835,5003100,2-2
945,FBTC,-0.513798,0.363925,56.36,2026-07-30,Fidelity Wise Origin Bitcoin Fund,Fidelity,BTC,0.25,12.8699,44.58,0.987,2888600,2-3
946,FBTC,-0.51376,-0.064041,54.71,2026-07-31,Fidelity Wise Origin Bitcoin Fund,Fidelity,BTC,0.25,12.8702,-3.567,0.9835,5824700,2-2
947,FBTC,-0.513876,-1.138273,55.59,2026-08-03,Fidelity Wise Origin Bitcoin Fund,Fidelity,BTC,0.25,12.8694,-124.418,0.9893,4966100,2-1
948,FBTC,-0.627293,0.26064,55.89,2026-08-04,Fidelity Wise Origin Bitcoin Fund,Fidelity,BTC,0.25,12.1,32.96,0.9882,2404700,2-3
949,FBTC,-0.679154,0.810824,56.42,2026-08-05,Fidelity Wise Origin Bitcoin Fund,Fidelity,BTC,0.25,11.7482,94.856,0.9891,2682200,1-4
950,FBTC,-0.678232,0.109355,56.06,2026-08-06,Fidelity Wise Origin Bitcoin Fund,Fidelity,BTC,0.25,11.7544,15.94,0.9868,2427600,1-3
951,FBTC,-0.686288,0.032197,56.53,2026-08-07,Fidelity Wise Origin Bitcoin Fund,Fidelity,BTC,0.25,11.6998,7.26,0.9868,2171500,1-3
952,FBTC,-0.694326,-0.558403,55.65,2026-08-10,Fidelity Wise Origin Bitcoin Fund,Fidelity,BTC,0.25,11.6452,-59.182,0.987,4172300,1-1
953,FBTC,-0.715532,-0.396965,55.23,2026-08-11,Fidelity Wise Origin Bitcoin Fund,Fidelity,BTC,0.25,11.5014,-41.021,0.9863,2160400,1-2
954,FBTC,-0.793932,-0.483455,55.11,2026-08-12,Fidelity Wise Origin Bitcoin Fund,Fidelity,BTC,0.25,10.9695,-50.751,0.9828,1736200,1-2
955,FBTC,-0.80824,-0.402963,55.09,2026-08-13,Fidelity Wise Origin Bitcoin Fund,Fidelity,BTC,0.25,10.8725,-41.695,0.9807,2126800,1-2
956,FBTC,-0.81811,-0.283498,54.74,2026-08-14,Fidelity Wise Origin Bitcoin Fund,Fidelity,BTC,0.25,10.8055,-28.256,0.9806,1815000,1-2
957,FBTC,-0.835826,-0.37005,55.94,2026-08-17,Fidelity Wise Origin Bitcoin Fund,Fidelity,BTC,0.25,10.6853,-37.993,0.978,4638800,1-2
958,FBTC,-0.830306,0.034585,56.23,2026-08-18,Fidelity Wise Origin Bitcoin Fund,Fidelity,BTC,0.25,10.7228,7.529,0.9787,2221300,1-3
959,FBTC,-0.781678,-0.661657,59.6,2026-08-19,Fidelity Wise Origin Bitcoin Fund,Fidelity,BTC,0.25,11.0527,-70.798,0.9621,10943900,1-1
960,FBTC,-0.725611,0.087023,63.27,2026-08-20,Fidelity Wise Origin Bitcoin Fund,Fidelity,BTC,0.25,11.433,13.428,0.9762,6949700,1-3
961,FBTC,-0.743094,0.105364,67.02,2026-08-21,Fidelity Wise Origin Bitcoin Fund,Fidelity,BTC,0.25,11.3144,15.491,0.9809,7638411,1-3
962,GBTC,1.909518,1.072596,50.03,2024-09-20,Grayscale Bitcoin Trust ETF,Grayscale,BTC,1.5,29.3094,124.305,0.8683,1700100,4-4
963,GBTC,1.913358,1.415987,50.41,2024-09-23,Grayscale Bitcoin Trust ETF,Grayscale,BTC,1.5,29.3354,162.936,0.8683,1610800,4-4
964,GBTC,1.856382,1.297381,51.23,2024-09-24,Grayscale Bitcoin Trust ETF,Grayscale,BTC,1.5,28.9489,149.593,0.87,1970500,4-4
965,GBTC,1.379229,2.673523,50.3,2024-09-25,Grayscale Bitcoin Trust ETF,Grayscale,BTC,1.5,25.7119,304.409,0.8729,1667700,4-4
966,GBTC,0.546139,-0.702278,51.54,2024-09-26,Grayscale Bitcoin Trust ETF,Grayscale,BTC,1.5,20.0604,-75.368,0.8679,3321200,3-1
967,GBTC,0.566844,0.824871,52.31,2024-09-27,Grayscale Bitcoin Trust ETF,Grayscale,BTC,1.5,20.2008,96.436,0.8698,3688400,4-4
968,GBTC,0.553729,0.151313,50.5,2024-09-30,Grayscale Bitcoin Trust ETF,Grayscale,BTC,1.5,20.1119,20.661,0.8741,2099800,4-3
969,GBTC,0.434444,0.509758,49.12,2024-10-01,Grayscale Bitcoin Trust ETF,Grayscale,BTC,1.5,19.3027,60.986,0.8623,4192600,3-3
970,GBTC,0.629725,-1.212629,47.92,2024-10-02,Grayscale Bitcoin Trust ETF,Grayscale,BTC,1.5,20.6274,-132.783,0.8655,3649500,4-1
971,GBTC,0.619667,0.128277,48.58,2024-10-03,Grayscale Bitcoin Trust ETF,Grayscale,BTC,1.5,20.5592,18.069,0.8664,3808600,4-3
972,GBTC,0.463169,-0.126194,49.68,2024-10-04,Grayscale Bitcoin Trust ETF,Grayscale,BTC,1.5,19.4975,-10.559,0.8695,2155200,3-2
973,GBTC,0.396648,1.180601,50.44,2024-10-07,Grayscale Bitcoin Trust ETF,Grayscale,BTC,1.5,19.0463,136.455,0.8704,2074900,3-4
974,GBTC,0.545083,-0.939784,49.52,2024-10-08,Grayscale Bitcoin Trust ETF,Grayscale,BTC,1.5,20.0532,-102.088,0.8722,2464900,3-1
975,GBTC,0.543953,1.141901,48.52,2024-10-09,Grayscale Bitcoin Trust ETF,Grayscale,BTC,1.5,20.0455,132.102,0.8708,1567400,3-4
976,GBTC,0.679988,-1.425093,47.49,2024-10-10,Grayscale Bitcoin Trust ETF,Grayscale,BTC,1.5,20.9684,-156.685,0.8742,2189000,4-1
977,GBTC,0.884271,0.431959,50.27,2024-10-11,Grayscale Bitcoin Trust ETF,Grayscale,BTC,1.5,22.3542,52.233,0.9081,3680700,4-3
978,GBTC,0.912876,-1.333471,52.48,2024-10-14,Grayscale Bitcoin Trust ETF,Grayscale,BTC,1.5,22.5483,-146.377,0.8931,4026700,4-1
979,GBTC,0.908618,0.362313,53.3,2024-10-15,Grayscale Bitcoin Trust ETF,Grayscale,BTC,1.5,22.5194,44.398,0.8939,4160500,4-3
980,GBTC,0.745876,0.507496,53.88,2024-10-16,Grayscale Bitcoin Trust ETF,Grayscale,BTC,1.5,21.4154,60.731,0.8944,2113900,4-3
981,GBTC,0.232491,1.074732,53.16,2024-10-17,Grayscale Bitcoin Trust ETF,Grayscale,BTC,1.5,17.9326,124.545,0.8966,6548700,3-4
982,GBTC,0.263994,0.046604,54.6,2024-10-18,Grayscale Bitcoin Trust ETF,Grayscale,BTC,1.5,18.1463,8.881,0.9019,3412900,3-3
983,GBTC,0.250122,0.750217,53.89,2024-10-21,Grayscale Bitcoin Trust ETF,Grayscale,BTC,1.5,18.0522,88.037,0.9016,3100200,3-4
984,GBTC,0.259366,0.154506,53.64,2024-10-22,Grayscale Bitcoin Trust ETF,Grayscale,BTC,1.5,18.1149,21.02,0.902,2316600,3-3
985,GBTC,0.259996,-0.369403,52.83,2024-10-23,Grayscale Bitcoin Trust ETF,Grayscale,BTC,1.5,18.1192,-37.92,0.9036,2529800,3-2
986,GBTC,0.262889,0.976473,54.32,2024-10-24,Grayscale Bitcoin Trust ETF,Grayscale,BTC,1.5,18.1388,113.491,0.9068,1619600,3-4
987,GBTC,0.244209,-0.411778,53.09,2024-10-25,Grayscale Bitcoin Trust ETF,Grayscale,BTC,1.5,18.0121,-42.687,0.909,3930400,3-2
988,GBTC,0.242954,-0.591795,55.38,2024-10-28,Grayscale Bitcoin Trust ETF,Grayscale,BTC,1.5,18.0036,-62.939,0.907,3854300,3-1
989,GBTC,0.228272,0.218963,57.67,2024-10-29,Grayscale Bitcoin Trust ETF,Grayscale,BTC,1.5,17.904,28.271,0.9116,6785900,3-3
990,GBTC,-0.034984,-0.031919,57.08,2024-10-30,Grayscale Bitcoin Trust ETF,Grayscale,BTC,1.5,16.1181,0.047,0.9131,2144900,3-2
991,GBTC,-0.114452,-0.335611,55.61,2024-10-31,Grayscale Bitcoin Trust ETF,Grayscale,BTC,1.5,15.579,-34.118,0.9122,4052300,2-2
992,GBTC,-0.122148,-0.233417,55.01,2024-11-01,Grayscale Bitcoin Trust ETF,Grayscale,BTC,1.5,15.5268,-22.621,0.9127,3813800,2-2
993,GBTC,-0.218358,-0.63701,53.49,2024-11-04,Grayscale Bitcoin Trust ETF,Grayscale,BTC,1.5,14.8741,-68.026,0.917,2243400,2-1
994,GBTC,-0.333247,-0.144013,55.17,2024-11-05,Grayscale Bitcoin Trust ETF,Grayscale,BTC,1.5,14.0947,-12.563,0.9224,3396800,2-2
995,GBTC,-0.250603,1.385754,60.6,2024-11-06,Grayscale Bitcoin Trust ETF,Grayscale,BTC,1.5,14.6554,159.535,0.9479,7523500,2-4
996,GBTC,-0.488999,1.402296,60.88,2024-11-07,Grayscale Bitcoin Trust ETF,Grayscale,BTC,1.5,13.0381,161.396,0.9479,3196300,2-4
997,GBTC,-0.931069,1.055614,61.05,2024-11-08,Grayscale Bitcoin Trust ETF,Grayscale,BTC,1.5,10.0392,122.394,0.9474,2835200,1-4
998,GBTC,-0.891712,0.721963,69.22,2024-11-11,Grayscale Bitcoin Trust ETF,Grayscale,BTC,1.5,10.3062,84.859,0.9163,10665800,1-4
999,GBTC,0.014109,3.049564,71.23,2024-11-12,Grayscale Bitcoin Trust ETF,Grayscale,BTC,1.5,16.4512,346.714,0.9079,6299900,3-4
1000,GBTC,0.399724,-0.245098,71.31,2024-11-13,Grayscale Bitcoin Trust ETF,Grayscale,BTC,1.5,19.0671,-23.936,0.8988,9413300,3-2
1001,GBTC,0.354805,0.334922,69.5,2024-11-14,Grayscale Bitcoin Trust ETF,Grayscale,BTC,1.5,18.7624,41.317,0.8939,5187700,3-3
1002,GBTC,0.304607,1.514457,72.81,2024-11-15,Grayscale Bitcoin Trust ETF,Grayscale,BTC,1.5,18.4219,174.014,0.8979,3609100,3-4
1003,GBTC,0.310543,2.765057,72.77,2024-11-18,Grayscale Bitcoin Trust ETF,Grayscale,BTC,1.5,18.4621,314.707,0.8964,4871200,3-4
1004,GBTC,0.325657,-1.050857,73.58,2024-11-19,Grayscale Bitcoin Trust ETF,Grayscale,BTC,1.5,18.5647,-114.583,0.8991,4303900,3-1
1005,GBTC,0.319896,1.123931,74.99,2024-11-20,Grayscale Bitcoin Trust ETF,Grayscale,BTC,1.5,18.5256,130.08,0.9287,5045800,3-4
1006,GBTC,0.314549,0.464209,78.05,2024-11-21,Grayscale Bitcoin Trust ETF,Grayscale,BTC,1.5,18.4893,55.861,0.9167,6899300,3-3
1007,GBTC,0.318033,0.266924,78.87,2024-11-22,Grayscale Bitcoin Trust ETF,Grayscale,BTC,1.5,18.5129,33.667,0.9164,5734900,3-3
1008,GBTC,0.355367,0.815485,75.42,2024-11-25,Grayscale Bitcoin Trust ETF,Grayscale,BTC,1.5,18.7662,95.38,0.9042,5418900,3-4
1009,GBTC,0.901904,-1.520682,72.17,2024-11-26,Grayscale Bitcoin Trust ETF,Grayscale,BTC,1.5,22.4738,-167.439,0.9218,5434600,4-1
1010,GBTC,1.088136,0.594772,76.82,2024-11-27,Grayscale Bitcoin Trust ETF,Grayscale,BTC,1.5,23.7372,70.55,0.9336,3933900,4-4
1011,GBTC,1.149555,-0.407534,77.09,2024-11-29,Grayscale Bitcoin Trust ETF,Grayscale,BTC,1.5,24.1539,-42.21,0.9288,2967100,4-2
1012,GBTC,1.147199,-0.809754,76.03,2024-12-02,Grayscale Bitcoin Trust ETF,Grayscale,BTC,1.5,24.1379,-87.459,0.9203,3052200,4-1
1013,GBTC,1.132742,-1.977713,75.95,2024-12-03,Grayscale Bitcoin Trust ETF,Grayscale,BTC,1.5,24.0398,-218.855,0.9099,2141500,4-1
1014,GBTC,1.128702,1.794511,78.69,2024-12-04,Grayscale Bitcoin Trust ETF,Grayscale,BTC,1.5,24.0124,205.52,0.9126,5012200,4-4
1015,GBTC,1.225217,1.543261,78.69,2024-12-05,Grayscale Bitcoin Trust ETF,Grayscale,BTC,1.5,24.6672,177.255,0.9025,7263200,4-4
1016,GBTC,1.243787,2.043899,80.7,2024-12-06,Grayscale Bitcoin Trust ETF,Grayscale,BTC,1.5,24.7931,233.576,0.9,3993600,4-4
1017,GBTC,1.640539,-0.951324,76.33,2024-12-09,Grayscale Bitcoin Trust ETF,Grayscale,BTC,1.5,27.4846,-103.386,0.9252,4216600,4-1
1018,GBTC,1.637953,0.167468,76.56,2024-12-10,Grayscale Bitcoin Trust ETF,Grayscale,BTC,1.5,27.4671,22.478,0.9262,4312700,4-3
1019,GBTC,1.172626,0.033387,80.51,2024-12-11,Grayscale Bitcoin Trust ETF,Grayscale,BTC,1.5,24.3104,7.394,0.9302,4241800,4-3
1020,GBTC,0.904929,-2.041253,79.41,2024-12-12,Grayscale Bitcoin Trust ETF,Grayscale,BTC,1.5,22.4944,-226.003,0.936,3398700,4-1
1021,GBTC,0.887267,-1.226356,80.77,2024-12-13,Grayscale Bitcoin Trust ETF,Grayscale,BTC,1.5,22.3745,-134.327,0.9297,2857300,4-1
1022,GBTC,0.862144,1.521488,84.02,2024-12-16,Grayscale Bitcoin Trust ETF,Grayscale,BTC,1.5,22.2041,174.805,0.9278,5642700,4-4
1023,GBTC,0.875265,1.252499,84.71,2024-12-17,Grayscale Bitcoin Trust ETF,Grayscale,BTC,1.5,22.2931,144.544,0.9275,4491800,4-4
1024,GBTC,0.863846,0.150002,79.81,2024-12-18,Grayscale Bitcoin Trust ETF,Grayscale,BTC,1.5,22.2157,20.513,0.9326,5073100,4-3
1025,GBTC,1.038962,-1.373655,76.32,2024-12-19,Grayscale Bitcoin Trust ETF,Grayscale,BTC,1.5,23.4036,-150.898,0.942,4570500,4-1
1026,GBTC,1.038496,-1.774676,76.47,2024-12-20,Grayscale Bitcoin Trust ETF,Grayscale,BTC,1.5,23.4005,-196.013,0.9442,4054500,4-1
1027,GBTC,1.031438,-2.227523,73.71,2024-12-23,Grayscale Bitcoin Trust ETF,Grayscale,BTC,1.5,23.3526,-246.958,0.9476,4284000,4-1
1028,GBTC,1.204453,-0.84949,78.45,2024-12-24,Grayscale Bitcoin Trust ETF,Grayscale,BTC,1.5,24.5263,-91.93,0.9597,1721200,4-1
1029,GBTC,0.761328,-1.003573,75.76,2024-12-26,Grayscale Bitcoin Trust ETF,Grayscale,BTC,1.5,21.5202,-109.264,0.9708,2332100,4-1
1030,GBTC,0.527709,1.243512,74.88,2024-12-27,Grayscale Bitcoin Trust ETF,Grayscale,BTC,1.5,19.9354,143.533,0.9656,4074800,3-4
1031,GBTC,0.54035,2.416849,74.65,2024-12-30,Grayscale Bitcoin Trust ETF,Grayscale,BTC,1.5,20.0211,275.533,0.9623,3935100,3-4
1032,GBTC,0.678551,1.521453,74.02,2024-12-31,Grayscale Bitcoin Trust ETF,Grayscale,BTC,1.5,20.9586,174.801,0.9616,2274700,4-4
1033,GBTC,0.697449,0.134729,77.21,2025-01-02,Grayscale Bitcoin Trust ETF,Grayscale,BTC,1.5,21.0868,18.795,0.9654,3269700,4-3
1034,GBTC,0.658415,0.535543,78.02,2025-01-03,Grayscale Bitcoin Trust ETF,Grayscale,BTC,1.5,20.822,63.886,0.963,2159300,4-3
1035,GBTC,0.45037,0.074334,81.04,2025-01-06,Grayscale Bitcoin Trust ETF,Grayscale,BTC,1.5,19.4107,12.001,0.9646,3665400,3-3
1036,GBTC,0.466151,-1.766601,76.45,2025-01-07,Grayscale Bitcoin Trust ETF,Grayscale,BTC,1.5,19.5178,-195.105,0.9686,3879500,3-1
1037,GBTC,-0.064767,-0.936484,74.48,2025-01-08,Grayscale Bitcoin Trust ETF,Grayscale,BTC,1.5,15.9161,-101.716,0.9626,2670300,2-1
1038,GBTC,-0.047779,-0.544979,75.08,2025-01-10,Grayscale Bitcoin Trust ETF,Grayscale,BTC,1.5,16.0313,-57.672,0.9686,3932400,2-2
1039,GBTC,-0.029388,-1.328436,74.16,2025-01-13,Grayscale Bitcoin Trust ETF,Grayscale,BTC,1.5,16.1561,-145.811,0.9697,3120400,3-1
1040,GBTC,0.034123,-0.40025,76.47,2025-01-14,Grayscale Bitcoin Trust ETF,Grayscale,BTC,1.5,16.5869,-41.39,0.9718,2057000,3-2
1041,GBTC,0.046678,-0.284546,78.97,2025-01-15,Grayscale Bitcoin Trust ETF,Grayscale,BTC,1.5,16.6721,-28.373,0.967,2764100,3-2
1042,GBTC,0.173715,1.661386,79.56,2025-01-16,Grayscale Bitcoin Trust ETF,Grayscale,BTC,1.5,17.5339,190.544,0.9628,2910100,3-4
1043,GBTC,0.144426,0.51125,83.05,2025-01-17,Grayscale Bitcoin Trust ETF,Grayscale,BTC,1.5,17.3352,61.154,0.9624,3808000,3-3
1044,GBTC,0.137891,1.209528,84.12,2025-01-21,Grayscale Bitcoin Trust ETF,Grayscale,BTC,1.5,17.2909,139.71,0.9616,3657000,3-4
1045,GBTC,-0.101204,0.819386,82.7,2025-01-22,Grayscale Bitcoin Trust ETF,Grayscale,BTC,1.5,15.6689,95.819,0.9586,2374000,2-4
1046,GBTC,0.005667,0.308418,81.9,2025-01-23,Grayscale Bitcoin Trust ETF,Grayscale,BTC,1.5,16.3939,38.335,0.9586,9173200,3-3
1047,GBTC,0.000392,-0.325423,83.17,2025-01-24,Grayscale Bitcoin Trust ETF,Grayscale,BTC,1.5,16.3581,-32.972,0.9581,2570000,3-2
1048,GBTC,-0.24454,-1.110189,80.25,2025-01-27,Grayscale Bitcoin Trust ETF,Grayscale,BTC,1.5,14.6965,-121.258,0.9652,3381600,2-1
1049,GBTC,-0.241281,-0.334108,80.17,2025-01-28,Grayscale Bitcoin Trust ETF,Grayscale,BTC,1.5,14.7186,-33.949,0.9629,1991000,2-2
1050,GBTC,-0.222191,-0.194636,82.58,2025-01-29,Grayscale Bitcoin Trust ETF,Grayscale,BTC,1.5,14.8481,-18.259,0.9638,2171700,2-2
1051,GBTC,-0.328364,0.715619,83.18,2025-01-30,Grayscale Bitcoin Trust ETF,Grayscale,BTC,1.5,14.1279,84.145,0.9649,2022600,2-4
1052,GBTC,-0.418041,-1.022044,80.41,2025-01-31,Grayscale Bitcoin Trust ETF,Grayscale,BTC,1.5,13.5195,-111.342,0.9698,2872400,2-1
1053,GBTC,-0.424439,0.466001,80.17,2025-02-03,Grayscale Bitcoin Trust ETF,Grayscale,BTC,1.5,13.4761,56.063,0.9662,5103300,2-3
1054,GBTC,-0.367691,0.71939,78.19,2025-02-04,Grayscale Bitcoin Trust ETF,Grayscale,BTC,1.5,13.8611,84.569,0.9589,2841800,2-4
1055,GBTC,-0.364274,-0.116394,77.08,2025-02-05,Grayscale Bitcoin Trust ETF,Grayscale,BTC,1.5,13.8843,-9.456,0.9461,1989000,2-2
1056,GBTC,-0.402917,-0.237872,76.78,2025-02-06,Grayscale Bitcoin Trust ETF,Grayscale,BTC,1.5,13.6221,-23.123,0.9464,2791900,2-2
1057,GBTC,-0.344235,-0.194195,75.85,2025-02-07,Grayscale Bitcoin Trust ETF,Grayscale,BTC,1.5,14.0202,-18.209,0.9476,2830000,2-2
1058,GBTC,-0.404329,-0.158633,77.09,2025-02-10,Grayscale Bitcoin Trust ETF,Grayscale,BTC,1.5,13.6125,-14.208,0.9957,1217800,2-2
1059,GBTC,-0.469076,-1.364438,75.4,2025-02-11,Grayscale Bitcoin Trust ETF,Grayscale,BTC,1.5,13.1733,-149.861,1.0061,1225700,2-1
1060,GBTC,-0.53699,-1.55249,76.8,2025-02-12,Grayscale Bitcoin Trust ETF,Grayscale,BTC,1.5,12.7126,-171.017,1.0226,1987900,2-1
1061,GBTC,-0.542772,-0.708208,76.22,2025-02-13,Grayscale Bitcoin Trust ETF,Grayscale,BTC,1.5,12.6734,-76.035,1.0324,1434000,2-1
1062,GBTC,-0.720491,0.400774,77.01,2025-02-14,Grayscale Bitcoin Trust ETF,Grayscale,BTC,1.5,11.4677,48.725,1.03,2448100,1-3
1063,GBTC,-0.613344,-1.299759,74.48,2025-02-18,Grayscale Bitcoin Trust ETF,Grayscale,BTC,1.5,12.1946,-142.585,1.0372,1819000,2-1
1064,GBTC,-0.534827,-0.063373,76.08,2025-02-19,Grayscale Bitcoin Trust ETF,Grayscale,BTC,1.5,12.7273,-3.491,1.0439,1744700,2-2
1065,GBTC,-0.524185,0.91232,78.01,2025-02-20,Grayscale Bitcoin Trust ETF,Grayscale,BTC,1.5,12.7994,106.274,1.0484,1790300,2-4
1066,GBTC,-0.487684,-0.886002,75.06,2025-02-21,Grayscale Bitcoin Trust ETF,Grayscale,BTC,1.5,13.0471,-96.037,1.0625,3346100,2-1
1067,GBTC,0.478091,2.684267,74.34,2025-02-24,Grayscale Bitcoin Trust ETF,Grayscale,BTC,1.5,19.5988,305.618,1.0102,2079100,3-4
1068,GBTC,0.970645,0.755987,69.62,2025-02-25,Grayscale Bitcoin Trust ETF,Grayscale,BTC,1.5,22.9402,88.686,1.0633,6101400,4-4
1069,GBTC,0.998004,0.825622,66.71,2025-02-26,Grayscale Bitcoin Trust ETF,Grayscale,BTC,1.5,23.1258,96.52,1.0414,5418200,4-4
1070,GBTC,1.07097,-1.17868,65.95,2025-02-27,Grayscale Bitcoin Trust ETF,Grayscale,BTC,1.5,23.6208,-128.963,1.0183,2750400,4-1
1071,GBTC,1.15663,1.344199,66.61,2025-02-28,Grayscale Bitcoin Trust ETF,Grayscale,BTC,1.5,24.2019,154.86,1.0232,3901800,4-4
1072,GBTC,1.096497,-2.242071,68.03,2025-03-03,Grayscale Bitcoin Trust ETF,Grayscale,BTC,1.5,23.7939,-248.595,1.0247,4255700,4-1
1073,GBTC,1.085158,0.482669,68.74,2025-03-04,Grayscale Bitcoin Trust ETF,Grayscale,BTC,1.5,23.717,57.938,1.0237,2764800,4-3
1074,GBTC,1.050568,-0.312551,71.56,2025-03-05,Grayscale Bitcoin Trust ETF,Grayscale,BTC,1.5,23.4824,-31.524,1.02,2133500,4-2
1075,GBTC,1.07366,0.359529,70.44,2025-03-06,Grayscale Bitcoin Trust ETF,Grayscale,BTC,1.5,23.639,44.085,1.0334,2159000,4-3
1076,GBTC,1.150449,0.344658,68.79,2025-03-07,Grayscale Bitcoin Trust ETF,Grayscale,BTC,1.5,24.1599,42.412,1.0292,3038600,4-3
1077,GBTC,1.093716,0.539544,62.43,2025-03-10,Grayscale Bitcoin Trust ETF,Grayscale,BTC,1.5,23.7751,64.337,1.0051,4065800,4-3
1078,GBTC,1.082165,0.585406,65.7,2025-03-11,Grayscale Bitcoin Trust ETF,Grayscale,BTC,1.5,23.6967,69.496,1.0027,2775100,4-4
1079,GBTC,1.136214,-0.609082,65.57,2025-03-12,Grayscale Bitcoin Trust ETF,Grayscale,BTC,1.5,24.0634,-64.884,0.9948,1938800,4-1
1080,GBTC,1.130449,-0.047834,63.38,2025-03-13,Grayscale Bitcoin Trust ETF,Grayscale,BTC,1.5,24.0243,-1.743,0.9953,1417400,4-2
1081,GBTC,1.261049,0.440995,66.95,2025-03-14,Grayscale Bitcoin Trust ETF,Grayscale,BTC,1.5,24.9102,53.25,1.0092,1980900,4-3
1082,GBTC,1.267436,-0.120018,66.81,2025-03-17,Grayscale Bitcoin Trust ETF,Grayscale,BTC,1.5,24.9536,-9.864,1.0137,1374600,4-2
1083,GBTC,1.244362,-0.737311,65.08,2025-03-18,Grayscale Bitcoin Trust ETF,Grayscale,BTC,1.5,24.797,-79.309,1.0154,1486900,4-1
1084,GBTC,1.261651,-0.639118,67.59,2025-03-19,Grayscale Bitcoin Trust ETF,Grayscale,BTC,1.5,24.9143,-68.263,1.0042,1519200,4-1
1085,GBTC,1.329037,0.838353,66.5,2025-03-20,Grayscale Bitcoin Trust ETF,Grayscale,BTC,1.5,25.3715,97.953,0.9862,1251900,4-4
1086,GBTC,1.244716,-0.988811,66.32,2025-03-21,Grayscale Bitcoin Trust ETF,Grayscale,BTC,1.5,24.7994,-107.603,0.9863,916800,4-1
1087,GBTC,0.559541,0.266228,69.77,2025-03-24,Grayscale Bitcoin Trust ETF,Grayscale,BTC,1.5,20.1513,33.589,0.992,1593700,4-3
1088,GBTC,-0.066046,1.092568,69.72,2025-03-25,Grayscale Bitcoin Trust ETF,Grayscale,BTC,1.5,15.9074,126.552,0.9732,838000,2-4
1089,GBTC,-0.023246,0.962555,68.41,2025-03-26,Grayscale Bitcoin Trust ETF,Grayscale,BTC,1.5,16.1977,111.925,0.9709,1129600,3-4
1090,GBTC,-0.178472,-0.116363,68.8,2025-03-27,Grayscale Bitcoin Trust ETF,Grayscale,BTC,1.5,15.1447,-9.453,0.9729,1117500,2-2
1091,GBTC,-0.275319,-0.583858,66.18,2025-03-28,Grayscale Bitcoin Trust ETF,Grayscale,BTC,1.5,14.4877,-62.046,0.9812,1544800,2-1
1092,GBTC,-0.251015,-1.017972,65.17,2025-03-31,Grayscale Bitcoin Trust ETF,Grayscale,BTC,1.5,14.6526,-110.884,0.9822,1425000,2-1
1093,GBTC,-0.257922,-1.019887,67.16,2025-04-01,Grayscale Bitcoin Trust ETF,Grayscale,BTC,1.5,14.6057,-111.099,0.9765,1299000,2-1
1094,GBTC,1.097064,4.804412,68.7,2025-04-02,Grayscale Bitcoin Trust ETF,Grayscale,BTC,1.5,23.7978,544.134,0.9446,1719500,4-4
1095,GBTC,2.594161,-1.291986,64.76,2025-04-03,Grayscale Bitcoin Trust ETF,Grayscale,BTC,1.5,33.9539,-141.71,0.9292,2779400,4-1
1096,GBTC,2.609732,0.675032,66.32,2025-04-04,Grayscale Bitcoin Trust ETF,Grayscale,BTC,1.5,34.0595,79.579,0.9227,4094800,4-4
1097,GBTC,2.717458,-1.676522,61.59,2025-04-07,Grayscale Bitcoin Trust ETF,Grayscale,BTC,1.5,34.7903,-184.971,0.9445,7545500,4-1
1098,GBTC,2.829992,0.087619,60.61,2025-04-08,Grayscale Bitcoin Trust ETF,Grayscale,BTC,1.5,35.5537,13.495,0.93,2765400,4-3
1099,GBTC,2.79103,-4.87664,65.04,2025-04-09,Grayscale Bitcoin Trust ETF,Grayscale,BTC,1.5,35.2894,-544.984,0.9256,5654500,4-1
1100,GBTC,2.790388,0.878654,62.82,2025-04-10,Grayscale Bitcoin Trust ETF,Grayscale,BTC,1.5,35.2851,102.486,0.9212,3040600,4-4
1101,GBTC,2.715211,0.391803,66.27,2025-04-11,Grayscale Bitcoin Trust ETF,Grayscale,BTC,1.5,34.7751,47.716,0.9345,2072500,4-3
1102,GBTC,2.712245,2.228892,67.12,2025-04-14,Grayscale Bitcoin Trust ETF,Grayscale,BTC,1.5,34.7549,254.388,0.9358,1438100,4-4
1103,GBTC,2.685386,0.381877,66.38,2025-04-15,Grayscale Bitcoin Trust ETF,Grayscale,BTC,1.5,34.5727,46.599,0.9358,1140900,4-3
1104,GBTC,2.646256,0.60143,66.62,2025-04-16,Grayscale Bitcoin Trust ETF,Grayscale,BTC,1.5,34.3073,71.299,0.9365,1535000,4-4
1105,GBTC,2.59065,0.485751,67.09,2025-04-17,Grayscale Bitcoin Trust ETF,Grayscale,BTC,1.5,33.9301,58.285,0.938,1068200,4-3
1106,GBTC,2.590147,-0.384717,69.06,2025-04-21,Grayscale Bitcoin Trust ETF,Grayscale,BTC,1.5,33.9267,-39.643,0.9398,2550200,4-2
1107,GBTC,2.610722,-1.68645,72.29,2025-04-22,Grayscale Bitcoin Trust ETF,Grayscale,BTC,1.5,34.0662,-186.087,0.9206,3514900,4-1
1108,GBTC,2.717055,0.096749,73.84,2025-04-23,Grayscale Bitcoin Trust ETF,Grayscale,BTC,1.5,34.7876,14.522,0.9174,2387400,4-3
1109,GBTC,2.672011,0.021639,73.92,2025-04-24,Grayscale Bitcoin Trust ETF,Grayscale,BTC,1.5,34.482,6.072,0.9179,1388000,4-3
1110,GBTC,2.704336,1.268336,75.34,2025-04-25,Grayscale Bitcoin Trust ETF,Grayscale,BTC,1.5,34.7013,146.326,0.9162,1931200,4-4
1111,GBTC,2.719347,0.388677,74.81,2025-04-28,Grayscale Bitcoin Trust ETF,Grayscale,BTC,1.5,34.8031,47.364,0.9159,2181900,4-3
1112,GBTC,2.7506,2.798639,75.25,2025-04-29,Grayscale Bitcoin Trust ETF,Grayscale,BTC,1.5,35.0151,318.485,0.9098,830300,4-4
1113,GBTC,2.797718,0.038347,74.27,2025-04-30,Grayscale Bitcoin Trust ETF,Grayscale,BTC,1.5,35.3348,7.952,0.9105,1770500,4-3
1114,GBTC,1.933854,0.505238,76.22,2025-05-01,Grayscale Bitcoin Trust ETF,Grayscale,BTC,1.5,29.4745,60.477,0.9169,1583400,4-3
1115,GBTC,0.133208,-0.48344,76.55,2025-05-02,Grayscale Bitcoin Trust ETF,Grayscale,BTC,1.5,17.2591,-50.749,0.9165,1204100,3-2
1116,GBTC,0.04366,-0.298891,74.42,2025-05-05,Grayscale Bitcoin Trust ETF,Grayscale,BTC,1.5,16.6516,-29.987,0.9193,1082400,3-2
1117,GBTC,-0.117695,-2.549908,74.93,2025-05-06,Grayscale Bitcoin Trust ETF,Grayscale,BTC,1.5,15.557,-283.227,0.9145,1103500,2-1
1118,GBTC,-0.285419,-0.500501,75.9,2025-05-07,Grayscale Bitcoin Trust ETF,Grayscale,BTC,1.5,14.4192,-52.668,0.9137,1053400,2-2
1119,GBTC,-0.280636,-1.20159,79.98,2025-05-08,Grayscale Bitcoin Trust ETF,Grayscale,BTC,1.5,14.4517,-131.541,0.9078,1969500,2-1
1120,GBTC,-0.021161,0.618657,81.47,2025-05-09,Grayscale Bitcoin Trust ETF,Grayscale,BTC,1.5,16.2119,73.237,0.9071,1735800,3-4
1121,GBTC,0.029129,0.154626,80.33,2025-05-12,Grayscale Bitcoin Trust ETF,Grayscale,BTC,1.5,16.5531,21.033,0.9086,2806500,3-3
1122,GBTC,0.195192,2.845551,82.73,2025-05-13,Grayscale Bitcoin Trust ETF,Grayscale,BTC,1.5,17.6796,323.762,0.9118,2287900,3-4
1123,GBTC,0.246516,1.074807,81.52,2025-05-14,Grayscale Bitcoin Trust ETF,Grayscale,BTC,1.5,18.0278,124.554,0.9075,1337200,3-4
1124,GBTC,0.254383,1.113349,81.38,2025-05-15,Grayscale Bitcoin Trust ETF,Grayscale,BTC,1.5,18.0811,128.89,0.9057,1944800,3-4
1125,GBTC,0.310469,0.27414,82.13,2025-05-16,Grayscale Bitcoin Trust ETF,Grayscale,BTC,1.5,18.4616,34.479,0.9025,1679900,3-3
1126,GBTC,0.326629,0.987805,83.24,2025-05-19,Grayscale Bitcoin Trust ETF,Grayscale,BTC,1.5,18.5713,114.766,0.8936,1759500,3-4
1127,GBTC,0.197656,-0.160455,84.49,2025-05-20,Grayscale Bitcoin Trust ETF,Grayscale,BTC,1.5,17.6963,-14.413,0.9266,1809700,3-2
1128,GBTC,0.083091,-0.179981,85.73,2025-05-21,Grayscale Bitcoin Trust ETF,Grayscale,BTC,1.5,16.9191,-16.61,0.9003,4715700,3-2
1129,GBTC,0.102752,0.722289,87.72,2025-05-22,Grayscale Bitcoin Trust ETF,Grayscale,BTC,1.5,17.0525,84.895,0.9046,2896100,3-4
1130,GBTC,0.125818,0.884828,85.76,2025-05-23,Grayscale Bitcoin Trust ETF,Grayscale,BTC,1.5,17.209,103.181,0.8942,2774300,3-4
1131,GBTC,0.07425,0.982176,86.67,2025-05-27,Grayscale Bitcoin Trust ETF,Grayscale,BTC,1.5,16.8591,114.133,0.8951,1924900,3-4
1132,GBTC,0.175128,-0.998604,84.31,2025-05-28,Grayscale Bitcoin Trust ETF,Grayscale,BTC,1.5,17.5435,-108.705,0.8992,2098200,3-1
1133,GBTC,0.106014,0.341654,83.26,2025-05-29,Grayscale Bitcoin Trust ETF,Grayscale,BTC,1.5,17.0746,42.074,0.8972,3248900,3-3
1134,GBTC,0.108183,0.147478,82.47,2025-05-30,Grayscale Bitcoin Trust ETF,Grayscale,BTC,1.5,17.0893,20.229,0.8923,1772200,3-3
1135,GBTC,0.276072,-2.570229,82.35,2025-06-02,Grayscale Bitcoin Trust ETF,Grayscale,BTC,1.5,18.2283,-285.513,0.8856,1327600,3-1
1136,GBTC,0.47023,-0.365248,83.8,2025-06-03,Grayscale Bitcoin Trust ETF,Grayscale,BTC,1.5,19.5454,-37.452,0.8889,1431900,3-2
1137,GBTC,0.406761,0.571534,82.72,2025-06-04,Grayscale Bitcoin Trust ETF,Grayscale,BTC,1.5,19.1149,67.936,0.8691,1210600,3-4
1138,GBTC,0.369751,-0.26325,80.25,2025-06-05,Grayscale Bitcoin Trust ETF,Grayscale,BTC,1.5,18.8638,-25.978,0.8679,2799600,3-2
1139,GBTC,0.358389,-0.605756,82.23,2025-06-06,Grayscale Bitcoin Trust ETF,Grayscale,BTC,1.5,18.7867,-64.51,0.8698,1380200,3-1
1140,GBTC,0.148716,0.394233,85.67,2025-06-09,Grayscale Bitcoin Trust ETF,Grayscale,BTC,1.5,17.3643,47.989,0.8558,1764200,3-3
1141,GBTC,0.09457,-0.765441,86.35,2025-06-10,Grayscale Bitcoin Trust ETF,Grayscale,BTC,1.5,16.997,-82.474,0.8378,2259700,3-1
1142,GBTC,-0.067296,0.338959,85.77,2025-06-11,Grayscale Bitcoin Trust ETF,Grayscale,BTC,1.5,15.8989,41.771,0.8354,1858800,2-3
1143,GBTC,-0.119164,0.911071,84.19,2025-06-12,Grayscale Bitcoin Trust ETF,Grayscale,BTC,1.5,15.5471,106.133,0.8277,1839600,2-4
1144,GBTC,0.062798,-0.70294,82.83,2025-06-13,Grayscale Bitcoin Trust ETF,Grayscale,BTC,1.5,16.7815,-75.443,0.8322,1900100,3-1
1145,GBTC,0.411275,2.318657,85.65,2025-06-16,Grayscale Bitcoin Trust ETF,Grayscale,BTC,1.5,19.1455,264.487,0.8421,1658300,3-4
1146,GBTC,0.596925,-0.16238,82.5,2025-06-17,Grayscale Bitcoin Trust ETF,Grayscale,BTC,1.5,20.4049,-14.63,0.8542,2342700,4-2
1147,GBTC,0.639938,-1.630708,81.76,2025-06-18,Grayscale Bitcoin Trust ETF,Grayscale,BTC,1.5,20.6967,-179.817,0.8395,1722300,4-1
1148,GBTC,0.630961,-1.213721,81.33,2025-06-20,Grayscale Bitcoin Trust ETF,Grayscale,BTC,1.5,20.6358,-132.906,0.8362,1789300,4-1
1149,GBTC,0.749922,-1.277078,81.3,2025-06-23,Grayscale Bitcoin Trust ETF,Grayscale,BTC,1.5,21.4428,-140.033,0.8243,2117500,4-1
1150,GBTC,0.856462,-1.984652,83.24,2025-06-24,Grayscale Bitcoin Trust ETF,Grayscale,BTC,1.5,22.1656,-219.635,0.8248,1570800,4-1
1151,GBTC,0.898369,0.619982,84.89,2025-06-25,Grayscale Bitcoin Trust ETF,Grayscale,BTC,1.5,22.4499,73.386,0.8152,1814500,4-4
1152,GBTC,0.75665,1.746846,84.75,2025-06-26,Grayscale Bitcoin Trust ETF,Grayscale,BTC,1.5,21.4885,200.158,0.816,1031900,4-4
1153,GBTC,0.774847,0.384037,84.16,2025-06-27,Grayscale Bitcoin Trust ETF,Grayscale,BTC,1.5,21.6119,46.842,0.8139,1520000,4-3
1154,GBTC,0.791496,2.679326,84.83,2025-06-30,Grayscale Bitcoin Trust ETF,Grayscale,BTC,1.5,21.7248,305.062,0.8613,1518200,4-4
1155,GBTC,0.702727,-0.026865,82.96,2025-07-01,Grayscale Bitcoin Trust ETF,Grayscale,BTC,1.5,21.1227,0.616,0.8724,2216000,4-2
1156,GBTC,0.598741,0.458195,86.43,2025-07-02,Grayscale Bitcoin Trust ETF,Grayscale,BTC,1.5,20.4172,55.185,0.8804,3173000,4-3
1157,GBTC,0.623956,-0.572821,86.07,2025-07-03,Grayscale Bitcoin Trust ETF,Grayscale,BTC,1.5,20.5883,-60.804,0.8339,1438500,4-1
1158,GBTC,0.618104,0.00586,85.04,2025-07-07,Grayscale Bitcoin Trust ETF,Grayscale,BTC,1.5,20.5486,4.297,0.8557,1759200,4-3
1159,GBTC,0.619524,-0.493054,85.64,2025-07-08,Grayscale Bitcoin Trust ETF,Grayscale,BTC,1.5,20.5582,-51.831,0.8503,1315600,4-2
1160,GBTC,0.638456,1.310862,88.08,2025-07-09,Grayscale Bitcoin Trust ETF,Grayscale,BTC,1.5,20.6866,151.11,0.8486,2324600,4-4
1161,GBTC,0.779173,-1.700392,89.3,2025-07-10,Grayscale Bitcoin Trust ETF,Grayscale,BTC,1.5,21.6412,-187.656,0.7949,2413900,4-1
1162,GBTC,1.158329,1.91656,93.04,2025-07-11,Grayscale Bitcoin Trust ETF,Grayscale,BTC,1.5,24.2134,219.251,0.8037,5165800,4-4
1163,GBTC,1.158868,1.919403,94.38,2025-07-14,Grayscale Bitcoin Trust ETF,Grayscale,BTC,1.5,24.2171,219.571,0.7998,3905900,4-4
1164,GBTC,1.128117,0.382406,91.63,2025-07-15,Grayscale Bitcoin Trust ETF,Grayscale,BTC,1.5,24.0084,46.659,0.8151,2640700,4-3
1165,GBTC,0.940205,1.097446,93.9,2025-07-16,Grayscale Bitcoin Trust ETF,Grayscale,BTC,1.5,22.7337,127.101,0.8172,2636800,4-4
1166,GBTC,0.778985,2.209616,93.66,2025-07-17,Grayscale Bitcoin Trust ETF,Grayscale,BTC,1.5,21.64,252.22,0.8142,1402400,4-4
1167,GBTC,0.725116,-0.930604,92.36,2025-07-18,Grayscale Bitcoin Trust ETF,Grayscale,BTC,1.5,21.2745,-101.055,0.8435,3047500,4-1
1168,GBTC,0.710068,-0.946417,91.84,2025-07-21,Grayscale Bitcoin Trust ETF,Grayscale,BTC,1.5,21.1725,-102.834,0.8453,2139500,4-1
1169,GBTC,0.529255,0.766894,93.9,2025-07-22,Grayscale Bitcoin Trust ETF,Grayscale,BTC,1.5,19.9458,89.913,0.8481,2144400,3-4
1170,GBTC,0.357349,-0.740214,93.16,2025-07-23,Grayscale Bitcoin Trust ETF,Grayscale,BTC,1.5,18.7797,-79.636,0.8455,2156500,3-1
1171,GBTC,0.346853,0.561744,93.68,2025-07-24,Grayscale Bitcoin Trust ETF,Grayscale,BTC,1.5,18.7085,66.834,0.8425,1965400,3-4
1172,GBTC,0.457866,-0.271488,91.87,2025-07-25,Grayscale Bitcoin Trust ETF,Grayscale,BTC,1.5,19.4615,-26.904,0.8552,1933400,3-2
1173,GBTC,0.455654,0.656923,92.88,2025-07-28,Grayscale Bitcoin Trust ETF,Grayscale,BTC,1.5,19.4465,77.542,0.852,1274200,3-4
1174,GBTC,0.450239,-0.170112,92.38,2025-07-29,Grayscale Bitcoin Trust ETF,Grayscale,BTC,1.5,19.4098,-15.5,0.8481,2065600,3-2
1175,GBTC,0.402856,-0.671932,91.88,2025-07-30,Grayscale Bitcoin Trust ETF,Grayscale,BTC,1.5,19.0884,-71.954,0.849,2006600,3-1
1176,GBTC,0.381695,-0.208485,91.78,2025-07-31,Grayscale Bitcoin Trust ETF,Grayscale,BTC,1.5,18.9448,-19.817,0.8236,1867000,3-2
1177,GBTC,0.428806,-0.179321,88.89,2025-08-01,Grayscale Bitcoin Trust ETF,Grayscale,BTC,1.5,19.2644,-16.536,0.8511,3928700,3-2
1178,GBTC,0.427996,-0.797629,90.23,2025-08-04,Grayscale Bitcoin Trust ETF,Grayscale,BTC,1.5,19.2589,-86.095,0.8521,1129700,3-1
1179,GBTC,0.431216,-0.542184,89.38,2025-08-05,Grayscale Bitcoin Trust ETF,Grayscale,BTC,1.5,19.2808,-57.358,0.857,1800100,3-2
1180,GBTC,0.413636,0.570953,90.68,2025-08-06,Grayscale Bitcoin Trust ETF,Grayscale,BTC,1.5,19.1615,67.87,0.8645,1442000,3-4
1181,GBTC,0.211353,-0.551226,92.44,2025-08-07,Grayscale Bitcoin Trust ETF,Grayscale,BTC,1.5,17.7892,-58.375,0.8626,2173000,3-2
1182,GBTC,-0.337299,0.375007,91.58,2025-08-08,Grayscale Bitcoin Trust ETF,Grayscale,BTC,1.5,14.0673,45.826,0.8535,1634600,2-3
1183,GBTC,-0.302816,0.818371,93.59,2025-08-11,Grayscale Bitcoin Trust ETF,Grayscale,BTC,1.5,14.3012,95.705,0.8547,1514500,2-4
1184,GBTC,-0.452662,0.573,94.06,2025-08-12,Grayscale Bitcoin Trust ETF,Grayscale,BTC,1.5,13.2846,68.1,0.8516,1813100,2-4
1185,GBTC,-0.685356,0.26192,96.6,2025-08-13,Grayscale Bitcoin Trust ETF,Grayscale,BTC,1.5,11.7061,33.104,0.8598,2671600,1-3
1186,GBTC,-0.700756,-0.225798,92.75,2025-08-14,Grayscale Bitcoin Trust ETF,Grayscale,BTC,1.5,11.6016,-21.764,0.8749,3408000,1-2
1187,GBTC,-0.716385,-0.103733,91.9,2025-08-15,Grayscale Bitcoin Trust ETF,Grayscale,BTC,1.5,11.4956,-8.032,0.8736,1233300,1-2
1188,GBTC,-0.711109,-0.439601,91.39,2025-08-18,Grayscale Bitcoin Trust ETF,Grayscale,BTC,1.5,11.5314,-45.817,0.8832,1140400,1-2
1189,GBTC,-0.71984,-0.158723,88.83,2025-08-19,Grayscale Bitcoin Trust ETF,Grayscale,BTC,1.5,11.4722,-14.218,0.8806,3268200,1-2
1190,GBTC,-0.720348,-0.606556,89.79,2025-08-20,Grayscale Bitcoin Trust ETF,Grayscale,BTC,1.5,11.4687,-64.6,0.9074,1855900,1-1
1191,GBTC,-0.776566,-0.558463,88.1,2025-08-21,Grayscale Bitcoin Trust ETF,Grayscale,BTC,1.5,11.0873,-59.189,0.9138,1339400,1-1
1192,GBTC,-0.929654,0.063198,91.73,2025-08-22,Grayscale Bitcoin Trust ETF,Grayscale,BTC,1.5,10.0488,10.748,0.9126,2633000,1-3
1193,GBTC,-1.00528,-0.064161,87.02,2025-08-25,Grayscale Bitcoin Trust ETF,Grayscale,BTC,1.5,9.5358,-3.58,0.9141,2290100,1-2
1194,GBTC,-0.928392,-0.806164,87.31,2025-08-26,Grayscale Bitcoin Trust ETF,Grayscale,BTC,1.5,10.0574,-87.055,0.9112,1801800,1-1
1195,GBTC,-0.78178,0.460275,88.07,2025-08-27,Grayscale Bitcoin Trust ETF,Grayscale,BTC,1.5,11.052,55.419,0.9207,1619800,1-3
1196,GBTC,-0.820143,-0.268249,87.95,2025-08-28,Grayscale Bitcoin Trust ETF,Grayscale,BTC,1.5,10.7917,-26.54,0.9197,1311500,1-2
1197,GBTC,-0.991653,-0.696884,84.99,2025-08-29,Grayscale Bitcoin Trust ETF,Grayscale,BTC,1.5,9.6282,-74.761,0.9172,2529100,1-1
1198,GBTC,-0.995676,-0.812637,87.02,2025-09-02,Grayscale Bitcoin Trust ETF,Grayscale,BTC,1.5,9.6009,-87.784,0.9147,2594800,1-1
1199,GBTC,-0.927994,0.891619,88.16,2025-09-03,Grayscale Bitcoin Trust ETF,Grayscale,BTC,1.5,10.0601,103.945,0.9166,1324500,1-4
1200,GBTC,-0.817785,-1.515236,86.23,2025-09-04,Grayscale Bitcoin Trust ETF,Grayscale,BTC,1.5,10.8077,-166.826,0.9478,1610600,1-1
1201,GBTC,-0.565842,1.089712,87.66,2025-09-05,Grayscale Bitcoin Trust ETF,Grayscale,BTC,1.5,12.5168,126.23,0.9474,2228700,2-4
1202,GBTC,-0.528612,0.392062,88.04,2025-09-08,Grayscale Bitcoin Trust ETF,Grayscale,BTC,1.5,12.7694,47.745,0.9475,1239200,2-3
1203,GBTC,-0.565683,0.142491,87.42,2025-09-09,Grayscale Bitcoin Trust ETF,Grayscale,BTC,1.5,12.5179,19.668,0.9558,1994200,2-3
1204,GBTC,-0.583759,-0.648645,89.22,2025-09-10,Grayscale Bitcoin Trust ETF,Grayscale,BTC,1.5,12.3953,-69.334,0.9561,1766700,2-1
1205,GBTC,-0.586639,0.118659,89.92,2025-09-11,Grayscale Bitcoin Trust ETF,Grayscale,BTC,1.5,12.3758,16.987,0.9461,1563100,2-3
1206,GBTC,-0.415112,-0.031515,91.75,2025-09-12,Grayscale Bitcoin Trust ETF,Grayscale,BTC,1.5,13.5394,0.093,0.9294,2085400,2-2
1207,GBTC,-0.365867,-0.100413,90.49,2025-09-15,Grayscale Bitcoin Trust ETF,Grayscale,BTC,1.5,13.8735,-7.658,0.9331,2327000,2-2
1208,GBTC,-0.369159,0.31888,91.73,2025-09-16,Grayscale Bitcoin Trust ETF,Grayscale,BTC,1.5,13.8511,39.512,0.9416,1989500,2-3
1209,GBTC,-0.337997,-0.305063,90.79,2025-09-17,Grayscale Bitcoin Trust ETF,Grayscale,BTC,1.5,14.0625,-30.682,0.9646,4222800,2-2
1210,GBTC,-0.26352,1.055837,92.24,2025-09-18,Grayscale Bitcoin Trust ETF,Grayscale,BTC,1.5,14.5678,122.42,0.964,2373100,2-4
1211,GBTC,-0.222809,-1.09311,90.34,2025-09-19,Grayscale Bitcoin Trust ETF,Grayscale,BTC,1.5,14.8439,-119.337,0.9659,1692900,2-1
1212,GBTC,-0.239387,-0.471608,87.98,2025-09-22,Grayscale Bitcoin Trust ETF,Grayscale,BTC,1.5,14.7315,-49.418,0.9683,1782000,2-2
1213,GBTC,-0.239113,-0.516952,87.58,2025-09-23,Grayscale Bitcoin Trust ETF,Grayscale,BTC,1.5,14.7333,-54.519,0.9677,1738200,2-2
1214,GBTC,-0.29595,0.556731,89.01,2025-09-24,Grayscale Bitcoin Trust ETF,Grayscale,BTC,1.5,14.3478,66.27,0.9705,1451400,2-4
1215,GBTC,-0.422976,-0.368272,85.76,2025-09-25,Grayscale Bitcoin Trust ETF,Grayscale,BTC,1.5,13.486,-37.793,0.9642,3497200,2-2
1216,GBTC,-0.495682,-0.210033,85.65,2025-09-26,Grayscale Bitcoin Trust ETF,Grayscale,BTC,1.5,12.9928,-19.991,0.9449,2374700,2-2
1217,GBTC,-0.466643,0.489542,89.73,2025-09-29,Grayscale Bitcoin Trust ETF,Grayscale,BTC,1.5,13.1898,58.711,0.9611,3250300,2-3
1218,GBTC,-0.459901,0.629682,89.77,2025-09-30,Grayscale Bitcoin Trust ETF,Grayscale,BTC,1.5,13.2355,74.477,0.9604,2017700,2-4
1219,GBTC,-0.437193,-0.736812,92.2,2025-10-01,Grayscale Bitcoin Trust ETF,Grayscale,BTC,1.5,13.3896,-79.253,0.9424,3054300,2-1
1220,GBTC,-0.45062,0.438298,94.93,2025-10-02,Grayscale Bitcoin Trust ETF,Grayscale,BTC,1.5,13.2985,52.946,0.9444,3792700,2-3
1221,GBTC,-0.664679,1.24222,96.36,2025-10-03,Grayscale Bitcoin Trust ETF,Grayscale,BTC,1.5,11.8464,143.388,0.9902,4922100,1-4
1222,GBTC,-0.716972,0.822246,98.43,2025-10-06,Grayscale Bitcoin Trust ETF,Grayscale,BTC,1.5,11.4916,96.141,0.9763,4401800,1-4
1223,GBTC,-0.697921,0.070081,95.37,2025-10-07,Grayscale Bitcoin Trust ETF,Grayscale,BTC,1.5,11.6208,11.522,0.9867,5976700,1-3
1224,GBTC,-0.697539,0.957738,96.78,2025-10-08,Grayscale Bitcoin Trust ETF,Grayscale,BTC,1.5,11.6234,111.383,0.9765,4753000,1-4
1225,GBTC,-0.682294,-0.78727,94.9,2025-10-09,Grayscale Bitcoin Trust ETF,Grayscale,BTC,1.5,11.7269,-84.93,0.9751,5176300,1-1
1226,GBTC,-0.313844,1.448536,91.42,2025-10-10,Grayscale Bitcoin Trust ETF,Grayscale,BTC,1.5,14.2264,166.598,0.8924,8852200,2-4
1227,GBTC,-0.041865,-0.642254,90.86,2025-10-13,Grayscale Bitcoin Trust ETF,Grayscale,BTC,1.5,16.0714,-68.616,0.8762,5641100,3-1
1228,GBTC,0.038715,-1.256898,88.29,2025-10-14,Grayscale Bitcoin Trust ETF,Grayscale,BTC,1.5,16.6181,-137.763,0.8837,8191700,3-1
1229,GBTC,0.033994,-0.659345,87.23,2025-10-15,Grayscale Bitcoin Trust ETF,Grayscale,BTC,1.5,16.5861,-70.538,0.8767,4946000,3-1
1230,GBTC,-0.003894,-0.732302,84.8,2025-10-16,Grayscale Bitcoin Trust ETF,Grayscale,BTC,1.5,16.329,-78.746,0.8827,8618100,3-1
1231,GBTC,-0.043888,-3.306328,83.46,2025-10-17,Grayscale Bitcoin Trust ETF,Grayscale,BTC,1.5,16.0577,-368.324,0.8839,6703100,3-1
1232,GBTC,-0.018243,-0.784183,86.89,2025-10-20,Grayscale Bitcoin Trust ETF,Grayscale,BTC,1.5,16.2317,-84.583,0.8905,5307000,3-1
1233,GBTC,0.328111,2.548988,87.64,2025-10-21,Grayscale Bitcoin Trust ETF,Grayscale,BTC,1.5,18.5813,290.399,0.8747,7522100,3-4
1234,GBTC,0.76758,-0.675509,84.5,2025-10-22,Grayscale Bitcoin Trust ETF,Grayscale,BTC,1.5,21.5626,-72.357,0.8806,8605800,4-1
1235,GBTC,0.773469,0.254889,86.42,2025-10-23,Grayscale Bitcoin Trust ETF,Grayscale,BTC,1.5,21.6026,32.313,0.8831,3895700,4-3
1236,GBTC,0.761628,0.00044,86.69,2025-10-24,Grayscale Bitcoin Trust ETF,Grayscale,BTC,1.5,21.5222,3.688,0.8896,2892700,4-3
1237,GBTC,0.832059,0.669713,90.09,2025-10-27,Grayscale Bitcoin Trust ETF,Grayscale,BTC,1.5,22.0,78.981,0.8934,2636800,4-4
1238,GBTC,0.830326,-1.84176,89.02,2025-10-28,Grayscale Bitcoin Trust ETF,Grayscale,BTC,1.5,21.9883,-203.56,0.8937,3415500,4-1
1239,GBTC,0.786821,0.514455,86.66,2025-10-29,Grayscale Bitcoin Trust ETF,Grayscale,BTC,1.5,21.6931,61.514,0.8961,8558100,4-3
1240,GBTC,0.949617,-1.948381,83.34,2025-10-30,Grayscale Bitcoin Trust ETF,Grayscale,BTC,1.5,22.7975,-215.555,0.9054,4942200,4-1
1241,GBTC,1.154263,0.345057,86.02,2025-10-31,Grayscale Bitcoin Trust ETF,Grayscale,BTC,1.5,24.1858,42.457,0.9136,4277600,4-3
1242,GBTC,1.156059,-1.272487,83.5,2025-11-03,Grayscale Bitcoin Trust ETF,Grayscale,BTC,1.5,24.198,-139.517,0.9165,5057700,4-1
1243,GBTC,1.202869,-2.155725,78.87,2025-11-04,Grayscale Bitcoin Trust ETF,Grayscale,BTC,1.5,24.5155,-238.881,0.9302,9507900,4-1
1244,GBTC,1.251405,-0.959498,81.35,2025-11-05,Grayscale Bitcoin Trust ETF,Grayscale,BTC,1.5,24.8448,-104.305,0.9401,3080500,4-1
1245,GBTC,1.248498,0.708669,78.98,2025-11-06,Grayscale Bitcoin Trust ETF,Grayscale,BTC,1.5,24.8251,83.363,0.9418,5665000,4-4
1246,GBTC,0.966248,-0.302098,81.3,2025-11-07,Grayscale Bitcoin Trust ETF,Grayscale,BTC,1.5,22.9103,-30.348,0.9467,3736100,4-2
1247,GBTC,0.779768,-0.139466,83.05,2025-11-10,Grayscale Bitcoin Trust ETF,Grayscale,BTC,1.5,21.6453,-12.052,0.9446,3107100,4-2
1248,GBTC,0.72648,0.607372,80.47,2025-11-11,Grayscale Bitcoin Trust ETF,Grayscale,BTC,1.5,21.2838,71.967,0.9488,3084300,4-4
1249,GBTC,0.705597,-0.262307,79.49,2025-11-12,Grayscale Bitcoin Trust ETF,Grayscale,BTC,1.5,21.1421,-25.872,0.9488,3826700,4-2
1250,GBTC,0.808563,-1.284762,76.68,2025-11-13,Grayscale Bitcoin Trust ETF,Grayscale,BTC,1.5,21.8406,-140.898,0.9579,8256700,4-1
1251,GBTC,0.888414,-1.032578,73.78,2025-11-14,Grayscale Bitcoin Trust ETF,Grayscale,BTC,1.5,22.3823,-112.527,0.937,5539600,4-1
1252,GBTC,0.869299,-1.138163,71.84,2025-11-17,Grayscale Bitcoin Trust ETF,Grayscale,BTC,1.5,22.2527,-124.405,0.9339,10742200,4-1
1253,GBTC,0.53866,-0.541703,72.64,2025-11-18,Grayscale Bitcoin Trust ETF,Grayscale,BTC,1.5,20.0096,-57.304,0.9404,7350500,3-2
1254,GBTC,0.338209,-2.49053,69.99,2025-11-19,Grayscale Bitcoin Trust ETF,Grayscale,BTC,1.5,18.6498,-276.546,0.9549,8790200,3-1
1255,GBTC,0.469299,0.399063,67.56,2025-11-20,Grayscale Bitcoin Trust ETF,Grayscale,BTC,1.5,19.5391,48.533,0.9311,11999500,3-3
1256,GBTC,0.467545,-1.08805,66.16,2025-11-21,Grayscale Bitcoin Trust ETF,Grayscale,BTC,1.5,19.5272,-118.768,0.938,11916600,3-1
1257,GBTC,0.522875,0.769951,69.73,2025-11-24,Grayscale Bitcoin Trust ETF,Grayscale,BTC,1.5,19.9026,90.257,0.96,5867100,3-4
1258,GBTC,0.557276,-0.300825,68.36,2025-11-25,Grayscale Bitcoin Trust ETF,Grayscale,BTC,1.5,20.1359,-30.205,0.9625,5009200,4-2
1259,GBTC,0.561422,1.193479,70.38,2025-11-26,Grayscale Bitcoin Trust ETF,Grayscale,BTC,1.5,20.1641,137.904,0.955,4364500,4-4
1260,GBTC,0.284323,0.258011,71.01,2025-11-28,Grayscale Bitcoin Trust ETF,Grayscale,BTC,1.5,18.2843,32.664,0.9541,3619700,3-3
1261,GBTC,0.060668,-0.201519,66.92,2025-12-01,Grayscale Bitcoin Trust ETF,Grayscale,BTC,1.5,16.767,-19.033,0.9645,6705300,3-2
1262,GBTC,0.095436,-1.099639,71.25,2025-12-02,Grayscale Bitcoin Trust ETF,Grayscale,BTC,1.5,17.0029,-120.071,0.9797,5680500,3-1
1263,GBTC,0.011194,-0.461508,72.73,2025-12-03,Grayscale Bitcoin Trust ETF,Grayscale,BTC,1.5,16.4314,-48.282,0.9781,5555500,3-2
1264,GBTC,0.009305,0.848786,72.38,2025-12-04,Grayscale Bitcoin Trust ETF,Grayscale,BTC,1.5,16.4186,99.126,0.9757,4314600,3-4
1265,GBTC,0.005073,-0.02136,69.9,2025-12-05,Grayscale Bitcoin Trust ETF,Grayscale,BTC,1.5,16.3899,1.235,0.9811,4831100,3-2
1266,GBTC,-0.055449,0.967813,70.99,2025-12-08,Grayscale Bitcoin Trust ETF,Grayscale,BTC,1.5,15.9793,112.517,0.9786,3996900,2-4
1267,GBTC,-0.047513,0.637032,72.82,2025-12-09,Grayscale Bitcoin Trust ETF,Grayscale,BTC,1.5,16.0331,75.304,0.9805,4967800,2-4
1268,GBTC,-0.057057,0.914777,72.35,2025-12-10,Grayscale Bitcoin Trust ETF,Grayscale,BTC,1.5,15.9684,106.55,0.9798,4943600,2-4
1269,GBTC,0.036385,-1.103813,71.79,2025-12-11,Grayscale Bitcoin Trust ETF,Grayscale,BTC,1.5,16.6023,-120.541,0.9772,4119800,3-1
1270,GBTC,-0.111014,-0.044454,70.58,2025-12-12,Grayscale Bitcoin Trust ETF,Grayscale,BTC,1.5,15.6023,-1.363,0.9715,4737400,2-2
1271,GBTC,-0.167677,-0.982272,67.05,2025-12-15,Grayscale Bitcoin Trust ETF,Grayscale,BTC,1.5,15.218,-106.868,0.9775,7090200,2-1
1272,GBTC,-0.153304,-0.82831,68.49,2025-12-16,Grayscale Bitcoin Trust ETF,Grayscale,BTC,1.5,15.3155,-89.547,0.9795,4453500,2-1
1273,GBTC,-0.157266,-1.005218,67.1,2025-12-17,Grayscale Bitcoin Trust ETF,Grayscale,BTC,1.5,15.2886,-109.449,0.98,7669500,2-1
1274,GBTC,-0.44704,-0.483364,66.11,2025-12-18,Grayscale Bitcoin Trust ETF,Grayscale,BTC,1.5,13.3228,-50.74,0.9787,8139700,2-2
1275,GBTC,-0.53818,-0.16492,68.84,2025-12-19,Grayscale Bitcoin Trust ETF,Grayscale,BTC,1.5,12.7045,-14.916,0.9877,6320700,2-2
1276,GBTC,-0.549846,0.467959,69.03,2025-12-22,Grayscale Bitcoin Trust ETF,Grayscale,BTC,1.5,12.6254,56.283,0.989,3585000,2-3
1277,GBTC,-0.78512,0.385755,68.5,2025-12-23,Grayscale Bitcoin Trust ETF,Grayscale,BTC,1.5,11.0293,47.035,0.9826,4638300,1-3
1278,GBTC,-0.827766,-0.081804,68.2,2025-12-24,Grayscale Bitcoin Trust ETF,Grayscale,BTC,1.5,10.74,-5.565,0.9814,1503500,1-2
1279,GBTC,-0.812634,1.122846,68.4,2025-12-26,Grayscale Bitcoin Trust ETF,Grayscale,BTC,1.5,10.8427,129.958,0.9944,4199700,1-4
1280,GBTC,-0.821539,-0.093872,68.05,2025-12-29,Grayscale Bitcoin Trust ETF,Grayscale,BTC,1.5,10.7822,-6.923,0.9874,2373500,1-2
1281,GBTC,-0.864128,-0.511984,68.61,2025-12-30,Grayscale Bitcoin Trust ETF,Grayscale,BTC,1.5,10.4933,-53.96,0.9834,5528900,1-2
1282,GBTC,-0.871857,-0.306249,68.36,2025-12-31,Grayscale Bitcoin Trust ETF,Grayscale,BTC,1.5,10.4409,-30.815,0.9814,4676800,1-2
1283,GBTC,-0.876521,0.179452,70.14,2026-01-02,Grayscale Bitcoin Trust ETF,Grayscale,BTC,1.5,10.4092,23.826,0.978,6496100,1-3
1284,GBTC,-0.932331,0.14404,73.61,2026-01-05,Grayscale Bitcoin Trust ETF,Grayscale,BTC,1.5,10.0306,19.843,0.9855,6015500,1-3
1285,GBTC,-0.682689,-1.140464,72.2,2026-01-06,Grayscale Bitcoin Trust ETF,Grayscale,BTC,1.5,11.7242,-124.664,0.983,5273700,1-1
1286,GBTC,-0.590088,0.343422,71.0,2026-01-07,Grayscale Bitcoin Trust ETF,Grayscale,BTC,1.5,12.3524,42.273,1.0385,3785500,2-3
1287,GBTC,-0.594572,-0.007495,70.96,2026-01-08,Grayscale Bitcoin Trust ETF,Grayscale,BTC,1.5,12.322,2.795,1.0526,3261300,2-2
1288,GBTC,-0.59525,0.019082,70.48,2026-01-09,Grayscale Bitcoin Trust ETF,Grayscale,BTC,1.5,12.3174,5.785,1.0491,3707900,2-3
1289,GBTC,-0.711582,-0.056288,71.41,2026-01-12,Grayscale Bitcoin Trust ETF,Grayscale,BTC,1.5,11.5282,-2.694,1.0551,3262000,1-2
1290,GBTC,-0.606148,0.342109,73.78,2026-01-13,Grayscale Bitcoin Trust ETF,Grayscale,BTC,1.5,12.2434,42.125,1.0366,4616900,2-3
1291,GBTC,-0.46527,0.860504,76.31,2026-01-14,Grayscale Bitcoin Trust ETF,Grayscale,BTC,1.5,13.1991,100.445,1.0445,5802100,2-4
1292,GBTC,-0.385244,-0.381037,74.33,2026-01-15,Grayscale Bitcoin Trust ETF,Grayscale,BTC,1.5,13.742,-39.229,1.0476,4454400,2-2
1293,GBTC,-0.377261,0.01838,74.58,2026-01-16,Grayscale Bitcoin Trust ETF,Grayscale,BTC,1.5,13.7962,5.706,1.061,4034400,2-3
1294,GBTC,-0.266541,0.941563,69.89,2026-01-20,Grayscale Bitcoin Trust ETF,Grayscale,BTC,1.5,14.5473,109.564,1.0258,3886500,2-4
1295,GBTC,-0.297248,1.597985,70.34,2026-01-21,Grayscale Bitcoin Trust ETF,Grayscale,BTC,1.5,14.339,183.411,1.0237,6775200,2-4
1296,GBTC,-0.236611,-0.682038,69.75,2026-01-22,Grayscale Bitcoin Trust ETF,Grayscale,BTC,1.5,14.7503,-73.091,1.0244,2767300,2-1
1297,GBTC,-0.248869,0.368598,69.82,2026-01-23,Grayscale Bitcoin Trust ETF,Grayscale,BTC,1.5,14.6672,45.105,1.0167,3222900,2-3
1298,GBTC,-0.238725,-0.639752,68.31,2026-01-26,Grayscale Bitcoin Trust ETF,Grayscale,BTC,1.5,14.736,-68.334,1.0182,3862000,2-1
1299,GBTC,-0.19504,-1.103788,69.69,2026-01-27,Grayscale Bitcoin Trust ETF,Grayscale,BTC,1.5,15.0323,-120.538,1.0215,3475900,2-1
1300,GBTC,-0.190355,-0.959185,69.46,2026-01-28,Grayscale Bitcoin Trust ETF,Grayscale,BTC,1.5,15.0641,-104.27,1.0141,4969400,2-1
1301,GBTC,-0.203606,-0.51259,65.53,2026-01-29,Grayscale Bitcoin Trust ETF,Grayscale,BTC,1.5,14.9742,-54.028,1.012,8401400,2-2
1302,GBTC,-0.227591,-0.315891,65.37,2026-01-30,Grayscale Bitcoin Trust ETF,Grayscale,BTC,1.5,14.8115,-31.9,1.0111,6663200,2-2
1303,GBTC,-0.214843,-0.050025,60.82,2026-02-02,Grayscale Bitcoin Trust ETF,Grayscale,BTC,1.5,14.898,-1.99,1.0089,8956200,2-2
1304,GBTC,-0.010537,0.721913,59.61,2026-02-03,Grayscale Bitcoin Trust ETF,Grayscale,BTC,1.5,16.284,84.853,0.9888,13177700,3-4
1305,GBTC,-0.19317,0.558935,57.22,2026-02-04,Grayscale Bitcoin Trust ETF,Grayscale,BTC,1.5,15.045,66.518,0.9908,11785900,2-4
1306,GBTC,-0.238481,1.447899,49.66,2026-02-05,Grayscale Bitcoin Trust ETF,Grayscale,BTC,1.5,14.7376,166.526,0.9671,18155800,2-4
1307,GBTC,-0.083457,-0.174166,54.63,2026-02-06,Grayscale Bitcoin Trust ETF,Grayscale,BTC,1.5,15.7893,-15.956,0.9397,5904800,2-2
1308,GBTC,0.065396,1.666189,55.19,2026-02-09,Grayscale Bitcoin Trust ETF,Grayscale,BTC,1.5,16.7991,191.084,0.9386,7045700,3-4
1309,GBTC,0.120075,-0.980321,53.63,2026-02-10,Grayscale Bitcoin Trust ETF,Grayscale,BTC,1.5,17.17,-106.648,0.9403,5087000,3-1
1310,GBTC,0.037218,0.161677,52.67,2026-02-11,Grayscale Bitcoin Trust ETF,Grayscale,BTC,1.5,16.6079,21.827,0.9358,3949400,3-3
1311,GBTC,0.164812,-2.317924,50.95,2026-02-12,Grayscale Bitcoin Trust ETF,Grayscale,BTC,1.5,17.4735,-257.128,0.9452,3758600,3-1
1312,GBTC,0.216796,0.311532,53.63,2026-02-13,Grayscale Bitcoin Trust ETF,Grayscale,BTC,1.5,17.8262,38.685,0.9526,5620000,3-3
1313,GBTC,0.216707,-0.788441,52.81,2026-02-17,Grayscale Bitcoin Trust ETF,Grayscale,BTC,1.5,17.8256,-85.062,0.9515,4827700,3-1
1314,GBTC,0.09962,-0.480517,51.64,2026-02-18,Grayscale Bitcoin Trust ETF,Grayscale,BTC,1.5,17.0313,-50.42,0.9495,2878500,3-2
1315,GBTC,0.105526,-0.601418,52.32,2026-02-19,Grayscale Bitcoin Trust ETF,Grayscale,BTC,1.5,17.0713,-64.022,0.9608,2196000,3-1
1316,GBTC,0.073781,0.883578,52.81,2026-02-20,Grayscale Bitcoin Trust ETF,Grayscale,BTC,1.5,16.856,103.04,0.9588,5054700,3-4
1317,GBTC,0.074356,-0.503976,50.23,2026-02-23,Grayscale Bitcoin Trust ETF,Grayscale,BTC,1.5,16.8599,-53.059,0.95,3942600,3-2
1318,GBTC,0.082107,-0.051776,50.27,2026-02-24,Grayscale Bitcoin Trust ETF,Grayscale,BTC,1.5,16.9125,-2.187,0.949,2332000,3-2
1319,GBTC,0.12802,1.824103,53.94,2026-02-25,Grayscale Bitcoin Trust ETF,Grayscale,BTC,1.5,17.2239,208.849,0.9629,3376400,3-4
1320,GBTC,0.307563,-0.287024,52.58,2026-02-26,Grayscale Bitcoin Trust ETF,Grayscale,BTC,1.5,18.4419,-28.652,0.9629,4045100,3-2
1321,GBTC,0.312567,-0.268473,51.13,2026-02-27,Grayscale Bitcoin Trust ETF,Grayscale,BTC,1.5,18.4759,-26.565,0.9587,3645500,3-2
1322,GBTC,0.374666,0.876175,53.89,2026-03-02,Grayscale Bitcoin Trust ETF,Grayscale,BTC,1.5,18.8971,102.208,0.959,4394400,3-4
1323,GBTC,0.385692,-0.476703,53.18,2026-03-03,Grayscale Bitcoin Trust ETF,Grayscale,BTC,1.5,18.9719,-49.991,0.9599,4123000,3-2
1324,GBTC,0.23133,-0.954357,56.99,2026-03-04,Grayscale Bitcoin Trust ETF,Grayscale,BTC,1.5,17.9248,-103.727,0.9687,5125100,3-1
1325,GBTC,0.212204,0.607766,55.53,2026-03-05,Grayscale Bitcoin Trust ETF,Grayscale,BTC,1.5,17.795,72.012,0.9671,4447000,3-4
1326,GBTC,0.222946,0.395593,53.06,2026-03-06,Grayscale Bitcoin Trust ETF,Grayscale,BTC,1.5,17.8679,48.142,0.9699,2350200,3-3
1327,GBTC,0.144549,0.265979,53.79,2026-03-09,Grayscale Bitcoin Trust ETF,Grayscale,BTC,1.5,17.336,33.561,0.9697,3502100,3-3
1328,GBTC,0.021437,0.277112,54.6,2026-03-10,Grayscale Bitcoin Trust ETF,Grayscale,BTC,1.5,16.5009,34.813,0.9677,3996700,3-3
1329,GBTC,-0.033459,-0.089323,55.05,2026-03-11,Grayscale Bitcoin Trust ETF,Grayscale,BTC,1.5,16.1285,-6.411,0.9697,3073900,3-2
1330,GBTC,-0.03415,-0.634326,54.89,2026-03-12,Grayscale Bitcoin Trust ETF,Grayscale,BTC,1.5,16.1238,-67.724,0.9707,4048400,3-1
1331,GBTC,-0.353425,0.411592,55.47,2026-03-13,Grayscale Bitcoin Trust ETF,Grayscale,BTC,1.5,13.9579,49.942,0.9668,7201600,2-3
1332,GBTC,-0.371614,-1.596807,57.64,2026-03-16,Grayscale Bitcoin Trust ETF,Grayscale,BTC,1.5,13.8345,-176.003,0.9566,3487900,2-1
1333,GBTC,-0.12212,0.716352,58.08,2026-03-17,Grayscale Bitcoin Trust ETF,Grayscale,BTC,1.5,15.527,84.227,0.9538,2964600,2-4
1334,GBTC,-0.049145,-0.823721,55.34,2026-03-18,Grayscale Bitcoin Trust ETF,Grayscale,BTC,1.5,16.0221,-89.031,0.9587,3220400,2-1
1335,GBTC,-0.041032,0.370573,54.71,2026-03-19,Grayscale Bitcoin Trust ETF,Grayscale,BTC,1.5,16.0771,45.327,0.9528,4227100,3-3
1336,GBTC,-0.006796,-0.818976,54.65,2026-03-20,Grayscale Bitcoin Trust ETF,Grayscale,BTC,1.5,16.3093,-88.497,0.9515,3024300,3-1
1337,GBTC,-0.006878,0.440816,55.02,2026-03-23,Grayscale Bitcoin Trust ETF,Grayscale,BTC,1.5,16.3088,53.23,0.9522,4943500,3-3
1338,GBTC,0.049514,-2.542103,53.97,2026-03-24,Grayscale Bitcoin Trust ETF,Grayscale,BTC,1.5,16.6913,-282.348,0.9529,3850800,3-1
1339,GBTC,0.011181,-0.366998,55.18,2026-03-25,Grayscale Bitcoin Trust ETF,Grayscale,BTC,1.5,16.4313,-37.649,0.9551,3254200,3-2
1340,GBTC,-0.180328,-0.911763,53.34,2026-03-26,Grayscale Bitcoin Trust ETF,Grayscale,BTC,1.5,15.1321,-98.935,0.9548,2615800,2-1
1341,GBTC,-0.192972,-0.335411,51.37,2026-03-27,Grayscale Bitcoin Trust ETF,Grayscale,BTC,1.5,15.0464,-34.096,0.9571,3194000,2-2
1342,GBTC,-0.279711,-0.279693,51.74,2026-03-30,Grayscale Bitcoin Trust ETF,Grayscale,BTC,1.5,14.4579,-27.827,0.9578,2808500,2-2
1343,GBTC,-0.302014,0.747978,52.76,2026-03-31,Grayscale Bitcoin Trust ETF,Grayscale,BTC,1.5,14.3066,87.785,0.9573,4578400,2-4
1344,GBTC,-0.311726,0.404905,53.05,2026-04-01,Grayscale Bitcoin Trust ETF,Grayscale,BTC,1.5,14.2407,49.19,0.9531,2556200,2-3
1345,GBTC,-0.311802,0.342387,52.15,2026-04-02,Grayscale Bitcoin Trust ETF,Grayscale,BTC,1.5,14.2402,42.157,0.954,2253900,2-3
1346,GBTC,-0.261219,1.642814,54.26,2026-04-06,Grayscale Bitcoin Trust ETF,Grayscale,BTC,1.5,14.5834,188.454,0.9609,2194200,2-4
1347,GBTC,0.987326,-3.090369,53.7,2026-04-07,Grayscale Bitcoin Trust ETF,Grayscale,BTC,1.5,23.0533,-344.028,0.9317,1968000,4-1
1348,GBTC,1.753862,1.024256,55.52,2026-04-08,Grayscale Bitcoin Trust ETF,Grayscale,BTC,1.5,28.2534,118.867,0.9278,2244000,4-4
1349,GBTC,1.748945,0.54068,56.11,2026-04-09,Grayscale Bitcoin Trust ETF,Grayscale,BTC,1.5,28.2201,64.464,0.9274,1649100,4-3
1350,GBTC,1.73201,0.640503,57.04,2026-04-10,Grayscale Bitcoin Trust ETF,Grayscale,BTC,1.5,28.1052,75.695,0.9324,1788800,4-4
1351,GBTC,1.833849,-2.000746,57.09,2026-04-13,Grayscale Bitcoin Trust ETF,Grayscale,BTC,1.5,28.796,-221.446,0.9225,2463900,4-1
1352,GBTC,1.869984,3.994207,57.81,2026-04-14,Grayscale Bitcoin Trust ETF,Grayscale,BTC,1.5,29.0412,452.986,0.921,3292500,4-4
1353,GBTC,1.742233,0.260715,58.37,2026-04-15,Grayscale Bitcoin Trust ETF,Grayscale,BTC,1.5,28.1745,32.968,0.9212,2169600,4-3
1354,GBTC,1.682429,0.09279,58.64,2026-04-16,Grayscale Bitcoin Trust ETF,Grayscale,BTC,1.5,27.7688,14.077,0.9287,2168100,4-3
1355,GBTC,1.672695,0.338898,60.29,2026-04-17,Grayscale Bitcoin Trust ETF,Grayscale,BTC,1.5,27.7028,41.764,0.9309,4032100,4-3
1356,GBTC,1.638139,1.926022,59.37,2026-04-20,Grayscale Bitcoin Trust ETF,Grayscale,BTC,1.5,27.4684,220.315,0.9313,2270100,4-4
1357,GBTC,1.826977,-1.583054,58.35,2026-04-21,Grayscale Bitcoin Trust ETF,Grayscale,BTC,1.5,28.7494,-174.456,0.9287,1910000,4-1
1358,GBTC,2.007803,0.736956,61.37,2026-04-22,Grayscale Bitcoin Trust ETF,Grayscale,BTC,1.5,29.9761,86.545,0.9368,3069500,4-4
1359,GBTC,2.058449,-0.659614,60.48,2026-04-23,Grayscale Bitcoin Trust ETF,Grayscale,BTC,1.5,30.3197,-70.569,0.9346,1610700,4-1
1360,GBTC,2.076378,-0.274231,60.37,2026-04-24,Grayscale Bitcoin Trust ETF,Grayscale,BTC,1.5,30.4413,-27.213,0.9339,1620200,4-2
1361,GBTC,2.101215,-1.058132,59.77,2026-04-27,Grayscale Bitcoin Trust ETF,Grayscale,BTC,1.5,30.6098,-115.402,0.9283,1484500,4-1
1362,GBTC,2.107113,1.45127,59.34,2026-04-28,Grayscale Bitcoin Trust ETF,Grayscale,BTC,1.5,30.6498,166.906,0.9276,1232500,4-4
1363,GBTC,2.111636,-1.417568,58.68,2026-04-29,Grayscale Bitcoin Trust ETF,Grayscale,BTC,1.5,30.6805,-155.838,0.9189,1962000,4-1
1364,GBTC,2.103964,0.461616,59.4,2026-04-30,Grayscale Bitcoin Trust ETF,Grayscale,BTC,1.5,30.6285,55.57,0.9285,1379200,4-3
1365,GBTC,2.107087,0.077924,60.97,2026-05-01,Grayscale Bitcoin Trust ETF,Grayscale,BTC,1.5,30.6496,12.404,0.9256,1851600,4-3
1366,GBTC,2.064956,0.97586,62.23,2026-05-04,Grayscale Bitcoin Trust ETF,Grayscale,BTC,1.5,30.3638,113.422,0.9236,2529300,4-4
1367,GBTC,1.072614,1.085782,63.46,2026-05-05,Grayscale Bitcoin Trust ETF,Grayscale,BTC,1.5,23.6319,125.788,0.9722,1548800,4-4
1368,GBTC,0.281627,0.704133,63.3,2026-05-06,Grayscale Bitcoin Trust ETF,Grayscale,BTC,1.5,18.266,82.853,0.9753,1438300,3-4
1369,GBTC,0.279638,0.261131,62.28,2026-05-07,Grayscale Bitcoin Trust ETF,Grayscale,BTC,1.5,18.2525,33.015,0.9684,1519300,3-3
1370,GBTC,0.281021,-0.209345,62.31,2026-05-08,Grayscale Bitcoin Trust ETF,Grayscale,BTC,1.5,18.2619,-19.913,0.9752,1234800,3-2
1371,GBTC,0.094532,-0.031074,63.67,2026-05-11,Grayscale Bitcoin Trust ETF,Grayscale,BTC,1.5,16.9967,0.142,0.9668,1236000,3-2
1372,GBTC,-0.049262,-0.521819,62.79,2026-05-12,Grayscale Bitcoin Trust ETF,Grayscale,BTC,1.5,16.0213,-55.067,0.9515,1324100,2-2
1373,GBTC,-0.050194,0.157024,61.84,2026-05-13,Grayscale Bitcoin Trust ETF,Grayscale,BTC,1.5,16.0149,21.303,0.9546,1263200,2-3
1374,GBTC,-0.048643,0.250119,63.27,2026-05-14,Grayscale Bitcoin Trust ETF,Grayscale,BTC,1.5,16.0255,31.776,0.9512,2068200,2-3
1375,GBTC,-0.036892,-0.10399,61.44,2026-05-15,Grayscale Bitcoin Trust ETF,Grayscale,BTC,1.5,16.1052,-8.061,0.9554,2057300,3-2
1376,GBTC,-0.031095,-0.68857,59.66,2026-05-18,Grayscale Bitcoin Trust ETF,Grayscale,BTC,1.5,16.1445,-73.826,0.9607,2162900,3-1
1377,GBTC,-0.389445,-0.619926,59.6,2026-05-19,Grayscale Bitcoin Trust ETF,Grayscale,BTC,1.5,13.7135,-66.104,0.9586,935000,2-1
1378,GBTC,-1.041427,-0.300982,60.29,2026-05-20,Grayscale Bitcoin Trust ETF,Grayscale,BTC,1.5,9.2906,-30.222,0.9624,1378400,1-2
1379,GBTC,-1.314518,-0.578482,60.27,2026-05-21,Grayscale Bitcoin Trust ETF,Grayscale,BTC,1.5,7.4379,-61.441,0.9338,2490100,1-1
1380,GBTC,-1.39696,0.011883,58.85,2026-05-22,Grayscale Bitcoin Trust ETF,Grayscale,BTC,1.5,6.8787,4.975,0.9263,1786700,1-3
1381,GBTC,-1.508802,0.084559,58.94,2026-05-26,Grayscale Bitcoin Trust ETF,Grayscale,BTC,1.5,6.1199,13.151,0.9202,2132900,1-3
1382,GBTC,-1.520825,0.3207,58.15,2026-05-27,Grayscale Bitcoin Trust ETF,Grayscale,BTC,1.5,6.0384,39.717,0.8963,1738500,1-3
1383,GBTC,-1.360351,-0.91363,56.94,2026-05-28,Grayscale Bitcoin Trust ETF,Grayscale,BTC,1.5,7.127,-99.145,0.8993,2614400,1-1
1384,GBTC,-1.392118,-0.500764,57.02,2026-05-29,Grayscale Bitcoin Trust ETF,Grayscale,BTC,1.5,6.9115,-52.698,0.8634,2303400,1-2
1385,GBTC,-1.40651,-0.845396,55.48,2026-06-01,Grayscale Bitcoin Trust ETF,Grayscale,BTC,1.5,6.8139,-91.469,0.863,2812300,1-1
1386,GBTC,-1.391436,-1.014299,52.16,2026-06-02,Grayscale Bitcoin Trust ETF,Grayscale,BTC,1.5,6.9161,-110.471,0.8553,3325500,1-1
1387,GBTC,-1.379024,-0.775389,50.73,2026-06-03,Grayscale Bitcoin Trust ETF,Grayscale,BTC,1.5,7.0003,-83.593,0.8425,2040000,1-1
1388,GBTC,-0.819269,-1.998709,49.34,2026-06-04,Grayscale Bitcoin Trust ETF,Grayscale,BTC,1.5,10.7976,-221.217,0.8474,3039000,1-1
1389,GBTC,-0.722456,-3.435994,46.8,2026-06-05,Grayscale Bitcoin Trust ETF,Grayscale,BTC,1.5,11.4544,-382.911,0.8666,5982500,1-1
1390,GBTC,-0.40894,-1.560644,49.17,2026-06-08,Grayscale Bitcoin Trust ETF,Grayscale,BTC,1.5,13.5813,-171.934,0.8921,2832700,2-1
1391,GBTC,-0.423659,-1.207403,48.14,2026-06-09,Grayscale Bitcoin Trust ETF,Grayscale,BTC,1.5,13.4814,-132.195,0.8909,3067500,2-1
1392,GBTC,-0.424809,-1.784752,48.02,2026-06-10,Grayscale Bitcoin Trust ETF,Grayscale,BTC,1.5,13.4736,-197.146,0.9095,2957000,2-1
1393,GBTC,-0.420784,0.07153,49.32,2026-06-11,Grayscale Bitcoin Trust ETF,Grayscale,BTC,1.5,13.5009,11.685,0.9112,3005900,2-3
1394,GBTC,-0.425725,1.270961,49.34,2026-06-12,Grayscale Bitcoin Trust ETF,Grayscale,BTC,1.5,13.4674,146.621,0.8929,2221700,2-4
1395,GBTC,-0.383768,0.301853,51.65,2026-06-15,Grayscale Bitcoin Trust ETF,Grayscale,BTC,1.5,13.752,37.596,0.9087,1962900,2-3
1396,GBTC,-0.377394,-0.088172,50.91,2026-06-16,Grayscale Bitcoin Trust ETF,Grayscale,BTC,1.5,13.7953,-6.281,0.9133,1330400,2-2
1397,GBTC,-0.376506,-0.512455,49.85,2026-06-17,Grayscale Bitcoin Trust ETF,Grayscale,BTC,1.5,13.8013,-54.013,0.9153,1695800,2-2
1398,GBTC,-0.386085,-0.101814,48.8,2026-06-18,Grayscale Bitcoin Trust ETF,Grayscale,BTC,1.5,13.7363,-7.816,0.913,2167700,2-2
1399,GBTC,-0.321004,0.577382,49.96,2026-06-22,Grayscale Bitcoin Trust ETF,Grayscale,BTC,1.5,14.1778,68.593,0.9129,1290100,2-4
1400,GBTC,-0.218263,-1.323396,48.35,2026-06-23,Grayscale Bitcoin Trust ETF,Grayscale,BTC,1.5,14.8748,-145.244,0.9209,1394100,2-1
1401,GBTC,-0.100092,-2.29134,46.41,2026-06-24,Grayscale Bitcoin Trust ETF,Grayscale,BTC,1.5,15.6764,-254.138,0.9303,2940100,2-1
1402,GBTC,-0.054303,-1.150684,45.9,2026-06-25,Grayscale Bitcoin Trust ETF,Grayscale,BTC,1.5,15.9871,-125.814,0.9236,2961600,2-1
1403,GBTC,-0.087764,-0.871141,46.28,2026-06-26,Grayscale Bitcoin Trust ETF,Grayscale,BTC,1.5,15.7601,-94.365,0.9258,1883600,2-1
1404,GBTC,-0.039339,-0.839771,46.77,2026-06-29,Grayscale Bitcoin Trust ETF,Grayscale,BTC,1.5,16.0886,-90.836,0.9271,2116300,3-1
1405,GBTC,-0.04019,0.200828,45.52,2026-06-30,Grayscale Bitcoin Trust ETF,Grayscale,BTC,1.5,16.0828,26.231,0.9287,1789600,3-3
1406,GBTC,-0.04678,1.518067,46.5,2026-07-01,Grayscale Bitcoin Trust ETF,Grayscale,BTC,1.5,16.0381,174.42,0.9133,1846800,2-4
1407,GBTC,-0.086862,0.748072,47.64,2026-07-02,Grayscale Bitcoin Trust ETF,Grayscale,BTC,1.5,15.7662,87.796,1.0022,1639100,2-4
1408,GBTC,-0.470177,0.050779,49.4,2026-07-06,Grayscale Bitcoin Trust ETF,Grayscale,BTC,1.5,13.1658,9.351,1.0107,1875000,2-3
1409,GBTC,-0.489589,0.370104,49.46,2026-07-07,Grayscale Bitcoin Trust ETF,Grayscale,BTC,1.5,13.0341,45.275,1.0062,1295900,2-3
1410,GBTC,-0.69042,-0.151251,48.24,2026-07-08,Grayscale Bitcoin Trust ETF,Grayscale,BTC,1.5,11.6717,-13.378,1.0106,1388300,1-2
1411,GBTC,-0.689934,-0.038276,49.0,2026-07-09,Grayscale Bitcoin Trust ETF,Grayscale,BTC,1.5,11.675,-0.668,1.0272,1109700,1-2
1412,GBTC,-0.682334,-0.345947,49.56,2026-07-10,Grayscale Bitcoin Trust ETF,Grayscale,BTC,1.5,11.7266,-35.281,1.0258,1190100,1-2
1413,GBTC,-0.682495,0.302619,48.22,2026-07-13,Grayscale Bitcoin Trust ETF,Grayscale,BTC,1.5,11.7255,37.683,1.0223,1844700,1-3
1414,GBTC,-0.654182,-1.355195,50.03,2026-07-14,Grayscale Bitcoin Trust ETF,Grayscale,BTC,1.5,11.9176,-148.821,1.0124,2366500,2-1
1415,GBTC,-0.614315,0.263727,50.34,2026-07-15,Grayscale Bitcoin Trust ETF,Grayscale,BTC,1.5,12.188,33.307,1.0105,1363900,2-3
1416,GBTC,-0.620844,0.531336,49.78,2026-07-16,Grayscale Bitcoin Trust ETF,Grayscale,BTC,1.5,12.1437,63.413,1.0097,856900,2-3
1417,GBTC,-0.628254,0.577974,49.71,2026-07-17,Grayscale Bitcoin Trust ETF,Grayscale,BTC,1.5,12.0935,68.66,1.0166,1571800,2-4
1418,GBTC,-0.605152,-0.197696,50.45,2026-07-20,Grayscale Bitcoin Trust ETF,Grayscale,BTC,1.5,12.2502,-18.603,0.9881,1821500,2-2
1419,GBTC,-0.665639,0.480274,51.49,2026-07-21,Grayscale Bitcoin Trust ETF,Grayscale,BTC,1.5,11.8398,57.669,0.991,1223100,1-3
1420,GBTC,-0.825927,-0.578595,51.08,2026-07-22,Grayscale Bitcoin Trust ETF,Grayscale,BTC,1.5,10.7525,-61.454,0.9935,1123600,1-1
1421,GBTC,-1.07723,-1.012464,50.19,2026-07-23,Grayscale Bitcoin Trust ETF,Grayscale,BTC,1.5,9.0477,-110.264,0.9946,1121800,1-1
1422,GBTC,-1.122147,-0.272089,49.72,2026-07-24,Grayscale Bitcoin Trust ETF,Grayscale,BTC,1.5,8.743,-26.972,0.9946,1252500,1-2
1423,GBTC,-0.863969,1.735787,50.28,2026-07-27,Grayscale Bitcoin Trust ETF,Grayscale,BTC,1.5,10.4944,198.914,0.9924,1206000,1-4
1424,GBTC,-0.594001,-0.071653,49.44,2026-07-28,Grayscale Bitcoin Trust ETF,Grayscale,BTC,1.5,12.3258,-4.423,0.9874,925200,2-2
1425,GBTC,-0.576724,-0.382503,49.2,2026-07-29,Grayscale Bitcoin Trust ETF,Grayscale,BTC,1.5,12.443,-39.394,0.9846,1762700,2-2
1426,GBTC,-0.539286,0.357732,50.16,2026-07-30,Grayscale Bitcoin Trust ETF,Grayscale,BTC,1.5,12.697,43.883,0.9883,1525200,2-3
1427,GBTC,-0.539076,-0.050782,48.73,2026-07-31,Grayscale Bitcoin Trust ETF,Grayscale,BTC,1.5,12.6984,-2.075,0.9839,3179000,2-2
1428,GBTC,-0.542195,-1.19519,49.43,2026-08-03,Grayscale Bitcoin Trust ETF,Grayscale,BTC,1.5,12.6773,-130.821,0.9889,2440800,2-1
1429,GBTC,-0.652045,0.222031,49.73,2026-08-04,Grayscale Bitcoin Trust ETF,Grayscale,BTC,1.5,11.9321,28.616,0.988,1152300,2-3
1430,GBTC,-0.706228,0.783516,50.19,2026-08-05,Grayscale Bitcoin Trust ETF,Grayscale,BTC,1.5,11.5645,91.783,0.9888,1392000,1-4
1431,GBTC,-0.705158,0.087761,49.88,2026-08-06,Grayscale Bitcoin Trust ETF,Grayscale,BTC,1.5,11.5718,13.511,0.9866,1096900,1-3
1432,GBTC,-0.716249,-0.057317,50.3,2026-08-07,Grayscale Bitcoin Trust ETF,Grayscale,BTC,1.5,11.4965,-2.81,0.9867,1191000,1-2
1433,GBTC,-0.723792,-0.474601,49.53,2026-08-10,Grayscale Bitcoin Trust ETF,Grayscale,BTC,1.5,11.4453,-49.755,0.9868,2550200,1-2
1434,GBTC,-0.754162,-0.420302,49.13,2026-08-11,Grayscale Bitcoin Trust ETF,Grayscale,BTC,1.5,11.2393,-43.646,0.9859,1270500,1-2
1435,GBTC,-0.843707,-0.456223,49.04,2026-08-12,Grayscale Bitcoin Trust ETF,Grayscale,BTC,1.5,10.6319,-47.687,0.9824,1830200,1-2
1436,GBTC,-0.855923,-0.343523,49.05,2026-08-13,Grayscale Bitcoin Trust ETF,Grayscale,BTC,1.5,10.549,-35.008,0.9802,1567500,1-2
1437,GBTC,-0.862785,-0.33413,48.68,2026-08-14,Grayscale Bitcoin Trust ETF,Grayscale,BTC,1.5,10.5024,-33.952,0.9802,783100,1-2
1438,GBTC,-0.887581,-0.437614,49.75,2026-08-17,Grayscale Bitcoin Trust ETF,Grayscale,BTC,1.5,10.3342,-45.594,0.9775,2283400,1-2
1439,GBTC,-0.883443,0.000643,50.0,2026-08-18,Grayscale Bitcoin Trust ETF,Grayscale,BTC,1.5,10.3623,3.71,0.9782,1505600,1-3
1440,GBTC,-0.83543,-0.718612,53.0,2026-08-19,Grayscale Bitcoin Trust ETF,Grayscale,BTC,1.5,10.688,-77.206,0.9619,5633000,1-1
1441,GBTC,-0.773134,0.004565,56.28,2026-08-20,Grayscale Bitcoin Trust ETF,Grayscale,BTC,1.5,11.1106,4.152,0.9764,3712300,1-3
1442,GBTC,-0.796229,0.149486,59.63,2026-08-21,Grayscale Bitcoin Trust ETF,Grayscale,BTC,1.5,10.9539,20.455,0.9812,3778449,1-3
1443,ARKB,1.910883,1.160933,20.9233,2024-09-20,ARK 21Shares Bitcoin ETF,ARK / 21Shares,BTC,0.21,29.3186,134.243,0.8618,2092200,4-4
1444,ARKB,1.914372,1.454905,21.0833,2024-09-23,ARK 21Shares Bitcoin ETF,ARK / 21Shares,BTC,0.21,29.3423,167.315,0.8618,2321100,4-4
1445,ARKB,1.858817,1.376684,21.4233,2024-09-24,ARK 21Shares Bitcoin ETF,ARK / 21Shares,BTC,0.21,28.9654,158.515,0.8634,1906800,4-4
1446,ARKB,1.37002,2.656072,21.0467,2024-09-25,ARK 21Shares Bitcoin ETF,ARK / 21Shares,BTC,0.21,25.6495,302.446,0.8659,1117200,4-4
1447,ARKB,0.509769,-0.647671,21.5633,2024-09-26,ARK 21Shares Bitcoin ETF,ARK / 21Shares,BTC,0.21,19.8137,-69.225,0.8609,5789700,3-1
1448,ARKB,0.531031,0.888909,21.8867,2024-09-27,ARK 21Shares Bitcoin ETF,ARK / 21Shares,BTC,0.21,19.9579,103.64,0.8628,5879400,3-4
1449,ARKB,0.514289,0.295182,21.1567,2024-09-30,ARK 21Shares Bitcoin ETF,ARK / 21Shares,BTC,0.21,19.8443,36.846,0.8655,2991600,3-3
1450,ARKB,0.38521,0.567688,20.5633,2024-10-01,ARK 21Shares Bitcoin ETF,ARK / 21Shares,BTC,0.21,18.9687,67.503,0.8556,5548200,3-4
1451,ARKB,0.60172,-1.275207,20.0433,2024-10-02,ARK 21Shares Bitcoin ETF,ARK / 21Shares,BTC,0.21,20.4374,-139.823,0.859,4041000,4-1
1452,ARKB,0.588567,0.073512,20.3233,2024-10-03,ARK 21Shares Bitcoin ETF,ARK / 21Shares,BTC,0.21,20.3482,11.908,0.86,2630400,4-3
1453,ARKB,0.442476,-0.138165,20.7933,2024-10-04,ARK 21Shares Bitcoin ETF,ARK / 21Shares,BTC,0.21,19.3571,-11.906,0.8635,2407500,3-2
1454,ARKB,0.377869,1.134556,21.1233,2024-10-07,ARK 21Shares Bitcoin ETF,ARK / 21Shares,BTC,0.21,18.9189,131.275,0.8645,2791800,3-4
1455,ARKB,0.539431,-0.946283,20.7267,2024-10-08,ARK 21Shares Bitcoin ETF,ARK / 21Shares,BTC,0.21,20.0149,-102.819,0.8663,3163800,3-1
1456,ARKB,0.537523,1.182357,20.3033,2024-10-09,ARK 21Shares Bitcoin ETF,ARK / 21Shares,BTC,0.21,20.0019,136.653,0.8653,1816800,3-4
1457,ARKB,0.67309,-1.401049,19.8733,2024-10-10,ARK 21Shares Bitcoin ETF,ARK / 21Shares,BTC,0.21,20.9216,-153.98,0.8687,2799300,4-1
1458,ARKB,0.86174,0.378769,21.0267,2024-10-11,ARK 21Shares Bitcoin ETF,ARK / 21Shares,BTC,0.21,22.2014,46.249,0.9023,5747100,4-3
1459,ARKB,0.885822,-1.379074,21.96,2024-10-14,ARK 21Shares Bitcoin ETF,ARK / 21Shares,BTC,0.21,22.3647,-151.508,0.8885,7416000,4-1
1460,ARKB,0.884761,0.465729,22.3267,2024-10-15,ARK 21Shares Bitcoin ETF,ARK / 21Shares,BTC,0.21,22.3575,56.032,0.8897,7316400,4-3
1461,ARKB,0.745462,0.661817,22.5733,2024-10-16,ARK 21Shares Bitcoin ETF,ARK / 21Shares,BTC,0.21,21.4126,78.092,0.8903,2829300,4-4
1462,ARKB,0.265613,1.192542,22.2633,2024-10-17,ARK 21Shares Bitcoin ETF,ARK / 21Shares,BTC,0.21,18.1573,137.799,0.8926,2756400,3-4
1463,ARKB,0.29776,0.207627,22.87,2024-10-18,ARK 21Shares Bitcoin ETF,ARK / 21Shares,BTC,0.21,18.3754,26.996,0.8979,3651900,3-3
1464,ARKB,0.284169,0.79752,22.56,2024-10-21,ARK 21Shares Bitcoin ETF,ARK / 21Shares,BTC,0.21,18.2832,93.359,0.898,3329100,3-4
1465,ARKB,0.292823,0.120897,22.46,2024-10-22,ARK 21Shares Bitcoin ETF,ARK / 21Shares,BTC,0.21,18.3419,17.239,0.8984,2722200,3-3
1466,ARKB,0.298064,-0.508269,22.1,2024-10-23,ARK 21Shares Bitcoin ETF,ARK / 21Shares,BTC,0.21,18.3775,-53.542,0.9005,3300300,3-2
1467,ARKB,0.303045,0.904639,22.73,2024-10-24,ARK 21Shares Bitcoin ETF,ARK / 21Shares,BTC,0.21,18.4113,105.41,0.904,2117700,3-4
1468,ARKB,0.283141,-0.476796,22.2233,2024-10-25,ARK 21Shares Bitcoin ETF,ARK / 21Shares,BTC,0.21,18.2762,-50.002,0.906,7313400,3-2
1469,ARKB,0.282743,-0.537151,23.1967,2024-10-28,ARK 21Shares Bitcoin ETF,ARK / 21Shares,BTC,0.21,18.2735,-56.792,0.905,3508800,3-2
1470,ARKB,0.277124,0.288583,24.1633,2024-10-29,ARK 21Shares Bitcoin ETF,ARK / 21Shares,BTC,0.21,18.2354,36.103,0.91,5822400,3-3
1471,ARKB,-0.005104,0.10169,23.91,2024-10-30,ARK 21Shares Bitcoin ETF,ARK / 21Shares,BTC,0.21,16.3208,15.078,0.9115,2624700,3-3
1472,ARKB,-0.085386,-0.266645,23.2867,2024-10-31,ARK 21Shares Bitcoin ETF,ARK / 21Shares,BTC,0.21,15.7762,-26.36,0.911,6186600,2-2
1473,ARKB,-0.094843,-0.225316,23.0267,2024-11-01,ARK 21Shares Bitcoin ETF,ARK / 21Shares,BTC,0.21,15.712,-21.71,0.9117,5354400,2-2
1474,ARKB,-0.196646,-0.736779,22.38,2024-11-04,ARK 21Shares Bitcoin ETF,ARK / 21Shares,BTC,0.21,15.0214,-79.25,0.9163,5609100,2-1
1475,ARKB,-0.304317,-0.160109,23.1133,2024-11-05,ARK 21Shares Bitcoin ETF,ARK / 21Shares,BTC,0.21,14.291,-14.374,0.9224,5027700,2-2
1476,ARKB,-0.234634,1.320589,25.3633,2024-11-06,ARK 21Shares Bitcoin ETF,ARK / 21Shares,BTC,0.21,14.7637,152.204,0.946,9414600,2-4
1477,ARKB,-0.4718,1.37961,25.4833,2024-11-07,ARK 21Shares Bitcoin ETF,ARK / 21Shares,BTC,0.21,13.1548,158.844,0.946,4266000,2-4
1478,ARKB,-0.905442,1.180844,25.5867,2024-11-08,ARK 21Shares Bitcoin ETF,ARK / 21Shares,BTC,0.21,10.2131,136.483,0.9456,4056000,1-4
1479,ARKB,-0.846281,0.83651,28.9767,2024-11-11,ARK 21Shares Bitcoin ETF,ARK / 21Shares,BTC,0.21,10.6144,97.745,0.9124,8872500,1-4
1480,ARKB,0.085834,3.148943,29.8533,2024-11-12,ARK 21Shares Bitcoin ETF,ARK / 21Shares,BTC,0.21,16.9377,357.894,0.9038,6288900,3-4
1481,ARKB,0.486285,-0.151211,29.8567,2024-11-13,ARK 21Shares Bitcoin ETF,ARK / 21Shares,BTC,0.21,19.6543,-13.373,0.8943,9077700,3-2
1482,ARKB,0.435498,0.387539,29.0933,2024-11-14,ARK 21Shares Bitcoin ETF,ARK / 21Shares,BTC,0.21,19.3098,47.236,0.8897,12705000,3-3
1483,ARKB,0.390566,1.529773,30.5,2024-11-15,ARK 21Shares Bitcoin ETF,ARK / 21Shares,BTC,0.21,19.005,175.737,0.8941,4411800,3-4
1484,ARKB,0.397889,2.89035,30.5033,2024-11-18,ARK 21Shares Bitcoin ETF,ARK / 21Shares,BTC,0.21,19.0547,328.802,0.8924,5103900,3-4
1485,ARKB,0.421462,-1.105084,30.8133,2024-11-19,ARK 21Shares Bitcoin ETF,ARK / 21Shares,BTC,0.21,19.2146,-120.684,0.8948,5679000,3-1
1486,ARKB,0.409303,1.238726,31.4333,2024-11-20,ARK 21Shares Bitcoin ETF,ARK / 21Shares,BTC,0.21,19.1321,142.995,0.9248,5060700,3-4
1487,ARKB,0.403702,0.591642,32.7033,2024-11-21,ARK 21Shares Bitcoin ETF,ARK / 21Shares,BTC,0.21,19.0941,70.198,0.9125,7065000,3-4
1488,ARKB,0.401491,0.17604,32.9933,2024-11-22,ARK 21Shares Bitcoin ETF,ARK / 21Shares,BTC,0.21,19.0791,23.443,0.9123,7611600,3-3
1489,ARKB,0.441796,0.690922,31.5667,2024-11-25,ARK 21Shares Bitcoin ETF,ARK / 21Shares,BTC,0.21,19.3525,81.367,0.8999,7823700,3-4
1490,ARKB,0.931677,-1.434749,30.2533,2024-11-26,ARK 21Shares Bitcoin ETF,ARK / 21Shares,BTC,0.21,22.6758,-157.771,0.917,5245500,4-1
1491,ARKB,1.118892,0.618617,32.2067,2024-11-27,ARK 21Shares Bitcoin ETF,ARK / 21Shares,BTC,0.21,23.9459,73.232,0.9289,5867100,4-4
1492,ARKB,1.178836,-0.349031,32.3233,2024-11-29,ARK 21Shares Bitcoin ETF,ARK / 21Shares,BTC,0.21,24.3525,-35.628,0.9238,3602400,4-2
1493,ARKB,1.175361,-0.612367,31.88,2024-12-02,ARK 21Shares Bitcoin ETF,ARK / 21Shares,BTC,0.21,24.3289,-65.253,0.9158,5318400,4-1
1494,ARKB,1.159817,-1.857804,31.8267,2024-12-03,ARK 21Shares Bitcoin ETF,ARK / 21Shares,BTC,0.21,24.2235,-205.365,0.9052,3896700,4-1
1495,ARKB,1.143297,1.744751,32.9567,2024-12-04,ARK 21Shares Bitcoin ETF,ARK / 21Shares,BTC,0.21,24.1114,199.922,0.9077,4839300,4-4
1496,ARKB,1.256848,1.535138,32.9867,2024-12-05,ARK 21Shares Bitcoin ETF,ARK / 21Shares,BTC,0.21,24.8817,176.341,0.8973,7179900,4-4
1497,ARKB,1.275639,2.024142,33.825,2024-12-06,ARK 21Shares Bitcoin ETF,ARK / 21Shares,BTC,0.21,25.0092,231.354,0.8947,7067700,4-4
1498,ARKB,1.655294,-0.886738,32.0267,2024-12-09,ARK 21Shares Bitcoin ETF,ARK / 21Shares,BTC,0.21,27.5847,-96.12,0.9199,5122800,4-1
1499,ARKB,1.646375,0.283837,32.1233,2024-12-10,ARK 21Shares Bitcoin ETF,ARK / 21Shares,BTC,0.21,27.5242,35.57,0.9214,3764400,4-3
1500,ARKB,1.163517,0.339089,33.8333,2024-12-11,ARK 21Shares Bitcoin ETF,ARK / 21Shares,BTC,0.21,24.2486,41.785,0.9267,4695000,4-3
1501,ARKB,0.875389,-1.892288,33.34,2024-12-12,ARK 21Shares Bitcoin ETF,ARK / 21Shares,BTC,0.21,22.294,-209.244,0.9326,3289500,4-1
1502,ARKB,0.856607,-1.23785,33.85,2024-12-13,ARK 21Shares Bitcoin ETF,ARK / 21Shares,BTC,0.21,22.1666,-135.62,0.9262,3510600,4-1
1503,ARKB,0.82483,1.495033,35.2333,2024-12-16,ARK 21Shares Bitcoin ETF,ARK / 21Shares,BTC,0.21,21.951,171.829,0.9247,5529600,4-4
1504,ARKB,0.83316,1.197445,35.51,2024-12-17,ARK 21Shares Bitcoin ETF,ARK / 21Shares,BTC,0.21,22.0075,138.35,0.9245,4930500,4-4
1505,ARKB,0.818507,-0.112149,33.44,2024-12-18,ARK 21Shares Bitcoin ETF,ARK / 21Shares,BTC,0.21,21.9081,-8.979,0.9303,4363800,4-2
1506,ARKB,0.958787,-1.33784,32.0567,2024-12-19,ARK 21Shares Bitcoin ETF,ARK / 21Shares,BTC,0.21,22.8597,-146.869,0.9388,4015800,4-1
1507,ARKB,0.958719,-1.636875,32.1,2024-12-20,ARK 21Shares Bitcoin ETF,ARK / 21Shares,BTC,0.21,22.8593,-180.51,0.941,3374400,4-1
1508,ARKB,0.95935,-2.121324,30.9567,2024-12-23,ARK 21Shares Bitcoin ETF,ARK / 21Shares,BTC,0.21,22.8635,-235.011,0.9443,3275100,4-1
1509,ARKB,1.120281,-0.765736,32.9233,2024-12-24,ARK 21Shares Bitcoin ETF,ARK / 21Shares,BTC,0.21,23.9553,-82.507,0.9567,2685000,4-1
1510,ARKB,0.708658,-0.886735,31.79,2024-12-26,ARK 21Shares Bitcoin ETF,ARK / 21Shares,BTC,0.21,21.1629,-96.12,0.9673,2776800,4-1
1511,ARKB,0.464977,1.159846,31.4267,2024-12-27,ARK 21Shares Bitcoin ETF,ARK / 21Shares,BTC,0.21,19.5098,134.121,0.962,5169900,3-4
1512,ARKB,0.492173,2.484682,31.3667,2024-12-30,ARK 21Shares Bitcoin ETF,ARK / 21Shares,BTC,0.21,19.6943,283.164,0.9583,4259700,3-4
1513,ARKB,0.639851,1.523983,31.09,2024-12-31,ARK 21Shares Bitcoin ETF,ARK / 21Shares,BTC,0.21,20.6961,175.086,0.9575,3244200,4-4
1514,ARKB,0.656072,0.18654,32.4233,2025-01-02,ARK 21Shares Bitcoin ETF,ARK / 21Shares,BTC,0.21,20.8062,24.624,0.9613,4601100,4-3
1515,ARKB,0.622155,0.567929,32.7467,2025-01-03,ARK 21Shares Bitcoin ETF,ARK / 21Shares,BTC,0.21,20.5761,67.53,0.9588,4065600,4-4
1516,ARKB,0.396786,0.142983,34.0267,2025-01-06,ARK 21Shares Bitcoin ETF,ARK / 21Shares,BTC,0.21,19.0472,19.724,0.9604,3969000,3-3
1517,ARKB,0.423267,-1.909965,32.0633,2025-01-07,ARK 21Shares Bitcoin ETF,ARK / 21Shares,BTC,0.21,19.2268,-211.233,0.9655,6356100,3-1
1518,ARKB,-0.085397,-1.017335,31.25,2025-01-08,ARK 21Shares Bitcoin ETF,ARK / 21Shares,BTC,0.21,15.7761,-110.812,0.9596,2593800,2-1
1519,ARKB,-0.054993,-0.542623,31.53,2025-01-10,ARK 21Shares Bitcoin ETF,ARK / 21Shares,BTC,0.21,15.9824,-57.407,0.9651,2724600,2-2
1520,ARKB,-0.059312,-1.258153,31.1533,2025-01-13,ARK 21Shares Bitcoin ETF,ARK / 21Shares,BTC,0.21,15.9531,-137.904,0.966,3115800,2-1
1521,ARKB,-0.006615,-0.435971,32.1,2025-01-14,ARK 21Shares Bitcoin ETF,ARK / 21Shares,BTC,0.21,16.3106,-45.409,0.968,1803900,3-2
1522,ARKB,0.016227,-0.234753,33.1333,2025-01-15,ARK 21Shares Bitcoin ETF,ARK / 21Shares,BTC,0.21,16.4655,-22.772,0.963,3453600,3-2
1523,ARKB,0.162179,1.77219,33.4167,2025-01-16,ARK 21Shares Bitcoin ETF,ARK / 21Shares,BTC,0.21,17.4556,203.009,0.9585,2482200,3-4
1524,ARKB,0.136516,0.538639,34.8733,2025-01-17,ARK 21Shares Bitcoin ETF,ARK / 21Shares,BTC,0.21,17.2816,64.235,0.9579,4290600,3-3
1525,ARKB,0.124149,1.310155,35.36,2025-01-21,ARK 21Shares Bitcoin ETF,ARK / 21Shares,BTC,0.21,17.1977,151.03,0.9572,4110900,3-4
1526,ARKB,-0.069005,0.851135,34.7167,2025-01-22,ARK 21Shares Bitcoin ETF,ARK / 21Shares,BTC,0.21,15.8873,99.391,0.9545,2114100,2-4
1527,ARKB,0.034045,0.376399,34.3833,2025-01-23,ARK 21Shares Bitcoin ETF,ARK / 21Shares,BTC,0.21,16.5864,45.983,0.9544,6705900,3-3
1528,ARKB,0.031421,-0.354962,34.9133,2025-01-24,ARK 21Shares Bitcoin ETF,ARK / 21Shares,BTC,0.21,16.5686,-36.295,0.954,2737800,3-2
1529,ARKB,-0.1974,-1.095518,33.7067,2025-01-27,ARK 21Shares Bitcoin ETF,ARK / 21Shares,BTC,0.21,15.0163,-119.608,0.9605,4692000,2-1
1530,ARKB,-0.198076,-0.430994,33.67,2025-01-28,ARK 21Shares Bitcoin ETF,ARK / 21Shares,BTC,0.21,15.0117,-44.849,0.9581,2456400,2-2
1531,ARKB,-0.171528,-0.083107,34.71,2025-01-29,ARK 21Shares Bitcoin ETF,ARK / 21Shares,BTC,0.21,15.1918,-5.712,0.9591,2669700,2-2
1532,ARKB,-0.290391,0.733682,34.9267,2025-01-30,ARK 21Shares Bitcoin ETF,ARK / 21Shares,BTC,0.21,14.3855,86.177,0.9598,2206200,2-4
1533,ARKB,-0.391048,-0.974904,33.7767,2025-01-31,ARK 21Shares Bitcoin ETF,ARK / 21Shares,BTC,0.21,13.7026,-106.039,0.9645,3589800,2-1
1534,ARKB,-0.393167,0.5062,33.69,2025-02-03,ARK 21Shares Bitcoin ETF,ARK / 21Shares,BTC,0.21,13.6883,60.585,0.9606,6078300,2-3
1535,ARKB,-0.341059,0.758205,32.86,2025-02-04,ARK 21Shares Bitcoin ETF,ARK / 21Shares,BTC,0.21,14.0418,88.936,0.9531,3863700,2-4
1536,ARKB,-0.336098,-0.192203,32.3833,2025-02-05,ARK 21Shares Bitcoin ETF,ARK / 21Shares,BTC,0.21,14.0754,-17.985,0.9412,2396700,2-2
1537,ARKB,-0.392107,-0.211214,32.2633,2025-02-06,ARK 21Shares Bitcoin ETF,ARK / 21Shares,BTC,0.21,13.6954,-20.124,0.9414,2328600,2-2
1538,ARKB,-0.324791,-0.217516,31.8633,2025-02-07,ARK 21Shares Bitcoin ETF,ARK / 21Shares,BTC,0.21,14.1521,-20.833,0.9426,2880600,2-2
1539,ARKB,-0.390394,-0.141019,32.41,2025-02-10,ARK 21Shares Bitcoin ETF,ARK / 21Shares,BTC,0.21,13.7071,-12.227,0.9925,1368300,2-2
1540,ARKB,-0.44869,-1.355823,31.6933,2025-02-11,ARK 21Shares Bitcoin ETF,ARK / 21Shares,BTC,0.21,13.3116,-148.892,1.0032,2116200,2-1
1541,ARKB,-0.502502,-1.547197,32.2667,2025-02-12,ARK 21Shares Bitcoin ETF,ARK / 21Shares,BTC,0.21,12.9465,-170.422,1.0202,1758300,2-1
1542,ARKB,-0.512661,-0.721606,32.0233,2025-02-13,ARK 21Shares Bitcoin ETF,ARK / 21Shares,BTC,0.21,12.8776,-77.543,1.0297,1602900,2-1
1543,ARKB,-0.710962,0.484028,32.38,2025-02-14,ARK 21Shares Bitcoin ETF,ARK / 21Shares,BTC,0.21,11.5324,58.091,1.0266,2094900,1-3
1544,ARKB,-0.604636,-1.285004,31.32,2025-02-18,ARK 21Shares Bitcoin ETF,ARK / 21Shares,BTC,0.21,12.2537,-140.925,1.034,2773200,2-1
1545,ARKB,-0.527149,-0.041161,31.9867,2025-02-19,ARK 21Shares Bitcoin ETF,ARK / 21Shares,BTC,0.21,12.7793,-0.993,1.041,1639800,2-2
1546,ARKB,-0.512797,0.900958,32.77,2025-02-20,ARK 21Shares Bitcoin ETF,ARK / 21Shares,BTC,0.21,12.8767,104.996,1.0447,1806300,2-4
1547,ARKB,-0.487738,-0.839149,31.5533,2025-02-21,ARK 21Shares Bitcoin ETF,ARK / 21Shares,BTC,0.21,13.0467,-90.766,1.0588,5240700,2-1
1548,ARKB,0.485785,2.680164,31.2633,2025-02-24,ARK 21Shares Bitcoin ETF,ARK / 21Shares,BTC,0.21,19.6509,305.156,1.0066,3124800,3-4
1549,ARKB,0.976902,0.763266,29.2867,2025-02-25,ARK 21Shares Bitcoin ETF,ARK / 21Shares,BTC,0.21,22.9826,89.505,1.0599,7721400,4-4
1550,ARKB,0.997522,0.767821,28.04,2025-02-26,ARK 21Shares Bitcoin ETF,ARK / 21Shares,BTC,0.21,23.1225,90.018,1.0396,7695000,4-4
1551,ARKB,1.074645,-1.241803,27.6967,2025-02-27,ARK 21Shares Bitcoin ETF,ARK / 21Shares,BTC,0.21,23.6457,-136.065,1.0162,3266100,4-1
1552,ARKB,1.179085,1.370789,28.02,2025-02-28,ARK 21Shares Bitcoin ETF,ARK / 21Shares,BTC,0.21,24.3542,157.852,1.021,6316500,4-4
1553,ARKB,1.121539,-2.243575,28.6133,2025-03-03,ARK 21Shares Bitcoin ETF,ARK / 21Shares,BTC,0.21,23.9638,-248.764,1.0224,6052500,4-1
1554,ARKB,1.111415,0.379979,28.8833,2025-03-04,ARK 21Shares Bitcoin ETF,ARK / 21Shares,BTC,0.21,23.8951,46.386,1.0211,3994800,4-3
1555,ARKB,1.079268,-0.266667,30.09,2025-03-05,ARK 21Shares Bitcoin ETF,ARK / 21Shares,BTC,0.21,23.6771,-26.362,1.0185,3144000,4-2
1556,ARKB,1.1016,0.483417,29.62,2025-03-06,ARK 21Shares Bitcoin ETF,ARK / 21Shares,BTC,0.21,23.8285,58.022,1.0323,2859600,4-3
1557,ARKB,1.191759,0.430644,28.9633,2025-03-07,ARK 21Shares Bitcoin ETF,ARK / 21Shares,BTC,0.21,24.4402,52.085,1.0273,4320300,4-3
1558,ARKB,1.136082,0.80013,26.35,2025-03-10,ARK 21Shares Bitcoin ETF,ARK / 21Shares,BTC,0.21,24.0625,93.653,0.9992,5822100,4-4
1559,ARKB,1.13366,0.654666,27.63,2025-03-11,ARK 21Shares Bitcoin ETF,ARK / 21Shares,BTC,0.21,24.046,77.288,0.9932,2946600,4-4
1560,ARKB,1.183199,-0.583574,27.58,2025-03-12,ARK 21Shares Bitcoin ETF,ARK / 21Shares,BTC,0.21,24.3821,-62.014,0.9834,2210400,4-1
1561,ARKB,1.176763,-0.064146,26.6567,2025-03-13,ARK 21Shares Bitcoin ETF,ARK / 21Shares,BTC,0.21,24.3384,-3.578,0.984,2799900,4-2
1562,ARKB,1.303565,0.30394,28.1433,2025-03-14,ARK 21Shares Bitcoin ETF,ARK / 21Shares,BTC,0.21,25.1987,37.831,0.9983,3358500,4-3
1563,ARKB,1.306177,-0.309621,28.12,2025-03-17,ARK 21Shares Bitcoin ETF,ARK / 21Shares,BTC,0.21,25.2164,-31.194,1.002,2779500,4-2
1564,ARKB,1.290061,-0.716631,27.3767,2025-03-18,ARK 21Shares Bitcoin ETF,ARK / 21Shares,BTC,0.21,25.107,-76.983,1.0039,4230900,4-1
1565,ARKB,1.30585,-0.617841,28.4233,2025-03-19,ARK 21Shares Bitcoin ETF,ARK / 21Shares,BTC,0.21,25.2142,-65.869,0.9915,2625000,4-1
1566,ARKB,1.386082,0.976701,28.0,2025-03-20,ARK 21Shares Bitcoin ETF,ARK / 21Shares,BTC,0.21,25.7584,113.517,0.9741,1712700,4-4
1567,ARKB,1.310349,-0.889737,27.9083,2025-03-21,ARK 21Shares Bitcoin ETF,ARK / 21Shares,BTC,0.21,25.2447,-96.457,0.9742,1472400,4-1
1568,ARKB,0.633831,0.263619,29.35,2025-03-24,ARK 21Shares Bitcoin ETF,ARK / 21Shares,BTC,0.21,20.6553,33.295,0.9801,2660100,4-3
1569,ARKB,0.033521,1.14864,29.3267,2025-03-25,ARK 21Shares Bitcoin ETF,ARK / 21Shares,BTC,0.21,16.5828,132.86,0.9615,1195800,3-4
1570,ARKB,0.089438,0.968142,28.77,2025-03-26,ARK 21Shares Bitcoin ETF,ARK / 21Shares,BTC,0.21,16.9622,112.554,0.9589,2145300,3-4
1571,ARKB,-0.07613,-0.145965,28.9467,2025-03-27,ARK 21Shares Bitcoin ETF,ARK / 21Shares,BTC,0.21,15.839,-12.783,0.961,1223700,2-2
1572,ARKB,-0.197783,-0.556083,27.8567,2025-03-28,ARK 21Shares Bitcoin ETF,ARK / 21Shares,BTC,0.21,15.0137,-58.921,0.9695,2018700,2-1
1573,ARKB,-0.183948,-1.125605,27.4,2025-03-31,ARK 21Shares Bitcoin ETF,ARK / 21Shares,BTC,0.21,15.1076,-122.992,0.9711,1467000,2-1
1574,ARKB,-0.195086,-1.007779,28.2633,2025-04-01,ARK 21Shares Bitcoin ETF,ARK / 21Shares,BTC,0.21,15.032,-109.737,0.9662,2199900,2-1
1575,ARKB,1.131816,4.838451,28.92,2025-04-02,ARK 21Shares Bitcoin ETF,ARK / 21Shares,BTC,0.21,24.0335,547.963,0.9345,2528400,4-4
1576,ARKB,2.628426,-1.31933,27.2533,2025-04-03,ARK 21Shares Bitcoin ETF,ARK / 21Shares,BTC,0.21,34.1863,-144.787,0.9184,3152400,4-1
1577,ARKB,2.639225,0.695364,27.9233,2025-04-04,ARK 21Shares Bitcoin ETF,ARK / 21Shares,BTC,0.21,34.2596,81.866,0.9101,4460100,4-4
1578,ARKB,2.735868,-1.490522,25.9633,2025-04-07,ARK 21Shares Bitcoin ETF,ARK / 21Shares,BTC,0.21,34.9152,-164.046,0.9314,10671900,4-1
1579,ARKB,2.822437,-0.006761,25.5133,2025-04-08,ARK 21Shares Bitcoin ETF,ARK / 21Shares,BTC,0.21,35.5025,2.877,0.9184,3588900,4-2
1580,ARKB,2.785364,-4.966946,27.3533,2025-04-09,ARK 21Shares Bitcoin ETF,ARK / 21Shares,BTC,0.21,35.251,-555.143,0.9139,6588300,4-1
1581,ARKB,2.783593,0.89305,26.4567,2025-04-10,ARK 21Shares Bitcoin ETF,ARK / 21Shares,BTC,0.21,35.239,104.106,0.9092,2561700,4-4
1582,ARKB,2.707427,0.310162,27.88,2025-04-11,ARK 21Shares Bitcoin ETF,ARK / 21Shares,BTC,0.21,34.7223,38.531,0.9221,3038100,4-3
1583,ARKB,2.706477,2.158717,28.25,2025-04-14,ARK 21Shares Bitcoin ETF,ARK / 21Shares,BTC,0.21,34.7158,246.493,0.9236,2700900,4-4
1584,ARKB,2.675124,0.483369,27.9433,2025-04-15,ARK 21Shares Bitcoin ETF,ARK / 21Shares,BTC,0.21,34.5031,58.017,0.9234,1987800,4-3
1585,ARKB,2.637472,0.724136,28.05,2025-04-16,ARK 21Shares Bitcoin ETF,ARK / 21Shares,BTC,0.21,34.2477,85.103,0.9236,2793600,4-4
1586,ARKB,2.574979,0.499918,28.2367,2025-04-17,ARK 21Shares Bitcoin ETF,ARK / 21Shares,BTC,0.21,33.8238,59.879,0.9244,2833800,4-3
1587,ARKB,2.574024,-0.288735,29.0667,2025-04-21,ARK 21Shares Bitcoin ETF,ARK / 21Shares,BTC,0.21,33.8173,-28.845,0.9264,5426100,4-2
1588,ARKB,2.585847,-1.543927,30.4367,2025-04-22,ARK 21Shares Bitcoin ETF,ARK / 21Shares,BTC,0.21,33.8975,-170.054,0.9087,5658600,4-1
1589,ARKB,2.694655,0.259579,31.0967,2025-04-23,ARK 21Shares Bitcoin ETF,ARK / 21Shares,BTC,0.21,34.6356,32.841,0.9055,4652100,4-3
1590,ARKB,2.646364,0.191892,31.14,2025-04-24,ARK 21Shares Bitcoin ETF,ARK / 21Shares,BTC,0.21,34.308,25.226,0.9061,4129500,4-3
1591,ARKB,2.676743,1.447632,31.73,2025-04-25,ARK 21Shares Bitcoin ETF,ARK / 21Shares,BTC,0.21,34.5141,166.496,0.9039,3924600,4-4
1592,ARKB,2.690262,0.560078,31.5167,2025-04-28,ARK 21Shares Bitcoin ETF,ARK / 21Shares,BTC,0.21,34.6058,66.647,0.9038,1862700,4-4
1593,ARKB,2.723412,2.856227,31.7,2025-04-29,ARK 21Shares Bitcoin ETF,ARK / 21Shares,BTC,0.21,34.8307,324.963,0.8977,1134900,4-4
1594,ARKB,2.770127,0.098022,31.2967,2025-04-30,ARK 21Shares Bitcoin ETF,ARK / 21Shares,BTC,0.21,35.1476,14.665,0.8985,2201100,4-3
1595,ARKB,1.906505,0.546688,32.1133,2025-05-01,ARK 21Shares Bitcoin ETF,ARK / 21Shares,BTC,0.21,29.2889,65.14,0.9047,1873200,4-4
1596,ARKB,0.058438,-0.402293,32.26,2025-05-02,ARK 21Shares Bitcoin ETF,ARK / 21Shares,BTC,0.21,16.7519,-41.62,0.9042,1666500,3-2
1597,ARKB,-0.039352,-0.260879,31.3667,2025-05-05,ARK 21Shares Bitcoin ETF,ARK / 21Shares,BTC,0.21,16.0885,-25.711,0.9071,2343300,3-2
1598,ARKB,-0.196873,-2.488995,31.5767,2025-05-06,ARK 21Shares Bitcoin ETF,ARK / 21Shares,BTC,0.21,15.0199,-276.374,0.9023,1836000,2-1
1599,ARKB,-0.319228,-0.45044,31.99,2025-05-07,ARK 21Shares Bitcoin ETF,ARK / 21Shares,BTC,0.21,14.1898,-47.036,0.9013,2704800,2-2
1600,ARKB,-0.316033,-1.130749,33.6967,2025-05-08,ARK 21Shares Bitcoin ETF,ARK / 21Shares,BTC,0.21,14.2115,-123.571,0.8956,2523900,2-1
1601,ARKB,-0.050877,0.68401,34.3333,2025-05-09,ARK 21Shares Bitcoin ETF,ARK / 21Shares,BTC,0.21,16.0103,80.589,0.895,1521600,2-4
1602,ARKB,0.00645,0.258029,33.8633,2025-05-12,ARK 21Shares Bitcoin ETF,ARK / 21Shares,BTC,0.21,16.3992,32.666,0.8964,2963400,3-3
1603,ARKB,0.166781,2.924033,34.8633,2025-05-13,ARK 21Shares Bitcoin ETF,ARK / 21Shares,BTC,0.21,17.4869,332.591,0.8995,2253600,3-4
1604,ARKB,0.226644,1.088023,34.3367,2025-05-14,ARK 21Shares Bitcoin ETF,ARK / 21Shares,BTC,0.21,17.893,126.04,0.8952,1890300,3-4
1605,ARKB,0.23264,1.15371,34.3,2025-05-15,ARK 21Shares Bitcoin ETF,ARK / 21Shares,BTC,0.21,17.9336,133.43,0.8934,2387400,3-4
1606,ARKB,0.283178,0.275925,34.61,2025-05-16,ARK 21Shares Bitcoin ETF,ARK / 21Shares,BTC,0.21,18.2765,34.679,0.8904,1668900,3-3
1607,ARKB,0.296348,1.032767,35.0967,2025-05-19,ARK 21Shares Bitcoin ETF,ARK / 21Shares,BTC,0.21,18.3658,119.824,0.8819,2365500,3-4
1608,ARKB,0.182546,-0.072456,35.63,2025-05-20,ARK 21Shares Bitcoin ETF,ARK / 21Shares,BTC,0.21,17.5938,-4.513,0.9147,2357700,3-2
1609,ARKB,0.065097,-0.02911,36.1467,2025-05-21,ARK 21Shares Bitcoin ETF,ARK / 21Shares,BTC,0.21,16.7971,0.363,0.8884,4269600,3-2
1610,ARKB,0.088014,0.860881,36.9967,2025-05-22,ARK 21Shares Bitcoin ETF,ARK / 21Shares,BTC,0.21,16.9525,100.487,0.8913,4353000,3-4
1611,ARKB,0.104501,0.988108,36.1667,2025-05-23,ARK 21Shares Bitcoin ETF,ARK / 21Shares,BTC,0.21,17.0644,114.8,0.8814,2251500,3-4
1612,ARKB,0.051992,1.081546,36.57,2025-05-27,ARK 21Shares Bitcoin ETF,ARK / 21Shares,BTC,0.21,16.7082,125.312,0.8827,2686800,3-4
1613,ARKB,0.168229,-0.957553,35.5667,2025-05-28,ARK 21Shares Bitcoin ETF,ARK / 21Shares,BTC,0.21,17.4967,-104.087,0.8869,2016000,3-1
1614,ARKB,0.098206,0.338944,35.12,2025-05-29,ARK 21Shares Bitcoin ETF,ARK / 21Shares,BTC,0.21,17.0217,41.769,0.8853,5100900,3-3
1615,ARKB,0.09778,0.05393,34.7767,2025-05-30,ARK 21Shares Bitcoin ETF,ARK / 21Shares,BTC,0.21,17.0188,9.705,0.8798,2154900,3-3
1616,ARKB,0.251455,-2.529377,34.75,2025-06-02,ARK 21Shares Bitcoin ETF,ARK / 21Shares,BTC,0.21,18.0613,-280.917,0.8734,1549800,3-1
1617,ARKB,0.423743,-0.473885,35.33,2025-06-03,ARK 21Shares Bitcoin ETF,ARK / 21Shares,BTC,0.21,19.2301,-49.674,0.8773,2316000,3-2
1618,ARKB,0.352214,0.578547,34.91,2025-06-04,ARK 21Shares Bitcoin ETF,ARK / 21Shares,BTC,0.21,18.7448,68.724,0.8603,1633200,3-4
1619,ARKB,0.314384,-0.223508,33.8733,2025-06-05,ARK 21Shares Bitcoin ETF,ARK / 21Shares,BTC,0.21,18.4882,-21.507,0.8631,7115100,3-2
1620,ARKB,0.304927,-0.609726,34.67,2025-06-06,ARK 21Shares Bitcoin ETF,ARK / 21Shares,BTC,0.21,18.424,-64.956,0.8644,2551200,3-1
1621,ARKB,0.085266,0.327705,36.1167,2025-06-09,ARK 21Shares Bitcoin ETF,ARK / 21Shares,BTC,0.21,16.9339,40.505,0.8502,2937900,3-3
1622,ARKB,0.035584,-0.723225,36.4133,2025-06-10,ARK 21Shares Bitcoin ETF,ARK / 21Shares,BTC,0.21,16.5968,-77.725,0.8324,1753800,3-1
1623,ARKB,-0.130709,0.22768,36.1433,2025-06-11,ARK 21Shares Bitcoin ETF,ARK / 21Shares,BTC,0.21,15.4687,29.252,0.8305,2519400,2-3
1624,ARKB,-0.18914,0.866243,35.51,2025-06-12,ARK 21Shares Bitcoin ETF,ARK / 21Shares,BTC,0.21,15.0723,101.09,0.822,2864700,2-4
1625,ARKB,-0.014011,-0.591574,34.9633,2025-06-13,ARK 21Shares Bitcoin ETF,ARK / 21Shares,BTC,0.21,16.2604,-62.914,0.8266,2061900,3-1
1626,ARKB,0.342999,2.405565,36.15,2025-06-16,ARK 21Shares Bitcoin ETF,ARK / 21Shares,BTC,0.21,18.6823,274.264,0.8374,1406600,3-4
1627,ARKB,0.53971,-0.10969,34.82,2025-06-17,ARK 21Shares Bitcoin ETF,ARK / 21Shares,BTC,0.21,20.0168,-8.702,0.8495,3484600,3-2
1628,ARKB,0.57898,-1.476488,34.52,2025-06-18,ARK 21Shares Bitcoin ETF,ARK / 21Shares,BTC,0.21,20.2832,-162.467,0.835,1958300,4-1
1629,ARKB,0.570138,-1.129814,34.34,2025-06-20,ARK 21Shares Bitcoin ETF,ARK / 21Shares,BTC,0.21,20.2232,-123.466,0.8317,1929200,4-1
1630,ARKB,0.690132,-1.27252,34.32,2025-06-23,ARK 21Shares Bitcoin ETF,ARK / 21Shares,BTC,0.21,21.0372,-139.52,0.8196,2173900,4-1
1631,ARKB,0.801743,-1.994652,35.13,2025-06-24,ARK 21Shares Bitcoin ETF,ARK / 21Shares,BTC,0.21,21.7944,-220.76,0.8202,1221500,4-1
1632,ARKB,0.849785,0.658597,35.84,2025-06-25,ARK 21Shares Bitcoin ETF,ARK / 21Shares,BTC,0.21,22.1203,77.73,0.8109,1901600,4-4
1633,ARKB,0.699826,1.773499,35.79,2025-06-26,ARK 21Shares Bitcoin ETF,ARK / 21Shares,BTC,0.21,21.103,203.156,0.8108,682100,4-4
1634,ARKB,0.722862,0.386217,35.53,2025-06-27,ARK 21Shares Bitcoin ETF,ARK / 21Shares,BTC,0.21,21.2592,47.087,0.8079,1568800,4-3
1635,ARKB,0.737341,2.635014,35.79,2025-06-30,ARK 21Shares Bitcoin ETF,ARK / 21Shares,BTC,0.21,21.3575,300.077,0.8554,1458200,4-4
1636,ARKB,0.656961,-0.009504,35.02,2025-07-01,ARK 21Shares Bitcoin ETF,ARK / 21Shares,BTC,0.21,20.8122,2.569,0.8663,1946700,4-2
1637,ARKB,0.575014,0.465179,36.49,2025-07-02,ARK 21Shares Bitcoin ETF,ARK / 21Shares,BTC,0.21,20.2563,55.971,0.8744,2313700,4-3
1638,ARKB,0.608677,-0.603429,36.33,2025-07-03,ARK 21Shares Bitcoin ETF,ARK / 21Shares,BTC,0.21,20.4846,-64.248,0.8295,1335000,4-1
1639,ARKB,0.602071,0.055232,35.92,2025-07-07,ARK 21Shares Bitcoin ETF,ARK / 21Shares,BTC,0.21,20.4398,9.852,0.8487,1296700,4-3
1640,ARKB,0.603418,-0.38021,36.175,2025-07-08,ARK 21Shares Bitcoin ETF,ARK / 21Shares,BTC,0.21,20.449,-39.136,0.8444,950900,4-2
1641,ARKB,0.617499,1.330003,37.18,2025-07-09,ARK 21Shares Bitcoin ETF,ARK / 21Shares,BTC,0.21,20.5445,153.263,0.8441,1411700,4-4
1642,ARKB,0.746376,-1.644025,37.72,2025-07-10,ARK 21Shares Bitcoin ETF,ARK / 21Shares,BTC,0.21,21.4188,-181.315,0.7931,2014400,4-1
1643,ARKB,1.124372,1.969911,39.29,2025-07-11,ARK 21Shares Bitcoin ETF,ARK / 21Shares,BTC,0.21,23.983,225.253,0.8017,2710900,4-4
1644,ARKB,1.123238,1.953857,39.87,2025-07-14,ARK 21Shares Bitcoin ETF,ARK / 21Shares,BTC,0.21,23.9753,223.447,0.798,1978200,4-4
1645,ARKB,1.106766,0.38859,38.7,2025-07-15,ARK 21Shares Bitcoin ETF,ARK / 21Shares,BTC,0.21,23.8636,47.354,0.8136,3485200,4-3
1646,ARKB,0.916569,1.137905,39.65,2025-07-16,ARK 21Shares Bitcoin ETF,ARK / 21Shares,BTC,0.21,22.5733,131.652,0.8158,2739900,4-4
1647,ARKB,0.749634,2.210667,39.56,2025-07-17,ARK 21Shares Bitcoin ETF,ARK / 21Shares,BTC,0.21,21.4409,252.338,0.8128,1321200,4-4
1648,ARKB,0.698016,-0.891632,39.02,2025-07-18,ARK 21Shares Bitcoin ETF,ARK / 21Shares,BTC,0.21,21.0907,-96.671,0.8408,2452600,4-1
1649,ARKB,0.68235,-0.898134,38.82,2025-07-21,ARK 21Shares Bitcoin ETF,ARK / 21Shares,BTC,0.21,20.9844,-97.402,0.8425,1970300,4-1
1650,ARKB,0.494798,0.774162,39.66,2025-07-22,ARK 21Shares Bitcoin ETF,ARK / 21Shares,BTC,0.21,19.7121,90.731,0.8447,1998700,3-4
1651,ARKB,0.326324,-0.666865,39.37,2025-07-23,ARK 21Shares Bitcoin ETF,ARK / 21Shares,BTC,0.21,18.5692,-71.384,0.8418,1580300,3-1
1652,ARKB,0.307954,0.563643,39.57,2025-07-24,ARK 21Shares Bitcoin ETF,ARK / 21Shares,BTC,0.21,18.4446,67.048,0.839,1205500,3-4
1653,ARKB,0.412025,-0.233682,38.83,2025-07-25,ARK 21Shares Bitcoin ETF,ARK / 21Shares,BTC,0.21,19.1506,-22.651,0.8514,1806400,3-2
1654,ARKB,0.404711,0.636045,39.25,2025-07-28,ARK 21Shares Bitcoin ETF,ARK / 21Shares,BTC,0.21,19.101,75.193,0.8482,1557400,3-4
1655,ARKB,0.402779,-0.102965,39.05,2025-07-29,ARK 21Shares Bitcoin ETF,ARK / 21Shares,BTC,0.21,19.0878,-7.946,0.8444,1832800,3-2
1656,ARKB,0.359021,-0.649449,38.84,2025-07-30,ARK 21Shares Bitcoin ETF,ARK / 21Shares,BTC,0.21,18.791,-69.425,0.8454,1852900,3-1
1657,ARKB,0.325991,-0.186129,38.78,2025-07-31,ARK 21Shares Bitcoin ETF,ARK / 21Shares,BTC,0.21,18.5669,-17.302,0.8205,1865400,3-2
1658,ARKB,0.361304,-0.144553,37.59,2025-08-01,ARK 21Shares Bitcoin ETF,ARK / 21Shares,BTC,0.21,18.8065,-12.624,0.8474,4704800,3-2
1659,ARKB,0.36061,-0.804515,38.13,2025-08-04,ARK 21Shares Bitcoin ETF,ARK / 21Shares,BTC,0.21,18.8018,-86.87,0.8479,1276000,3-1
1660,ARKB,0.362616,-0.532338,37.79,2025-08-05,ARK 21Shares Bitcoin ETF,ARK / 21Shares,BTC,0.21,18.8154,-56.25,0.8532,1656000,3-2
1661,ARKB,0.346785,0.535094,38.32,2025-08-06,ARK 21Shares Bitcoin ETF,ARK / 21Shares,BTC,0.21,18.708,63.836,0.8606,1224300,3-3
1662,ARKB,0.154482,-0.453706,39.1,2025-08-07,ARK 21Shares Bitcoin ETF,ARK / 21Shares,BTC,0.21,17.4034,-47.404,0.8597,1835300,3-2
1663,ARKB,-0.393168,0.344399,38.71,2025-08-08,ARK 21Shares Bitcoin ETF,ARK / 21Shares,BTC,0.21,13.6882,42.383,0.8512,1674500,2-3
1664,ARKB,-0.359503,0.826861,39.55,2025-08-11,ARK 21Shares Bitcoin ETF,ARK / 21Shares,BTC,0.21,13.9166,96.66,0.8519,1446700,2-4
1665,ARKB,-0.520467,0.545083,39.75,2025-08-12,ARK 21Shares Bitcoin ETF,ARK / 21Shares,BTC,0.21,12.8247,64.96,0.8489,2911500,2-4
1666,ARKB,-0.751626,0.31825,40.84,2025-08-13,ARK 21Shares Bitcoin ETF,ARK / 21Shares,BTC,0.21,11.2565,39.441,0.8575,3130800,1-3
1667,ARKB,-0.770308,-0.188267,39.25,2025-08-14,ARK 21Shares Bitcoin ETF,ARK / 21Shares,BTC,0.21,11.1298,-17.542,0.8704,4132900,1-2
1668,ARKB,-0.784096,-0.031249,38.88,2025-08-15,ARK 21Shares Bitcoin ETF,ARK / 21Shares,BTC,0.21,11.0362,0.122,0.8693,2254100,1-2
1669,ARKB,-0.778466,-0.363071,38.66,2025-08-18,ARK 21Shares Bitcoin ETF,ARK / 21Shares,BTC,0.21,11.0744,-37.208,0.8792,1455000,1-2
1670,ARKB,-0.782543,-0.092412,37.58,2025-08-19,ARK 21Shares Bitcoin ETF,ARK / 21Shares,BTC,0.21,11.0468,-6.758,0.8764,2792500,1-2
1671,ARKB,-0.784245,-0.567161,37.99,2025-08-20,ARK 21Shares Bitcoin ETF,ARK / 21Shares,BTC,0.21,11.0352,-60.168,0.9026,1958400,1-1
1672,ARKB,-0.83213,-0.607271,37.27,2025-08-21,ARK 21Shares Bitcoin ETF,ARK / 21Shares,BTC,0.21,10.7104,-64.68,0.9088,2258300,1-1
1673,ARKB,-0.980068,0.003491,38.78,2025-08-22,ARK 21Shares Bitcoin ETF,ARK / 21Shares,BTC,0.21,9.7068,4.031,0.9064,3781800,1-3
1674,ARKB,-1.053454,-0.074792,36.82,2025-08-25,ARK 21Shares Bitcoin ETF,ARK / 21Shares,BTC,0.21,9.209,-4.776,0.9066,2470400,1-2
1675,ARKB,-0.971716,-0.808588,36.94,2025-08-26,ARK 21Shares Bitcoin ETF,ARK / 21Shares,BTC,0.21,9.7635,-87.328,0.9034,2699400,1-1
1676,ARKB,-0.829874,0.411986,37.25,2025-08-27,ARK 21Shares Bitcoin ETF,ARK / 21Shares,BTC,0.21,10.7257,49.986,0.9124,2165000,1-3
1677,ARKB,-0.858248,-0.286701,37.2,2025-08-28,ARK 21Shares Bitcoin ETF,ARK / 21Shares,BTC,0.21,10.5332,-28.616,0.9112,1624000,1-2
1678,ARKB,-1.014767,-0.675218,35.96,2025-08-29,ARK 21Shares Bitcoin ETF,ARK / 21Shares,BTC,0.21,9.4714,-72.324,0.909,4235100,1-1
1679,ARKB,-1.015732,-0.782229,36.83,2025-09-02,ARK 21Shares Bitcoin ETF,ARK / 21Shares,BTC,0.21,9.4649,-84.363,0.9068,2744100,1-1
1680,ARKB,-0.9508,0.891093,37.3,2025-09-03,ARK 21Shares Bitcoin ETF,ARK / 21Shares,BTC,0.21,9.9054,103.886,0.9098,1811000,1-4
1681,ARKB,-0.833663,-1.474282,36.49,2025-09-04,ARK 21Shares Bitcoin ETF,ARK / 21Shares,BTC,0.21,10.7,-162.219,0.9404,1609700,1-1
1682,ARKB,-0.579408,1.131169,37.1,2025-09-05,ARK 21Shares Bitcoin ETF,ARK / 21Shares,BTC,0.21,12.4248,130.894,0.94,1959900,2-4
1683,ARKB,-0.543596,0.41444,37.25,2025-09-08,ARK 21Shares Bitcoin ETF,ARK / 21Shares,BTC,0.21,12.6678,50.262,0.9393,2089200,2-3
1684,ARKB,-0.578333,0.122777,36.99,2025-09-09,ARK 21Shares Bitcoin ETF,ARK / 21Shares,BTC,0.21,12.4321,17.45,0.9485,2128200,2-3
1685,ARKB,-0.59636,-0.654393,37.74,2025-09-10,ARK 21Shares Bitcoin ETF,ARK / 21Shares,BTC,0.21,12.3098,-69.981,0.9485,2791600,2-1
1686,ARKB,-0.605627,0.144053,38.05,2025-09-11,ARK 21Shares Bitcoin ETF,ARK / 21Shares,BTC,0.21,12.247,19.844,0.9388,1733300,2-3
1687,ARKB,-0.406812,0.067557,38.86,2025-09-12,ARK 21Shares Bitcoin ETF,ARK / 21Shares,BTC,0.21,13.5957,11.238,0.922,1324300,2-3
1688,ARKB,-0.361977,0.043117,38.34,2025-09-15,ARK 21Shares Bitcoin ETF,ARK / 21Shares,BTC,0.21,13.8998,8.489,0.9257,2205400,2-3
1689,ARKB,-0.365466,0.433112,38.85,2025-09-16,ARK 21Shares Bitcoin ETF,ARK / 21Shares,BTC,0.21,13.8762,52.363,0.9338,1664800,2-3
1690,ARKB,-0.33078,-0.207519,38.44,2025-09-17,ARK 21Shares Bitcoin ETF,ARK / 21Shares,BTC,0.21,14.1115,-19.708,0.957,2971500,2-2
1691,ARKB,-0.26129,1.084333,39.04,2025-09-18,ARK 21Shares Bitcoin ETF,ARK / 21Shares,BTC,0.21,14.5829,125.625,0.9564,1397800,2-4
1692,ARKB,-0.224684,-1.125427,38.25,2025-09-19,ARK 21Shares Bitcoin ETF,ARK / 21Shares,BTC,0.21,14.8312,-122.972,0.9579,1765600,2-1
1693,ARKB,-0.238427,-0.504923,37.27,2025-09-22,ARK 21Shares Bitcoin ETF,ARK / 21Shares,BTC,0.21,14.738,-53.166,0.96,2017000,2-2
1694,ARKB,-0.240217,-0.553409,37.09,2025-09-23,ARK 21Shares Bitcoin ETF,ARK / 21Shares,BTC,0.21,14.7258,-58.621,0.9596,1190300,2-2
1695,ARKB,-0.294417,0.592075,37.71,2025-09-24,ARK 21Shares Bitcoin ETF,ARK / 21Shares,BTC,0.21,14.3582,70.246,0.9626,911500,2-4
1696,ARKB,-0.41306,-0.313431,36.34,2025-09-25,ARK 21Shares Bitcoin ETF,ARK / 21Shares,BTC,0.21,13.5533,-31.623,0.9569,4553700,2-2
1697,ARKB,-0.480404,-0.207831,36.28,2025-09-26,ARK 21Shares Bitcoin ETF,ARK / 21Shares,BTC,0.21,13.0965,-19.743,0.9371,1865800,2-2
1698,ARKB,-0.446665,0.517525,38.02,2025-09-29,ARK 21Shares Bitcoin ETF,ARK / 21Shares,BTC,0.21,13.3253,61.859,0.9543,3572100,2-3
1699,ARKB,-0.442296,0.646356,38.02,2025-09-30,ARK 21Shares Bitcoin ETF,ARK / 21Shares,BTC,0.21,13.355,76.353,0.954,1850600,2-4
1700,ARKB,-0.418334,-0.739296,39.05,2025-10-01,ARK 21Shares Bitcoin ETF,ARK / 21Shares,BTC,0.21,13.5175,-79.533,0.9364,2812200,2-1
1701,ARKB,-0.43087,0.449651,40.205,2025-10-02,ARK 21Shares Bitcoin ETF,ARK / 21Shares,BTC,0.21,13.4325,54.224,0.939,2493300,2-3
1702,ARKB,-0.642361,1.332058,40.83,2025-10-03,ARK 21Shares Bitcoin ETF,ARK / 21Shares,BTC,0.21,11.9978,153.494,0.9835,3650000,2-4
1703,ARKB,-0.698079,0.856152,41.7,2025-10-06,ARK 21Shares Bitcoin ETF,ARK / 21Shares,BTC,0.21,11.6198,99.955,0.9697,2426100,1-4
1704,ARKB,-0.678414,0.142817,40.41,2025-10-07,ARK 21Shares Bitcoin ETF,ARK / 21Shares,BTC,0.21,11.7532,19.705,0.9797,4280600,1-3
1705,ARKB,-0.678403,1.022899,41.01,2025-10-08,ARK 21Shares Bitcoin ETF,ARK / 21Shares,BTC,0.21,11.7533,118.714,0.9694,1830600,1-4
1706,ARKB,-0.659926,-0.721424,40.22,2025-10-09,ARK 21Shares Bitcoin ETF,ARK / 21Shares,BTC,0.21,11.8786,-77.522,0.968,3367200,2-1
1707,ARKB,-0.33504,1.418312,38.74,2025-10-10,ARK 21Shares Bitcoin ETF,ARK / 21Shares,BTC,0.21,14.0826,163.198,0.8871,6490400,2-4
1708,ARKB,-0.064643,-0.644145,38.51,2025-10-13,ARK 21Shares Bitcoin ETF,ARK / 21Shares,BTC,0.21,15.9169,-68.828,0.871,4750100,2-1
1709,ARKB,0.015844,-1.242925,37.43,2025-10-14,ARK 21Shares Bitcoin ETF,ARK / 21Shares,BTC,0.21,16.4629,-136.191,0.8785,3950300,3-1
1710,ARKB,0.006693,-0.67059,36.98,2025-10-15,ARK 21Shares Bitcoin ETF,ARK / 21Shares,BTC,0.21,16.4009,-71.803,0.8723,2983600,3-1
1711,ARKB,-0.025708,-0.758221,35.95,2025-10-16,ARK 21Shares Bitcoin ETF,ARK / 21Shares,BTC,0.21,16.181,-81.662,0.8785,5910100,3-1
1712,ARKB,-0.063598,-3.296852,35.38,2025-10-17,ARK 21Shares Bitcoin ETF,ARK / 21Shares,BTC,0.21,15.924,-367.258,0.8798,7346000,2-1
1713,ARKB,-0.033042,-0.749839,36.85,2025-10-20,ARK 21Shares Bitcoin ETF,ARK / 21Shares,BTC,0.21,16.1313,-80.719,0.8871,3991100,3-1
1714,ARKB,0.320505,2.59251,37.18,2025-10-21,ARK 21Shares Bitcoin ETF,ARK / 21Shares,BTC,0.21,18.5297,295.295,0.8713,6569600,3-4
1715,ARKB,0.779202,-0.681175,35.825,2025-10-22,ARK 21Shares Bitcoin ETF,ARK / 21Shares,BTC,0.21,21.6414,-72.994,0.8772,4166000,4-1
1716,ARKB,0.78449,0.242654,36.63,2025-10-23,ARK 21Shares Bitcoin ETF,ARK / 21Shares,BTC,0.21,21.6773,30.936,0.8796,3459600,4-3
1717,ARKB,0.770978,-0.008815,36.74,2025-10-24,ARK 21Shares Bitcoin ETF,ARK / 21Shares,BTC,0.21,21.5857,2.646,0.8857,3087900,4-2
1718,ARKB,0.838391,0.616461,38.18,2025-10-27,ARK 21Shares Bitcoin ETF,ARK / 21Shares,BTC,0.21,22.043,72.99,0.89,2606300,4-4
1719,ARKB,0.836832,-1.865211,37.75,2025-10-28,ARK 21Shares Bitcoin ETF,ARK / 21Shares,BTC,0.21,22.0324,-206.198,0.8905,2660500,4-1
1720,ARKB,0.797637,0.497531,36.73,2025-10-29,ARK 21Shares Bitcoin ETF,ARK / 21Shares,BTC,0.21,21.7665,59.61,0.8935,6344700,4-3
1721,ARKB,0.956523,-1.935809,35.33,2025-10-30,ARK 21Shares Bitcoin ETF,ARK / 21Shares,BTC,0.21,22.8444,-214.14,0.903,4770400,4-1
1722,ARKB,1.166434,0.402264,36.48,2025-10-31,ARK 21Shares Bitcoin ETF,ARK / 21Shares,BTC,0.21,24.2684,48.893,0.9106,4315100,4-3
1723,ARKB,1.170257,-1.281008,35.39,2025-11-03,ARK 21Shares Bitcoin ETF,ARK / 21Shares,BTC,0.21,24.2943,-140.475,0.9139,3558000,4-1
1724,ARKB,1.212126,-2.170145,33.45,2025-11-04,ARK 21Shares Bitcoin ETF,ARK / 21Shares,BTC,0.21,24.5783,-240.503,0.9272,8393800,4-1
1725,ARKB,1.260524,-0.919972,34.5,2025-11-05,ARK 21Shares Bitcoin ETF,ARK / 21Shares,BTC,0.21,24.9067,-99.859,0.937,2786800,4-1
1726,ARKB,1.256599,0.76558,33.51,2025-11-06,ARK 21Shares Bitcoin ETF,ARK / 21Shares,BTC,0.21,24.88,89.766,0.9381,4864600,4-4
1727,ARKB,0.987257,-0.288114,34.49,2025-11-07,ARK 21Shares Bitcoin ETF,ARK / 21Shares,BTC,0.21,23.0529,-28.775,0.9439,3929500,4-2
1728,ARKB,0.807545,-0.114759,35.21,2025-11-10,ARK 21Shares Bitcoin ETF,ARK / 21Shares,BTC,0.21,21.8337,-9.272,0.9412,4065600,4-2
1729,ARKB,0.754373,0.637858,34.14,2025-11-11,ARK 21Shares Bitcoin ETF,ARK / 21Shares,BTC,0.21,21.473,75.397,0.9449,2051600,4-4
1730,ARKB,0.734572,-0.222661,33.73,2025-11-12,ARK 21Shares Bitcoin ETF,ARK / 21Shares,BTC,0.21,21.3387,-21.411,0.9448,4193600,4-2
1731,ARKB,0.832125,-1.250317,32.55,2025-11-13,ARK 21Shares Bitcoin ETF,ARK / 21Shares,BTC,0.21,22.0005,-137.023,0.9537,7899800,4-1
1732,ARKB,0.905341,-1.034172,31.31,2025-11-14,ARK 21Shares Bitcoin ETF,ARK / 21Shares,BTC,0.21,22.4972,-112.706,0.9336,7608100,4-1
1733,ARKB,0.882746,-1.087156,30.49,2025-11-17,ARK 21Shares Bitcoin ETF,ARK / 21Shares,BTC,0.21,22.3439,-118.667,0.9311,15773100,4-1
1734,ARKB,0.545682,-0.568978,30.82,2025-11-18,ARK 21Shares Bitcoin ETF,ARK / 21Shares,BTC,0.21,20.0573,-60.372,0.9387,8617800,3-1
1735,ARKB,0.323451,-2.517921,29.7,2025-11-19,ARK 21Shares Bitcoin ETF,ARK / 21Shares,BTC,0.21,18.5497,-279.628,0.9531,6933000,3-1
1736,ARKB,0.454915,0.34084,28.67,2025-11-20,ARK 21Shares Bitcoin ETF,ARK / 21Shares,BTC,0.21,19.4415,41.982,0.9294,9105600,3-3
1737,ARKB,0.454792,-1.156691,28.06,2025-11-21,ARK 21Shares Bitcoin ETF,ARK / 21Shares,BTC,0.21,19.4407,-126.49,0.9367,12091000,3-1
1738,ARKB,0.519516,0.747148,29.59,2025-11-24,ARK 21Shares Bitcoin ETF,ARK / 21Shares,BTC,0.21,19.8798,87.692,0.9595,4317200,3-4
1739,ARKB,0.554512,-0.294105,29.01,2025-11-25,ARK 21Shares Bitcoin ETF,ARK / 21Shares,BTC,0.21,20.1172,-29.449,0.9618,6176700,4-2
1740,ARKB,0.557981,1.171113,29.86,2025-11-26,ARK 21Shares Bitcoin ETF,ARK / 21Shares,BTC,0.21,20.1407,135.388,0.9541,3700100,4-4
1741,ARKB,0.286461,0.277647,30.14,2025-11-28,ARK 21Shares Bitcoin ETF,ARK / 21Shares,BTC,0.21,18.2988,34.873,0.9532,4495900,3-3
1742,ARKB,0.057773,-0.173772,28.39,2025-12-01,ARK 21Shares Bitcoin ETF,ARK / 21Shares,BTC,0.21,16.7474,-15.911,0.9644,8079800,3-2
1743,ARKB,0.099776,-1.031814,30.26,2025-12-02,ARK 21Shares Bitcoin ETF,ARK / 21Shares,BTC,0.21,17.0323,-112.441,0.9812,4850400,3-1
1744,ARKB,0.022395,-0.396129,30.89,2025-12-03,ARK 21Shares Bitcoin ETF,ARK / 21Shares,BTC,0.21,16.5074,-40.927,0.9796,5359500,3-2
1745,ARKB,0.016318,0.902339,30.73,2025-12-04,ARK 21Shares Bitcoin ETF,ARK / 21Shares,BTC,0.21,16.4661,105.151,0.9775,4217600,3-4
1746,ARKB,0.013509,0.007634,29.68,2025-12-05,ARK 21Shares Bitcoin ETF,ARK / 21Shares,BTC,0.21,16.4471,4.497,0.9828,6034300,3-3
1747,ARKB,-0.045101,1.06046,30.15,2025-12-08,ARK 21Shares Bitcoin ETF,ARK / 21Shares,BTC,0.21,16.0495,122.94,0.9802,3540300,2-4
1748,ARKB,-0.040141,0.616717,30.92,2025-12-09,ARK 21Shares Bitcoin ETF,ARK / 21Shares,BTC,0.21,16.0831,73.019,0.9819,3302700,3-4
1749,ARKB,-0.04711,0.893175,30.72,2025-12-10,ARK 21Shares Bitcoin ETF,ARK / 21Shares,BTC,0.21,16.0359,104.12,0.9813,2699200,2-4
1750,ARKB,0.05194,-1.131386,30.47,2025-12-11,ARK 21Shares Bitcoin ETF,ARK / 21Shares,BTC,0.21,16.7078,-123.643,0.9786,4306700,3-1
1751,ARKB,-0.088919,-0.100774,29.95,2025-12-12,ARK 21Shares Bitcoin ETF,ARK / 21Shares,BTC,0.21,15.7522,-7.699,0.9732,2174400,2-2
1752,ARKB,-0.147918,-0.967343,28.48,2025-12-15,ARK 21Shares Bitcoin ETF,ARK / 21Shares,BTC,0.21,15.352,-105.188,0.9784,7348100,2-1
1753,ARKB,-0.140737,-0.887466,29.06,2025-12-16,ARK 21Shares Bitcoin ETF,ARK / 21Shares,BTC,0.21,15.4007,-96.202,0.9801,5891800,2-1
1754,ARKB,-0.144266,-0.939889,28.51,2025-12-17,ARK 21Shares Bitcoin ETF,ARK / 21Shares,BTC,0.21,15.3768,-102.099,0.9801,7001400,2-1
1755,ARKB,-0.429953,-0.379699,28.09,2025-12-18,ARK 21Shares Bitcoin ETF,ARK / 21Shares,BTC,0.21,13.4387,-39.078,0.9787,6778300,2-2
1756,ARKB,-0.538444,-0.164635,29.21,2025-12-19,ARK 21Shares Bitcoin ETF,ARK / 21Shares,BTC,0.21,12.7027,-14.883,0.9867,3419600,2-2
1757,ARKB,-0.555877,0.436848,29.31,2025-12-22,ARK 21Shares Bitcoin ETF,ARK / 21Shares,BTC,0.21,12.5845,52.783,0.9882,3082900,2-3
1758,ARKB,-0.804093,0.496838,29.1,2025-12-23,ARK 21Shares Bitcoin ETF,ARK / 21Shares,BTC,0.21,10.9006,59.532,0.9813,3147000,1-3
1759,ARKB,-0.845882,-0.102542,28.97,2025-12-24,ARK 21Shares Bitcoin ETF,ARK / 21Shares,BTC,0.21,10.6171,-7.898,0.9802,1922200,1-2
1760,ARKB,-0.835618,1.084548,29.05,2025-12-26,ARK 21Shares Bitcoin ETF,ARK / 21Shares,BTC,0.21,10.6867,125.65,0.9932,2482400,1-4
1761,ARKB,-0.849476,0.013094,28.91,2025-12-29,ARK 21Shares Bitcoin ETF,ARK / 21Shares,BTC,0.21,10.5927,5.111,0.9862,1799300,1-3
1762,ARKB,-0.911171,-0.395407,29.17,2025-12-30,ARK 21Shares Bitcoin ETF,ARK / 21Shares,BTC,0.21,10.1742,-40.845,0.9823,5068200,1-2
1763,ARKB,-0.943903,-0.307601,29.04,2025-12-31,ARK 21Shares Bitcoin ETF,ARK / 21Shares,BTC,0.21,9.9521,-30.967,0.9806,2710800,1-2
1764,ARKB,-0.94831,0.169601,29.79,2026-01-02,ARK 21Shares Bitcoin ETF,ARK / 21Shares,BTC,0.21,9.9222,22.718,0.977,10191200,1-3
1765,ARKB,-0.988985,0.224327,31.29,2026-01-05,ARK 21Shares Bitcoin ETF,ARK / 21Shares,BTC,0.21,9.6463,28.875,0.9854,7599000,1-3
1766,ARKB,-0.746549,-1.030511,30.71,2026-01-06,ARK 21Shares Bitcoin ETF,ARK / 21Shares,BTC,0.21,11.291,-112.294,0.983,5217800,1-1
1767,ARKB,-0.660891,0.341773,30.185,2026-01-07,ARK 21Shares Bitcoin ETF,ARK / 21Shares,BTC,0.21,11.8721,42.087,1.0385,3451700,2-3
1768,ARKB,-0.661816,0.099512,30.18,2026-01-08,ARK 21Shares Bitcoin ETF,ARK / 21Shares,BTC,0.21,11.8658,14.833,1.0526,2310200,2-3
1769,ARKB,-0.660994,0.065525,29.95,2026-01-09,ARK 21Shares Bitcoin ETF,ARK / 21Shares,BTC,0.21,11.8714,11.01,1.0492,2477000,2-3
1770,ARKB,-0.789199,-0.041187,30.36,2026-01-12,ARK 21Shares Bitcoin ETF,ARK / 21Shares,BTC,0.21,11.0016,-0.996,1.0553,2958500,1-2
1771,ARKB,-0.662349,0.253509,31.35,2026-01-13,ARK 21Shares Bitcoin ETF,ARK / 21Shares,BTC,0.21,11.8622,32.158,1.036,4332000,2-3
1772,ARKB,-0.480193,0.910798,32.46,2026-01-14,ARK 21Shares Bitcoin ETF,ARK / 21Shares,BTC,0.21,13.0979,106.103,1.0444,4349500,2-4
1773,ARKB,-0.396444,-0.332525,31.63,2026-01-15,ARK 21Shares Bitcoin ETF,ARK / 21Shares,BTC,0.21,13.666,-33.771,1.047,3496300,2-2
1774,ARKB,-0.391247,0.069608,31.71,2026-01-16,ARK 21Shares Bitcoin ETF,ARK / 21Shares,BTC,0.21,13.7013,11.469,1.0604,3743800,2-3
1775,ARKB,-0.273444,0.982609,29.73,2026-01-20,ARK 21Shares Bitcoin ETF,ARK / 21Shares,BTC,0.21,14.5004,114.181,1.0245,4676200,2-4
1776,ARKB,-0.283014,1.654123,29.91,2026-01-21,ARK 21Shares Bitcoin ETF,ARK / 21Shares,BTC,0.21,14.4355,189.727,1.0224,6925300,2-4
1777,ARKB,-0.220857,-0.719164,29.66,2026-01-22,ARK 21Shares Bitcoin ETF,ARK / 21Shares,BTC,0.21,14.8572,-77.268,1.0231,3109900,2-1
1778,ARKB,-0.235728,0.29865,29.69,2026-01-23,ARK 21Shares Bitcoin ETF,ARK / 21Shares,BTC,0.21,14.7563,37.236,1.0154,4466500,2-3
1779,ARKB,-0.226877,-0.630732,29.05,2026-01-26,ARK 21Shares Bitcoin ETF,ARK / 21Shares,BTC,0.21,14.8163,-67.319,1.0171,3060900,2-1
1780,ARKB,-0.180684,-1.117222,29.64,2026-01-27,ARK 21Shares Bitcoin ETF,ARK / 21Shares,BTC,0.21,15.1297,-122.049,1.02,3779000,2-1
1781,ARKB,-0.174326,-0.946499,29.54,2026-01-28,ARK 21Shares Bitcoin ETF,ARK / 21Shares,BTC,0.21,15.1728,-102.843,1.0126,6228100,2-1
1782,ARKB,-0.188165,-0.385347,27.91,2026-01-29,ARK 21Shares Bitcoin ETF,ARK / 21Shares,BTC,0.21,15.079,-39.713,1.0089,9339000,2-2
1783,ARKB,-0.208878,-0.324699,27.8,2026-01-30,ARK 21Shares Bitcoin ETF,ARK / 21Shares,BTC,0.21,14.9384,-32.891,1.0077,10215900,2-2
1784,ARKB,-0.196273,-0.063837,25.87,2026-02-02,ARK 21Shares Bitcoin ETF,ARK / 21Shares,BTC,0.21,15.024,-3.544,1.006,17499600,2-2
1785,ARKB,0.001116,0.703723,25.36,2026-02-03,ARK 21Shares Bitcoin ETF,ARK / 21Shares,BTC,0.21,16.363,82.807,0.9859,21540400,3-4
1786,ARKB,-0.167448,0.56307,24.35,2026-02-04,ARK 21Shares Bitcoin ETF,ARK / 21Shares,BTC,0.21,15.2195,66.983,0.988,14456000,2-4
1787,ARKB,-0.206586,1.330782,21.14,2026-02-05,ARK 21Shares Bitcoin ETF,ARK / 21Shares,BTC,0.21,14.954,153.351,0.9646,15890400,2-4
1788,ARKB,-0.048613,-0.185454,23.24,2026-02-06,ARK 21Shares Bitcoin ETF,ARK / 21Shares,BTC,0.21,16.0257,-17.226,0.9368,6216300,2-2
1789,ARKB,0.10539,1.697926,23.49,2026-02-09,ARK 21Shares Bitcoin ETF,ARK / 21Shares,BTC,0.21,17.0704,194.654,0.9359,5521500,3-4
1790,ARKB,0.160749,-0.982867,22.82,2026-02-10,ARK 21Shares Bitcoin ETF,ARK / 21Shares,BTC,0.21,17.4459,-106.934,0.9376,3731600,3-1
1791,ARKB,0.07238,0.170501,22.42,2026-02-11,ARK 21Shares Bitcoin ETF,ARK / 21Shares,BTC,0.21,16.8465,22.819,0.933,7686000,3-3
1792,ARKB,0.188243,-2.340374,21.68,2026-02-12,ARK 21Shares Bitcoin ETF,ARK / 21Shares,BTC,0.21,17.6325,-259.654,0.9422,5188100,3-1
1793,ARKB,0.246626,0.327222,22.82,2026-02-13,ARK 21Shares Bitcoin ETF,ARK / 21Shares,BTC,0.21,18.0285,40.45,0.9497,7007100,3-3
1794,ARKB,0.250629,-0.785741,22.48,2026-02-17,ARK 21Shares Bitcoin ETF,ARK / 21Shares,BTC,0.21,18.0557,-84.758,0.9486,6051200,3-1
1795,ARKB,0.129453,-0.461774,21.98,2026-02-18,ARK 21Shares Bitcoin ETF,ARK / 21Shares,BTC,0.21,17.2336,-48.312,0.9466,4281300,3-2
1796,ARKB,0.139751,-0.525865,22.29,2026-02-19,ARK 21Shares Bitcoin ETF,ARK / 21Shares,BTC,0.21,17.3035,-55.522,0.9579,4900300,3-2
1797,ARKB,0.113703,0.924607,22.48,2026-02-20,ARK 21Shares Bitcoin ETF,ARK / 21Shares,BTC,0.21,17.1268,107.656,0.9556,6153500,3-4
1798,ARKB,0.114334,-0.473858,21.385,2026-02-23,ARK 21Shares Bitcoin ETF,ARK / 21Shares,BTC,0.21,17.1311,-49.671,0.9465,4897900,3-2
1799,ARKB,0.125481,-0.021204,21.41,2026-02-24,ARK 21Shares Bitcoin ETF,ARK / 21Shares,BTC,0.21,17.2067,1.253,0.9455,4683100,3-2
1800,ARKB,0.176391,1.909439,22.98,2026-02-25,ARK 21Shares Bitcoin ETF,ARK / 21Shares,BTC,0.21,17.5521,218.45,0.9599,5601200,3-4
1801,ARKB,0.371592,-0.369583,22.38,2026-02-26,ARK 21Shares Bitcoin ETF,ARK / 21Shares,BTC,0.21,18.8763,-37.94,0.9599,6326500,3-2
1802,ARKB,0.377863,-0.218747,21.78,2026-02-27,ARK 21Shares Bitcoin ETF,ARK / 21Shares,BTC,0.21,18.9188,-20.971,0.9551,2942900,3-2
1803,ARKB,0.445508,0.961759,22.96,2026-03-02,ARK 21Shares Bitcoin ETF,ARK / 21Shares,BTC,0.21,19.3777,111.836,0.9546,15331500,3-4
1804,ARKB,0.458942,-0.45386,22.65,2026-03-03,ARK 21Shares Bitcoin ETF,ARK / 21Shares,BTC,0.21,19.4688,-47.421,0.9554,10549800,3-2
1805,ARKB,0.305794,-0.994444,24.26,2026-03-04,ARK 21Shares Bitcoin ETF,ARK / 21Shares,BTC,0.21,18.4299,-108.237,0.964,11422800,3-1
1806,ARKB,0.288201,0.646178,23.64,2026-03-05,ARK 21Shares Bitcoin ETF,ARK / 21Shares,BTC,0.21,18.3106,76.333,0.9624,6999400,3-4
1807,ARKB,0.296907,0.399725,22.6,2026-03-06,ARK 21Shares Bitcoin ETF,ARK / 21Shares,BTC,0.21,18.3696,48.607,0.965,4340700,3-3
1808,ARKB,0.222621,0.312105,22.93,2026-03-09,ARK 21Shares Bitcoin ETF,ARK / 21Shares,BTC,0.21,17.8657,38.75,0.9649,6489100,3-3
1809,ARKB,0.102147,0.287838,23.255,2026-03-10,ARK 21Shares Bitcoin ETF,ARK / 21Shares,BTC,0.21,17.0484,36.02,0.9626,5655700,3-3
1810,ARKB,0.047258,-0.006112,23.46,2026-03-11,ARK 21Shares Bitcoin ETF,ARK / 21Shares,BTC,0.21,16.676,2.95,0.9647,4387600,3-2
1811,ARKB,0.045728,-0.550849,23.39,2026-03-12,ARK 21Shares Bitcoin ETF,ARK / 21Shares,BTC,0.21,16.6657,-58.333,0.9656,3953300,3-2
1812,ARKB,-0.278986,0.405151,23.62,2026-03-13,ARK 21Shares Bitcoin ETF,ARK / 21Shares,BTC,0.21,14.4628,49.217,0.962,8199400,2-3
1813,ARKB,-0.304386,-1.637121,24.55,2026-03-16,ARK 21Shares Bitcoin ETF,ARK / 21Shares,BTC,0.21,14.2905,-180.538,0.9523,5314200,2-1
1814,ARKB,-0.053841,0.784401,24.75,2026-03-17,ARK 21Shares Bitcoin ETF,ARK / 21Shares,BTC,0.21,15.9902,91.883,0.9498,3873300,2-4
1815,ARKB,0.013728,-0.792646,23.59,2026-03-18,ARK 21Shares Bitcoin ETF,ARK / 21Shares,BTC,0.21,16.4486,-85.535,0.9546,4348200,3-1
1816,ARKB,0.011043,0.357285,23.31,2026-03-19,ARK 21Shares Bitcoin ETF,ARK / 21Shares,BTC,0.21,16.4304,43.832,0.9494,5157700,3-3
1817,ARKB,0.040938,-0.784807,23.28,2026-03-20,ARK 21Shares Bitcoin ETF,ARK / 21Shares,BTC,0.21,16.6332,-84.653,0.948,3745800,3-1
1818,ARKB,0.041685,0.481903,23.45,2026-03-23,ARK 21Shares Bitcoin ETF,ARK / 21Shares,BTC,0.21,16.6382,57.852,0.9488,6281600,3-3
1819,ARKB,0.090506,-2.514414,23.01,2026-03-24,ARK 21Shares Bitcoin ETF,ARK / 21Shares,BTC,0.21,16.9694,-279.233,0.9495,4793500,3-1
1820,ARKB,0.041325,-0.3734,23.52,2026-03-25,ARK 21Shares Bitcoin ETF,ARK / 21Shares,BTC,0.21,16.6358,-38.369,0.9516,2621300,3-2
1821,ARKB,-0.171213,-0.901714,22.73,2026-03-26,ARK 21Shares Bitcoin ETF,ARK / 21Shares,BTC,0.21,15.194,-97.805,0.9515,6199400,2-1
1822,ARKB,-0.180566,-0.284264,21.9,2026-03-27,ARK 21Shares Bitcoin ETF,ARK / 21Shares,BTC,0.21,15.1305,-28.342,0.9535,3319500,2-2
1823,ARKB,-0.271926,-0.26637,22.06,2026-03-30,ARK 21Shares Bitcoin ETF,ARK / 21Shares,BTC,0.21,14.5107,-26.329,0.9542,3968800,2-2
1824,ARKB,-0.297096,0.722062,22.49,2026-03-31,ARK 21Shares Bitcoin ETF,ARK / 21Shares,BTC,0.21,14.34,84.87,0.9536,6323900,2-4
1825,ARKB,-0.300984,0.421997,22.62,2026-04-01,ARK 21Shares Bitcoin ETF,ARK / 21Shares,BTC,0.21,14.3136,51.113,0.9489,4137600,2-3
1826,ARKB,-0.301133,0.400793,22.24,2026-04-02,ARK 21Shares Bitcoin ETF,ARK / 21Shares,BTC,0.21,14.3126,48.727,0.9497,4267700,2-3
1827,ARKB,-0.240852,1.724148,23.15,2026-04-06,ARK 21Shares Bitcoin ETF,ARK / 21Shares,BTC,0.21,14.7215,197.604,0.9568,3100100,2-4
1828,ARKB,1.007824,-3.045868,22.9,2026-04-07,ARK 21Shares Bitcoin ETF,ARK / 21Shares,BTC,0.21,23.1924,-339.022,0.9274,3169200,4-1
1829,ARKB,1.782107,1.128235,23.69,2026-04-08,ARK 21Shares Bitcoin ETF,ARK / 21Shares,BTC,0.21,28.445,130.564,0.9234,2578500,4-4
1830,ARKB,1.776122,0.654611,23.95,2026-04-09,ARK 21Shares Bitcoin ETF,ARK / 21Shares,BTC,0.21,28.4044,77.282,0.9229,3919100,4-4
1831,ARKB,1.758804,0.617844,24.31,2026-04-10,ARK 21Shares Bitcoin ETF,ARK / 21Shares,BTC,0.21,28.2869,73.145,0.9278,2718600,4-4
1832,ARKB,1.852547,-1.996589,24.35,2026-04-13,ARK 21Shares Bitcoin ETF,ARK / 21Shares,BTC,0.21,28.9229,-220.978,0.9179,2499900,4-1
1833,ARKB,1.891856,4.033178,24.66,2026-04-14,ARK 21Shares Bitcoin ETF,ARK / 21Shares,BTC,0.21,29.1895,457.37,0.9164,3452700,4-4
1834,ARKB,1.760164,0.295131,24.91,2026-04-15,ARK 21Shares Bitcoin ETF,ARK / 21Shares,BTC,0.21,28.2962,36.84,0.9167,1294500,4-3
1835,ARKB,1.701544,0.076274,25.02,2026-04-16,ARK 21Shares Bitcoin ETF,ARK / 21Shares,BTC,0.21,27.8985,12.219,0.9243,4505800,4-3
1836,ARKB,1.694185,0.44686,25.72,2026-04-17,ARK 21Shares Bitcoin ETF,ARK / 21Shares,BTC,0.21,27.8486,53.91,0.9266,3761200,4-3
1837,ARKB,1.658376,1.924669,25.32,2026-04-20,ARK 21Shares Bitcoin ETF,ARK / 21Shares,BTC,0.21,27.6056,220.163,0.927,1227600,4-4
1838,ARKB,1.843289,-1.572932,24.89,2026-04-21,ARK 21Shares Bitcoin ETF,ARK / 21Shares,BTC,0.21,28.8601,-173.317,0.9244,2029700,4-1
1839,ARKB,2.021323,0.685431,26.17,2026-04-22,ARK 21Shares Bitcoin ETF,ARK / 21Shares,BTC,0.21,30.0678,80.749,0.9324,1932200,4-4
1840,ARKB,2.072112,-0.678482,25.795,2026-04-23,ARK 21Shares Bitcoin ETF,ARK / 21Shares,BTC,0.21,30.4124,-72.691,0.9302,1933800,4-1
1841,ARKB,2.093516,-0.217844,25.77,2026-04-24,ARK 21Shares Bitcoin ETF,ARK / 21Shares,BTC,0.21,30.5576,-20.869,0.9295,1570100,4-2
1842,ARKB,2.117916,-0.948117,25.52,2026-04-27,ARK 21Shares Bitcoin ETF,ARK / 21Shares,BTC,0.21,30.7231,-103.025,0.9246,1533100,4-1
1843,ARKB,2.122139,1.496703,25.325,2026-04-28,ARK 21Shares Bitcoin ETF,ARK / 21Shares,BTC,0.21,30.7517,172.017,0.9239,971100,4-4
1844,ARKB,2.126985,-1.367814,25.04,2026-04-29,ARK 21Shares Bitcoin ETF,ARK / 21Shares,BTC,0.21,30.7846,-150.241,0.9152,2114100,4-1
1845,ARKB,2.118615,0.507429,25.35,2026-04-30,ARK 21Shares Bitcoin ETF,ARK / 21Shares,BTC,0.21,30.7278,60.724,0.9248,1054900,4-3
1846,ARKB,2.121775,0.060049,26.02,2026-05-01,ARK 21Shares Bitcoin ETF,ARK / 21Shares,BTC,0.21,30.7493,10.394,0.9219,2017900,4-3
1847,ARKB,2.076441,0.986227,26.57,2026-05-04,ARK 21Shares Bitcoin ETF,ARK / 21Shares,BTC,0.21,30.4417,114.588,0.9193,1985400,4-4
1848,ARKB,1.07162,1.16062,27.1,2026-05-05,ARK 21Shares Bitcoin ETF,ARK / 21Shares,BTC,0.21,23.6252,134.208,0.9686,1547800,4-4
1849,ARKB,0.260854,0.789669,27.03,2026-05-06,ARK 21Shares Bitcoin ETF,ARK / 21Shares,BTC,0.21,18.125,92.476,0.9718,1497500,3-4
1850,ARKB,0.257872,0.281219,26.58,2026-05-07,ARK 21Shares Bitcoin ETF,ARK / 21Shares,BTC,0.21,18.1048,35.275,0.9651,1425200,3-3
1851,ARKB,0.258854,-0.1724,26.6,2026-05-08,ARK 21Shares Bitcoin ETF,ARK / 21Shares,BTC,0.21,18.1115,-15.757,0.9721,947100,3-2
1852,ARKB,0.087883,-0.007167,27.19,2026-05-11,ARK 21Shares Bitcoin ETF,ARK / 21Shares,BTC,0.21,16.9516,2.832,0.9636,1625100,3-2
1853,ARKB,-0.056788,-0.569071,26.8,2026-05-12,ARK 21Shares Bitcoin ETF,ARK / 21Shares,BTC,0.21,15.9702,-60.383,0.9487,1388000,2-1
1854,ARKB,-0.057741,0.061417,26.38,2026-05-13,ARK 21Shares Bitcoin ETF,ARK / 21Shares,BTC,0.21,15.9637,10.547,0.9523,2006900,2-3
1855,ARKB,-0.056078,0.212607,26.99,2026-05-14,ARK 21Shares Bitcoin ETF,ARK / 21Shares,BTC,0.21,15.975,27.556,0.9488,3219100,2-3
1856,ARKB,-0.052487,-0.03663,26.25,2026-05-15,ARK 21Shares Bitcoin ETF,ARK / 21Shares,BTC,0.21,15.9994,-0.483,0.9516,3273400,2-2
1857,ARKB,-0.044496,-0.697566,25.48,2026-05-18,ARK 21Shares Bitcoin ETF,ARK / 21Shares,BTC,0.21,16.0536,-74.838,0.9578,2655700,3-1
1858,ARKB,-0.3993,-0.524127,25.47,2026-05-19,ARK 21Shares Bitcoin ETF,ARK / 21Shares,BTC,0.21,13.6466,-55.326,0.9555,997000,2-2
1859,ARKB,-1.041577,-0.201973,25.75,2026-05-20,ARK 21Shares Bitcoin ETF,ARK / 21Shares,BTC,0.21,9.2895,-19.084,0.9592,925700,1-2
1860,ARKB,-1.312756,-0.419705,25.76,2026-05-21,ARK 21Shares Bitcoin ETF,ARK / 21Shares,BTC,0.21,7.4499,-43.579,0.9297,1028200,1-2
1861,ARKB,-1.413463,-0.031121,25.135,2026-05-22,ARK 21Shares Bitcoin ETF,ARK / 21Shares,BTC,0.21,6.7667,0.137,0.9228,1332500,1-2
1862,ARKB,-1.519767,0.070769,25.17,2026-05-26,ARK 21Shares Bitcoin ETF,ARK / 21Shares,BTC,0.21,6.0456,11.599,0.9173,3044300,1-3
1863,ARKB,-1.52153,0.273349,24.84,2026-05-27,ARK 21Shares Bitcoin ETF,ARK / 21Shares,BTC,0.21,6.0336,34.39,0.8928,1417400,1-3
1864,ARKB,-1.344125,-0.963426,24.31,2026-05-28,ARK 21Shares Bitcoin ETF,ARK / 21Shares,BTC,0.21,7.2371,-104.747,0.896,2317900,1-1
1865,ARKB,-1.375109,-0.594072,24.35,2026-05-29,ARK 21Shares Bitcoin ETF,ARK / 21Shares,BTC,0.21,7.0269,-63.195,0.8611,1858200,1-1
1866,ARKB,-1.393562,-0.808306,23.71,2026-06-01,ARK 21Shares Bitcoin ETF,ARK / 21Shares,BTC,0.21,6.9017,-87.296,0.8599,2216300,1-1
1867,ARKB,-1.379479,-0.981798,22.29,2026-06-02,ARK 21Shares Bitcoin ETF,ARK / 21Shares,BTC,0.21,6.9972,-106.814,0.8534,3262900,1-1
1868,ARKB,-1.372329,-0.765491,21.68,2026-06-03,ARK 21Shares Bitcoin ETF,ARK / 21Shares,BTC,0.21,7.0458,-82.48,0.8407,2650100,1-1
1869,ARKB,-0.80314,-1.963105,21.08,2026-06-04,ARK 21Shares Bitcoin ETF,ARK / 21Shares,BTC,0.21,10.9071,-217.211,0.8463,2418600,1-1
1870,ARKB,-0.707966,-3.404102,20.0,2026-06-05,ARK 21Shares Bitcoin ETF,ARK / 21Shares,BTC,0.21,11.5527,-379.323,0.8652,4470100,1-1
1871,ARKB,-0.386993,-1.553467,21.02,2026-06-08,ARK 21Shares Bitcoin ETF,ARK / 21Shares,BTC,0.21,13.7301,-171.127,0.8911,1799500,2-1
1872,ARKB,-0.404193,-1.184736,20.58,2026-06-09,ARK 21Shares Bitcoin ETF,ARK / 21Shares,BTC,0.21,13.6135,-129.645,0.8902,2327300,2-1
1873,ARKB,-0.404718,-1.797739,20.52,2026-06-10,ARK 21Shares Bitcoin ETF,ARK / 21Shares,BTC,0.21,13.6099,-198.608,0.9083,2658100,2-1
1874,ARKB,-0.401024,0.105202,21.08,2026-06-11,ARK 21Shares Bitcoin ETF,ARK / 21Shares,BTC,0.21,13.635,15.473,0.9105,2179500,2-3
1875,ARKB,-0.407325,1.25142,21.08,2026-06-12,ARK 21Shares Bitcoin ETF,ARK / 21Shares,BTC,0.21,13.5922,144.423,0.8925,1645700,2-4
1876,ARKB,-0.346032,0.339001,22.09,2026-06-15,ARK 21Shares Bitcoin ETF,ARK / 21Shares,BTC,0.21,14.008,41.776,0.9095,1175900,2-3
1877,ARKB,-0.340477,-0.064433,21.77,2026-06-16,ARK 21Shares Bitcoin ETF,ARK / 21Shares,BTC,0.21,14.0457,-3.611,0.9142,761000,2-2
1878,ARKB,-0.338585,-0.518443,21.3,2026-06-17,ARK 21Shares Bitcoin ETF,ARK / 21Shares,BTC,0.21,14.0585,-54.687,0.9166,1563500,2-2
1879,ARKB,-0.339658,-0.006336,20.88,2026-06-18,ARK 21Shares Bitcoin ETF,ARK / 21Shares,BTC,0.21,14.0513,2.925,0.9133,2741200,2-2
1880,ARKB,-0.286231,0.641132,21.36,2026-06-22,ARK 21Shares Bitcoin ETF,ARK / 21Shares,BTC,0.21,14.4137,75.765,0.9128,1746500,2-4
1881,ARKB,-0.188822,-1.315138,20.68,2026-06-23,ARK 21Shares Bitcoin ETF,ARK / 21Shares,BTC,0.21,15.0745,-144.315,0.9202,1445600,2-1
1882,ARKB,-0.079016,-2.227377,19.86,2026-06-24,ARK 21Shares Bitcoin ETF,ARK / 21Shares,BTC,0.21,15.8194,-246.942,0.9297,2941200,2-1
1883,ARKB,-0.037151,-1.027947,19.64,2026-06-25,ARK 21Shares Bitcoin ETF,ARK / 21Shares,BTC,0.21,16.1034,-112.006,0.9231,2589100,3-1
1884,ARKB,-0.079464,-0.882546,19.8,2026-06-26,ARK 21Shares Bitcoin ETF,ARK / 21Shares,BTC,0.21,15.8164,-95.648,0.9254,1988800,2-1
1885,ARKB,-0.038715,-0.826143,20.0,2026-06-29,ARK 21Shares Bitcoin ETF,ARK / 21Shares,BTC,0.21,16.0928,-89.303,0.9267,1455900,3-1
1886,ARKB,-0.038108,0.154684,19.46,2026-06-30,ARK 21Shares Bitcoin ETF,ARK / 21Shares,BTC,0.21,16.0969,21.04,0.9287,1858100,3-3
1887,ARKB,-0.045193,1.479147,19.89,2026-07-01,ARK 21Shares Bitcoin ETF,ARK / 21Shares,BTC,0.21,16.0489,170.042,0.9133,2202400,2-4
1888,ARKB,-0.085099,0.683837,20.37,2026-07-02,ARK 21Shares Bitcoin ETF,ARK / 21Shares,BTC,0.21,15.7781,80.57,1.0027,2177200,2-4
1889,ARKB,-0.480986,0.025581,21.13,2026-07-06,ARK 21Shares Bitcoin ETF,ARK / 21Shares,BTC,0.21,13.0925,6.516,1.0118,2305600,2-3
1890,ARKB,-0.4948,0.406759,21.16,2026-07-07,ARK 21Shares Bitcoin ETF,ARK / 21Shares,BTC,0.21,12.9988,49.398,1.0071,1613300,2-3
1891,ARKB,-0.701044,-0.120952,20.63,2026-07-08,ARK 21Shares Bitcoin ETF,ARK / 21Shares,BTC,0.21,11.5997,-9.969,1.0127,2242500,1-2
1892,ARKB,-0.699364,0.003432,20.97,2026-07-09,ARK 21Shares Bitcoin ETF,ARK / 21Shares,BTC,0.21,11.6111,4.024,1.0293,1303700,1-3
1893,ARKB,-0.688152,-0.312673,21.2,2026-07-10,ARK 21Shares Bitcoin ETF,ARK / 21Shares,BTC,0.21,11.6871,-31.538,1.0275,1922500,1-2
1894,ARKB,-0.686265,0.32592,20.63,2026-07-13,ARK 21Shares Bitcoin ETF,ARK / 21Shares,BTC,0.21,11.6999,40.304,1.0237,1962800,1-3
1895,ARKB,-0.662403,-1.295182,21.42,2026-07-14,ARK 21Shares Bitcoin ETF,ARK / 21Shares,BTC,0.21,11.8618,-142.07,1.0148,1805000,2-1
1896,ARKB,-0.638244,0.344882,21.55,2026-07-15,ARK 21Shares Bitcoin ETF,ARK / 21Shares,BTC,0.21,12.0257,42.437,1.0131,883200,2-3
1897,ARKB,-0.646508,0.553763,21.31,2026-07-16,ARK 21Shares Bitcoin ETF,ARK / 21Shares,BTC,0.21,11.9696,65.936,1.0123,652100,2-4
1898,ARKB,-0.660134,0.64259,21.28,2026-07-17,ARK 21Shares Bitcoin ETF,ARK / 21Shares,BTC,0.21,11.8772,75.929,1.0191,1295500,2-4
1899,ARKB,-0.639882,-0.142721,21.6,2026-07-20,ARK 21Shares Bitcoin ETF,ARK / 21Shares,BTC,0.21,12.0146,-12.418,0.991,1493200,2-2
1900,ARKB,-0.691181,0.453651,22.04,2026-07-21,ARK 21Shares Bitcoin ETF,ARK / 21Shares,BTC,0.21,11.6666,54.674,0.9937,2205900,1-3
1901,ARKB,-0.84451,-0.611618,21.86,2026-07-22,ARK 21Shares Bitcoin ETF,ARK / 21Shares,BTC,0.21,10.6264,-65.169,0.9963,677400,1-1
1902,ARKB,-1.081222,-1.080992,21.47,2026-07-23,ARK 21Shares Bitcoin ETF,ARK / 21Shares,BTC,0.21,9.0206,-117.974,0.9976,1126600,1-1
1903,ARKB,-1.118439,-0.290415,21.28,2026-07-24,ARK 21Shares Bitcoin ETF,ARK / 21Shares,BTC,0.21,8.7681,-29.034,0.9973,1255600,1-2
1904,ARKB,-0.859596,1.712258,21.52,2026-07-27,ARK 21Shares Bitcoin ETF,ARK / 21Shares,BTC,0.21,10.5241,196.267,0.995,959500,1-4
1905,ARKB,-0.596112,-0.029968,21.17,2026-07-28,ARK 21Shares Bitcoin ETF,ARK / 21Shares,BTC,0.21,12.3115,0.267,0.9901,2389600,2-2
1906,ARKB,-0.574555,-0.375838,21.055,2026-07-29,ARK 21Shares Bitcoin ETF,ARK / 21Shares,BTC,0.21,12.4577,-38.644,0.9873,2146300,2-2
1907,ARKB,-0.53036,0.453317,21.48,2026-07-30,ARK 21Shares Bitcoin ETF,ARK / 21Shares,BTC,0.21,12.7576,54.636,0.9911,1426800,2-3
1908,ARKB,-0.530653,-0.070845,20.85,2026-07-31,ARK 21Shares Bitcoin ETF,ARK / 21Shares,BTC,0.21,12.7556,-4.332,0.9873,2052900,2-2
1909,ARKB,-0.526214,-1.135451,21.17,2026-08-03,ARK 21Shares Bitcoin ETF,ARK / 21Shares,BTC,0.21,12.7857,-124.1,0.9928,1846400,2-1
1910,ARKB,-0.635707,0.204064,21.29,2026-08-04,ARK 21Shares Bitcoin ETF,ARK / 21Shares,BTC,0.21,12.0429,26.595,0.9915,1370700,2-3
1911,ARKB,-0.694005,0.868664,21.5,2026-08-05,ARK 21Shares Bitcoin ETF,ARK / 21Shares,BTC,0.21,11.6474,101.363,0.9924,1502800,1-4
1912,ARKB,-0.691358,0.047394,21.35,2026-08-06,ARK 21Shares Bitcoin ETF,ARK / 21Shares,BTC,0.21,11.6654,8.97,0.9901,946300,1-3
1913,ARKB,-0.706525,0.007575,21.54,2026-08-07,ARK 21Shares Bitcoin ETF,ARK / 21Shares,BTC,0.21,11.5625,4.49,0.9902,690100,1-3
1914,ARKB,-0.71481,-0.489001,21.21,2026-08-10,ARK 21Shares Bitcoin ETF,ARK / 21Shares,BTC,0.21,11.5063,-51.375,0.99,1850000,1-2
1915,ARKB,-0.740852,-0.347075,21.05,2026-08-11,ARK 21Shares Bitcoin ETF,ARK / 21Shares,BTC,0.21,11.3296,-35.408,0.9892,1287800,1-2
1916,ARKB,-0.826877,-0.439482,21.01,2026-08-12,ARK 21Shares Bitcoin ETF,ARK / 21Shares,BTC,0.21,10.746,-45.804,0.9869,1297800,1-2
1917,ARKB,-0.839235,-0.317228,21.0,2026-08-13,ARK 21Shares Bitcoin ETF,ARK / 21Shares,BTC,0.21,10.6622,-32.05,0.9843,2904500,1-2
1918,ARKB,-0.846424,-0.308823,20.85,2026-08-14,ARK 21Shares Bitcoin ETF,ARK / 21Shares,BTC,0.21,10.6134,-31.105,0.9843,1030700,1-2
1919,ARKB,-0.870191,-0.41757,21.31,2026-08-17,ARK 21Shares Bitcoin ETF,ARK / 21Shares,BTC,0.21,10.4522,-43.339,0.9818,2552500,1-2
1920,ARKB,-0.862577,0.023882,21.43,2026-08-18,ARK 21Shares Bitcoin ETF,ARK / 21Shares,BTC,0.21,10.5038,6.325,0.9825,992300,1-3
1921,ARKB,-0.803961,-0.761554,22.7,2026-08-19,ARK 21Shares Bitcoin ETF,ARK / 21Shares,BTC,0.21,10.9015,-82.037,0.9634,5118400,1-1
1922,ARKB,-0.74831,-0.000863,24.1,2026-08-20,ARK 21Shares Bitcoin ETF,ARK / 21Shares,BTC,0.21,11.279,3.541,0.9775,3030400,1-2
1923,ARKB,-0.775285,0.149417,25.55,2026-08-21,ARK 21Shares Bitcoin ETF,ARK / 21Shares,BTC,0.21,11.096,20.447,0.9832,3330317,1-3
1924,BITB,1.938188,1.172271,34.23,2024-09-20,Bitwise Bitcoin ETF,Bitwise,BTC,0.2,29.5039,135.518,0.8601,1180500,4-4
1925,BITB,1.942273,1.52713,34.51,2024-09-23,Bitwise Bitcoin ETF,Bitwise,BTC,0.2,29.5316,175.44,0.8601,875600,4-4
1926,BITB,1.887399,1.329438,35.02,2024-09-24,Bitwise Bitcoin ETF,Bitwise,BTC,0.2,29.1593,153.2,0.8609,1177900,4-4
1927,BITB,1.385026,2.639765,34.43,2024-09-25,Bitwise Bitcoin ETF,Bitwise,BTC,0.2,25.7513,300.611,0.8626,962700,4-4
1928,BITB,0.519732,-0.657182,35.27,2024-09-26,Bitwise Bitcoin ETF,Bitwise,BTC,0.2,19.8812,-70.295,0.8576,3047100,3-1
1929,BITB,0.540944,0.884491,35.8,2024-09-27,Bitwise Bitcoin ETF,Bitwise,BTC,0.2,20.0251,103.143,0.8596,2477500,3-4
1930,BITB,0.52716,0.194876,34.59,2024-09-30,Bitwise Bitcoin ETF,Bitwise,BTC,0.2,19.9316,25.562,0.8632,1883800,3-3
1931,BITB,0.383974,0.623846,33.64,2024-10-01,Bitwise Bitcoin ETF,Bitwise,BTC,0.2,18.9603,73.821,0.8525,3445100,3-4
1932,BITB,0.600651,-1.279336,32.79,2024-10-02,Bitwise Bitcoin ETF,Bitwise,BTC,0.2,20.4302,-140.287,0.8559,2161400,4-1
1933,BITB,0.57153,0.052236,33.24,2024-10-03,Bitwise Bitcoin ETF,Bitwise,BTC,0.2,20.2326,9.515,0.8568,1021400,4-3
1934,BITB,0.420882,-0.181497,34.0,2024-10-04,Bitwise Bitcoin ETF,Bitwise,BTC,0.2,19.2107,-16.78,0.8602,1065200,3-2
1935,BITB,0.341124,1.11589,34.53,2024-10-07,Bitwise Bitcoin ETF,Bitwise,BTC,0.2,18.6696,129.176,0.8611,1190900,3-4
1936,BITB,0.494151,-0.932753,33.91,2024-10-08,Bitwise Bitcoin ETF,Bitwise,BTC,0.2,19.7077,-101.297,0.8629,1644200,3-1
1937,BITB,0.494334,1.220363,33.23,2024-10-09,Bitwise Bitcoin ETF,Bitwise,BTC,0.2,19.7089,140.929,0.8616,1044800,3-4
1938,BITB,0.647781,-1.415364,32.5,2024-10-10,Bitwise Bitcoin ETF,Bitwise,BTC,0.2,20.7499,-155.59,0.8652,2029000,4-1
1939,BITB,0.866597,0.45043,34.41,2024-10-11,Bitwise Bitcoin ETF,Bitwise,BTC,0.2,22.2343,54.311,0.8998,3597300,4-3
1940,BITB,0.888256,-1.244476,35.95,2024-10-14,Bitwise Bitcoin ETF,Bitwise,BTC,0.2,22.3813,-136.365,0.8869,3548100,4-1
1941,BITB,0.885732,0.455212,36.52,2024-10-15,Bitwise Bitcoin ETF,Bitwise,BTC,0.2,22.3641,54.849,0.8878,2952900,4-3
1942,BITB,0.751533,0.594962,36.91,2024-10-16,Bitwise Bitcoin ETF,Bitwise,BTC,0.2,21.4537,70.571,0.8883,2230500,4-4
1943,BITB,0.280086,1.166437,36.39,2024-10-17,Bitwise Bitcoin ETF,Bitwise,BTC,0.2,18.2555,134.862,0.8907,2116400,3-4
1944,BITB,0.312936,0.11077,37.38,2024-10-18,Bitwise Bitcoin ETF,Bitwise,BTC,0.2,18.4784,16.1,0.896,1836500,3-3
1945,BITB,0.296511,0.77043,36.92,2024-10-21,Bitwise Bitcoin ETF,Bitwise,BTC,0.2,18.3669,90.311,0.8954,1474500,3-4
1946,BITB,0.310062,0.125337,36.74,2024-10-22,Bitwise Bitcoin ETF,Bitwise,BTC,0.2,18.4589,17.738,0.8958,1532400,3-3
1947,BITB,0.315818,-0.454403,36.16,2024-10-23,Bitwise Bitcoin ETF,Bitwise,BTC,0.2,18.4979,-47.482,0.8978,2281800,3-2
1948,BITB,0.320723,0.995289,37.19,2024-10-24,Bitwise Bitcoin ETF,Bitwise,BTC,0.2,18.5312,115.608,0.9014,1665200,3-4
1949,BITB,0.300242,-0.368554,36.37,2024-10-25,Bitwise Bitcoin ETF,Bitwise,BTC,0.2,18.3922,-37.824,0.9031,2973800,3-2
1950,BITB,0.298937,-0.510863,37.97,2024-10-28,Bitwise Bitcoin ETF,Bitwise,BTC,0.2,18.3834,-53.834,0.9026,2895500,3-2
1951,BITB,0.287029,0.292874,39.52,2024-10-29,Bitwise Bitcoin ETF,Bitwise,BTC,0.2,18.3026,36.586,0.9068,3333700,3-3
1952,BITB,0.001527,0.141264,39.13,2024-10-30,Bitwise Bitcoin ETF,Bitwise,BTC,0.2,16.3658,19.53,0.9082,2010300,3-3
1953,BITB,-0.074601,-0.307661,38.08,2024-10-31,Bitwise Bitcoin ETF,Bitwise,BTC,0.2,15.8494,-30.974,0.9085,3796300,2-2
1954,BITB,-0.083671,-0.249296,37.67,2024-11-01,Bitwise Bitcoin ETF,Bitwise,BTC,0.2,15.7878,-24.408,0.909,3164800,2-2
1955,BITB,-0.176465,-0.822099,36.6,2024-11-04,Bitwise Bitcoin ETF,Bitwise,BTC,0.2,15.1583,-88.848,0.914,3407700,2-1
1956,BITB,-0.263401,-0.17754,37.8,2024-11-05,Bitwise Bitcoin ETF,Bitwise,BTC,0.2,14.5686,-16.335,0.9201,2730900,2-2
1957,BITB,-0.175929,1.372711,41.54,2024-11-06,Bitwise Bitcoin ETF,Bitwise,BTC,0.2,15.162,158.068,0.9468,5515400,2-4
1958,BITB,-0.429132,1.430006,41.7,2024-11-07,Bitwise Bitcoin ETF,Bitwise,BTC,0.2,13.4443,164.514,0.9468,1937600,2-4
1959,BITB,-0.87576,1.114376,41.83,2024-11-08,Bitwise Bitcoin ETF,Bitwise,BTC,0.2,10.4144,129.005,0.9463,3180200,1-4
1960,BITB,-0.821435,0.84616,47.41,2024-11-11,Bitwise Bitcoin ETF,Bitwise,BTC,0.2,10.7829,98.831,0.9146,6305100,1-4
1961,BITB,0.092855,3.127872,48.83,2024-11-12,Bitwise Bitcoin ETF,Bitwise,BTC,0.2,16.9854,355.523,0.9061,4151000,3-4
1962,BITB,0.470899,-0.221368,48.88,2024-11-13,Bitwise Bitcoin ETF,Bitwise,BTC,0.2,19.55,-21.266,0.8969,4236600,3-2
1963,BITB,0.420235,0.476174,47.67,2024-11-14,Bitwise Bitcoin ETF,Bitwise,BTC,0.2,19.2063,57.208,0.8917,2567500,3-3
1964,BITB,0.358838,1.477175,49.85,2024-11-15,Bitwise Bitcoin ETF,Bitwise,BTC,0.2,18.7898,169.82,0.8947,1993400,3-4
1965,BITB,0.373081,2.911543,49.92,2024-11-18,Bitwise Bitcoin ETF,Bitwise,BTC,0.2,18.8864,331.186,0.8932,2368200,3-4
1966,BITB,0.386949,-0.985826,50.47,2024-11-19,Bitwise Bitcoin ETF,Bitwise,BTC,0.2,18.9805,-107.267,0.8956,2496100,3-1
1967,BITB,0.377712,1.185533,51.43,2024-11-20,Bitwise Bitcoin ETF,Bitwise,BTC,0.2,18.9178,137.01,0.9261,1842000,3-4
1968,BITB,0.371793,0.456689,53.51,2024-11-21,Bitwise Bitcoin ETF,Bitwise,BTC,0.2,18.8776,55.015,0.9137,2942900,3-3
1969,BITB,0.378642,0.45538,54.1,2024-11-22,Bitwise Bitcoin ETF,Bitwise,BTC,0.2,18.9241,54.868,0.9133,2704500,3-3
1970,BITB,0.410333,0.762899,51.7,2024-11-25,Bitwise Bitcoin ETF,Bitwise,BTC,0.2,19.1391,89.464,0.9021,5702300,3-4
1971,BITB,0.917384,-1.467434,49.53,2024-11-26,Bitwise Bitcoin ETF,Bitwise,BTC,0.2,22.5789,-161.448,0.92,3042200,4-1
1972,BITB,1.090859,0.594197,52.68,2024-11-27,Bitwise Bitcoin ETF,Bitwise,BTC,0.2,23.7557,70.485,0.9313,2570200,4-4
1973,BITB,1.140163,-0.27587,52.93,2024-11-29,Bitwise Bitcoin ETF,Bitwise,BTC,0.2,24.0902,-27.397,0.9259,1560300,4-2
1974,BITB,1.137848,-0.816814,52.15,2024-12-02,Bitwise Bitcoin ETF,Bitwise,BTC,0.2,24.0745,-88.254,0.9185,1953000,4-1
1975,BITB,1.115652,-1.855872,52.13,2024-12-03,Bitwise Bitcoin ETF,Bitwise,BTC,0.2,23.9239,-205.147,0.9075,1202000,4-1
1976,BITB,1.094631,1.721432,53.95,2024-12-04,Bitwise Bitcoin ETF,Bitwise,BTC,0.2,23.7813,197.299,0.9099,1770100,4-4
1977,BITB,1.188851,1.542848,53.96,2024-12-05,Bitwise Bitcoin ETF,Bitwise,BTC,0.2,24.4205,177.208,0.9,2227800,4-4
1978,BITB,1.20785,1.924624,55.33,2024-12-06,Bitwise Bitcoin ETF,Bitwise,BTC,0.2,24.5493,220.158,0.8975,1892700,4-4
1979,BITB,1.583758,-0.873534,52.4,2024-12-09,Bitwise Bitcoin ETF,Bitwise,BTC,0.2,27.0994,-94.635,0.9221,1640600,4-1
1980,BITB,1.571444,0.085907,52.5,2024-12-10,Bitwise Bitcoin ETF,Bitwise,BTC,0.2,27.0159,13.302,0.9239,1416500,4-3
1981,BITB,1.074477,0.070512,55.22,2024-12-11,Bitwise Bitcoin ETF,Bitwise,BTC,0.2,23.6446,11.571,0.9284,2147600,4-3
1982,BITB,0.794055,-1.945565,54.51,2024-12-12,Bitwise Bitcoin ETF,Bitwise,BTC,0.2,21.7422,-215.238,0.9336,1281700,4-1
1983,BITB,0.77031,-1.191705,55.4,2024-12-13,Bitwise Bitcoin ETF,Bitwise,BTC,0.2,21.5811,-130.429,0.9274,1749100,4-1
1984,BITB,0.754721,1.491013,57.65,2024-12-16,Bitwise Bitcoin ETF,Bitwise,BTC,0.2,21.4754,171.377,0.9257,2285900,4-4
1985,BITB,0.76055,1.347091,58.14,2024-12-17,Bitwise Bitcoin ETF,Bitwise,BTC,0.2,21.5149,155.186,0.9254,2020600,4-4
1986,BITB,0.748548,0.214652,54.78,2024-12-18,Bitwise Bitcoin ETF,Bitwise,BTC,0.2,21.4335,27.786,0.9308,2467000,4-3
1987,BITB,0.922901,-1.339328,52.41,2024-12-19,Bitwise Bitcoin ETF,Bitwise,BTC,0.2,22.6163,-147.036,0.9406,2744400,4-1
1988,BITB,0.92265,-1.678148,52.51,2024-12-20,Bitwise Bitcoin ETF,Bitwise,BTC,0.2,22.6146,-185.154,0.9428,1727800,4-1
1989,BITB,0.910861,-2.131532,50.64,2024-12-23,Bitwise Bitcoin ETF,Bitwise,BTC,0.2,22.5346,-236.159,0.946,1747500,4-1
1990,BITB,1.081069,-0.84992,53.85,2024-12-24,Bitwise Bitcoin ETF,Bitwise,BTC,0.2,23.6893,-91.978,0.9581,1304400,4-1
1991,BITB,0.654572,-1.010076,52.0,2024-12-26,Bitwise Bitcoin ETF,Bitwise,BTC,0.2,20.796,-109.995,0.9691,1534700,4-1
1992,BITB,0.430691,1.235793,51.42,2024-12-27,Bitwise Bitcoin ETF,Bitwise,BTC,0.2,19.2772,142.665,0.9637,2289400,3-4
1993,BITB,0.472325,2.528211,51.33,2024-12-30,Bitwise Bitcoin ETF,Bitwise,BTC,0.2,19.5596,288.062,0.9599,2049500,3-4
1994,BITB,0.630204,1.513088,50.85,2024-12-31,Bitwise Bitcoin ETF,Bitwise,BTC,0.2,20.6307,173.86,0.9592,1288700,4-4
1995,BITB,0.646297,0.136575,53.0,2025-01-02,Bitwise Bitcoin ETF,Bitwise,BTC,0.2,20.7398,19.003,0.9627,2102900,4-3
1996,BITB,0.61531,0.573949,53.57,2025-01-03,Bitwise Bitcoin ETF,Bitwise,BTC,0.2,20.5296,68.207,0.9604,1744400,4-4
1997,BITB,0.403208,0.109275,55.66,2025-01-06,Bitwise Bitcoin ETF,Bitwise,BTC,0.2,19.0908,15.931,0.9621,2146400,3-3
1998,BITB,0.428233,-1.950768,52.45,2025-01-07,Bitwise Bitcoin ETF,Bitwise,BTC,0.2,19.2605,-215.823,0.967,3949000,3-1
1999,BITB,-0.067389,-1.023628,51.11,2025-01-08,Bitwise Bitcoin ETF,Bitwise,BTC,0.2,15.8983,-111.52,0.9608,1463400,2-1
2000,BITB,-0.018133,-0.454518,51.59,2025-01-10,Bitwise Bitcoin ETF,Bitwise,BTC,0.2,16.2324,-47.495,0.9661,1442400,3-2
2001,BITB,-0.005599,-1.22596,50.98,2025-01-13,Bitwise Bitcoin ETF,Bitwise,BTC,0.2,16.3175,-134.282,0.9671,1494700,3-1
2002,BITB,0.048237,-0.408869,52.52,2025-01-14,Bitwise Bitcoin ETF,Bitwise,BTC,0.2,16.6827,-42.36,0.969,853800,3-2
2003,BITB,0.066192,-0.205594,54.22,2025-01-15,Bitwise Bitcoin ETF,Bitwise,BTC,0.2,16.8045,-19.491,0.964,1244400,3-2
2004,BITB,0.208142,1.8105,54.68,2025-01-16,Bitwise Bitcoin ETF,Bitwise,BTC,0.2,17.7675,207.319,0.9596,861100,3-4
2005,BITB,0.177426,0.557668,57.08,2025-01-17,Bitwise Bitcoin ETF,Bitwise,BTC,0.2,17.5591,66.376,0.9595,1806000,3-4
2006,BITB,0.170256,1.229015,57.82,2025-01-21,Bitwise Bitcoin ETF,Bitwise,BTC,0.2,17.5104,141.902,0.9586,2006700,3-4
2007,BITB,-0.059286,0.871139,56.82,2025-01-22,Bitwise Bitcoin ETF,Bitwise,BTC,0.2,15.9533,101.641,0.9556,789800,2-4
2008,BITB,0.057347,0.314402,56.23,2025-01-23,Bitwise Bitcoin ETF,Bitwise,BTC,0.2,16.7445,39.008,0.9556,4513500,3-3
2009,BITB,0.053353,-0.438768,57.08,2025-01-24,Bitwise Bitcoin ETF,Bitwise,BTC,0.2,16.7174,-45.723,0.9553,1582500,3-2
2010,BITB,-0.178349,-1.127459,55.15,2025-01-27,Bitwise Bitcoin ETF,Bitwise,BTC,0.2,15.1456,-123.201,0.9613,1694300,2-1
2011,BITB,-0.180786,-0.405388,55.07,2025-01-28,Bitwise Bitcoin ETF,Bitwise,BTC,0.2,15.129,-41.968,0.9594,925200,2-2
2012,BITB,-0.155029,-0.130027,56.78,2025-01-29,Bitwise Bitcoin ETF,Bitwise,BTC,0.2,15.3038,-10.99,0.9605,808600,2-2
2013,BITB,-0.270068,0.62498,57.05,2025-01-30,Bitwise Bitcoin ETF,Bitwise,BTC,0.2,14.5233,73.948,0.9608,2094600,2-4
2014,BITB,-0.406719,-0.913423,55.26,2025-01-31,Bitwise Bitcoin ETF,Bitwise,BTC,0.2,13.5963,-99.122,0.9649,1344000,2-1
2015,BITB,-0.402165,0.499881,55.12,2025-02-03,Bitwise Bitcoin ETF,Bitwise,BTC,0.2,13.6272,59.874,0.9609,2397400,2-3
2016,BITB,-0.348647,0.780757,53.76,2025-02-04,Bitwise Bitcoin ETF,Bitwise,BTC,0.2,13.9903,91.473,0.9534,1632500,2-4
2017,BITB,-0.342869,-0.199585,52.97,2025-02-05,Bitwise Bitcoin ETF,Bitwise,BTC,0.2,14.0295,-18.815,0.9397,1074800,2-2
2018,BITB,-0.400183,-0.042061,52.8,2025-02-06,Bitwise Bitcoin ETF,Bitwise,BTC,0.2,13.6407,-1.094,0.9399,1134700,2-2
2019,BITB,-0.341871,-0.149658,52.17,2025-02-07,Bitwise Bitcoin ETF,Bitwise,BTC,0.2,14.0362,-13.199,0.941,2283000,2-2
2020,BITB,-0.42958,-0.19785,52.99,2025-02-10,Bitwise Bitcoin ETF,Bitwise,BTC,0.2,13.4412,-18.62,0.9874,797900,2-2
2021,BITB,-0.49295,-1.330023,51.87,2025-02-11,Bitwise Bitcoin ETF,Bitwise,BTC,0.2,13.0113,-145.99,0.9977,865700,2-1
2022,BITB,-0.547314,-1.471042,52.82,2025-02-12,Bitwise Bitcoin ETF,Bitwise,BTC,0.2,12.6425,-161.854,1.0141,973800,2-1
2023,BITB,-0.557624,-0.698841,52.42,2025-02-13,Bitwise Bitcoin ETF,Bitwise,BTC,0.2,12.5726,-74.982,1.0242,861600,2-1
2024,BITB,-0.75954,0.461077,53.0,2025-02-14,Bitwise Bitcoin ETF,Bitwise,BTC,0.2,11.2028,55.509,1.0235,976200,1-3
2025,BITB,-0.64351,-1.217372,51.25,2025-02-18,Bitwise Bitcoin ETF,Bitwise,BTC,0.2,11.99,-133.316,1.0312,1472800,2-1
2026,BITB,-0.563169,-0.034955,52.35,2025-02-19,Bitwise Bitcoin ETF,Bitwise,BTC,0.2,12.535,-0.294,1.0379,929900,2-2
2027,BITB,-0.552392,0.909194,53.65,2025-02-20,Bitwise Bitcoin ETF,Bitwise,BTC,0.2,12.6081,105.922,1.0422,1051200,2-4
2028,BITB,-0.529412,-0.874702,51.63,2025-02-21,Bitwise Bitcoin ETF,Bitwise,BTC,0.2,12.764,-94.766,1.0565,2176300,2-1
2029,BITB,0.450223,2.628559,51.15,2025-02-24,Bitwise Bitcoin ETF,Bitwise,BTC,0.2,19.4097,299.351,1.0042,1980400,3-4
2030,BITB,0.954935,0.738591,47.92,2025-02-25,Bitwise Bitcoin ETF,Bitwise,BTC,0.2,22.8336,86.729,1.0556,4994300,4-4
2031,BITB,0.977338,0.723375,45.89,2025-02-26,Bitwise Bitcoin ETF,Bitwise,BTC,0.2,22.9856,85.018,1.0352,2746500,4-4
2032,BITB,1.044965,-1.255994,45.36,2025-02-27,Bitwise Bitcoin ETF,Bitwise,BTC,0.2,23.4443,-137.661,1.0127,2680000,4-1
2033,BITB,1.131513,1.312131,45.84,2025-02-28,Bitwise Bitcoin ETF,Bitwise,BTC,0.2,24.0315,151.253,1.0169,2496100,4-4
2034,BITB,1.087835,-2.313395,46.79,2025-03-03,Bitwise Bitcoin ETF,Bitwise,BTC,0.2,23.7352,-256.619,1.0178,2114800,4-1
2035,BITB,1.074941,0.373127,47.26,2025-03-04,Bitwise Bitcoin ETF,Bitwise,BTC,0.2,23.6477,45.615,1.0166,2149700,4-3
2036,BITB,1.04361,-0.231752,49.25,2025-03-05,Bitwise Bitcoin ETF,Bitwise,BTC,0.2,23.4352,-22.434,1.0149,1024700,4-2
2037,BITB,1.067487,0.432157,48.47,2025-03-06,Bitwise Bitcoin ETF,Bitwise,BTC,0.2,23.5971,52.256,1.0283,1322600,4-3
2038,BITB,1.142778,0.3448,47.33,2025-03-07,Bitwise Bitcoin ETF,Bitwise,BTC,0.2,24.1079,42.428,1.0244,2024200,4-3
2039,BITB,1.088456,0.610129,42.99,2025-03-10,Bitwise Bitcoin ETF,Bitwise,BTC,0.2,23.7394,72.277,1.0002,2269500,4-4
2040,BITB,1.080821,0.645994,45.21,2025-03-11,Bitwise Bitcoin ETF,Bitwise,BTC,0.2,23.6876,76.312,0.9972,1104800,4-4
2041,BITB,1.136706,-0.654024,45.12,2025-03-12,Bitwise Bitcoin ETF,Bitwise,BTC,0.2,24.0667,-69.94,0.9888,812600,4-1
2042,BITB,1.131197,-0.094991,43.61,2025-03-13,Bitwise Bitcoin ETF,Bitwise,BTC,0.2,24.0293,-7.049,0.9897,978200,4-2
2043,BITB,1.269559,0.460005,46.08,2025-03-14,Bitwise Bitcoin ETF,Bitwise,BTC,0.2,24.968,55.388,1.0041,1447700,4-3
2044,BITB,1.275048,-0.119075,45.99,2025-03-17,Bitwise Bitcoin ETF,Bitwise,BTC,0.2,25.0052,-9.758,1.0082,939800,4-2
2045,BITB,1.249649,-0.706673,44.8,2025-03-18,Bitwise Bitcoin ETF,Bitwise,BTC,0.2,24.8329,-75.863,1.0098,1162100,4-1
2046,BITB,1.260245,-0.548081,46.55,2025-03-19,Bitwise Bitcoin ETF,Bitwise,BTC,0.2,24.9048,-58.021,0.999,1052100,4-2
2047,BITB,1.330497,0.958411,45.81,2025-03-20,Bitwise Bitcoin ETF,Bitwise,BTC,0.2,25.3814,111.459,0.9812,566500,4-4
2048,BITB,1.246457,-0.923138,45.68,2025-03-21,Bitwise Bitcoin ETF,Bitwise,BTC,0.2,24.8112,-100.215,0.9812,399100,4-1
2049,BITB,0.561122,0.306756,48.04,2025-03-24,Bitwise Bitcoin ETF,Bitwise,BTC,0.2,20.162,38.148,0.987,674100,4-3
2050,BITB,-0.058947,1.128986,48.0,2025-03-25,Bitwise Bitcoin ETF,Bitwise,BTC,0.2,15.9556,130.649,0.9688,591600,2-4
2051,BITB,-0.00221,0.916272,47.09,2025-03-26,Bitwise Bitcoin ETF,Bitwise,BTC,0.2,16.3405,106.718,0.9664,973400,3-4
2052,BITB,-0.158633,-0.127651,47.38,2025-03-27,Bitwise Bitcoin ETF,Bitwise,BTC,0.2,15.2793,-10.723,0.9685,511500,2-2
2053,BITB,-0.262826,-0.585894,45.58,2025-03-28,Bitwise Bitcoin ETF,Bitwise,BTC,0.2,14.5725,-62.275,0.9772,533900,2-1
2054,BITB,-0.240002,-1.023461,44.88,2025-03-31,Bitwise Bitcoin ETF,Bitwise,BTC,0.2,14.7273,-111.501,0.9785,944900,2-1
2055,BITB,-0.248677,-0.969721,46.27,2025-04-01,Bitwise Bitcoin ETF,Bitwise,BTC,0.2,14.6685,-105.456,0.9738,1575100,2-1
2056,BITB,1.094946,4.862921,47.33,2025-04-02,Bitwise Bitcoin ETF,Bitwise,BTC,0.2,23.7834,550.716,0.9419,1361200,4-4
2057,BITB,2.613585,-1.324024,44.59,2025-04-03,Bitwise Bitcoin ETF,Bitwise,BTC,0.2,34.0857,-145.315,0.926,1073700,4-1
2058,BITB,2.636783,0.699964,45.69,2025-04-04,Bitwise Bitcoin ETF,Bitwise,BTC,0.2,34.243,82.384,0.9182,1617600,4-4
2059,BITB,2.746711,-1.659114,42.43,2025-04-07,Bitwise Bitcoin ETF,Bitwise,BTC,0.2,34.9888,-183.012,0.9404,3135000,4-1
2060,BITB,2.854846,0.036493,41.75,2025-04-08,Bitwise Bitcoin ETF,Bitwise,BTC,0.2,35.7223,7.743,0.9262,1527200,4-3
2061,BITB,2.816864,-4.949273,44.77,2025-04-09,Bitwise Bitcoin ETF,Bitwise,BTC,0.2,35.4647,-553.155,0.9211,2680300,4-1
2062,BITB,2.815283,0.958839,43.3,2025-04-10,Bitwise Bitcoin ETF,Bitwise,BTC,0.2,35.4539,111.507,0.9165,1586000,4-4
2063,BITB,2.733571,0.384432,45.65,2025-04-11,Bitwise Bitcoin ETF,Bitwise,BTC,0.2,34.8996,46.887,0.9295,1381600,4-3
2064,BITB,2.730805,2.220961,46.22,2025-04-14,Bitwise Bitcoin ETF,Bitwise,BTC,0.2,34.8809,253.496,0.9307,704100,4-4
2065,BITB,2.70302,0.449841,45.74,2025-04-15,Bitwise Bitcoin ETF,Bitwise,BTC,0.2,34.6924,54.245,0.9305,625300,4-3
2066,BITB,2.668289,0.730857,45.92,2025-04-16,Bitwise Bitcoin ETF,Bitwise,BTC,0.2,34.4568,85.859,0.9312,1189000,4-4
2067,BITB,2.613063,0.48953,46.23,2025-04-17,Bitwise Bitcoin ETF,Bitwise,BTC,0.2,34.0821,58.71,0.9324,793300,4-3
2068,BITB,2.612414,-0.364506,47.57,2025-04-21,Bitwise Bitcoin ETF,Bitwise,BTC,0.2,34.0777,-37.369,0.9341,1606400,4-2
2069,BITB,2.630791,-1.603469,49.8,2025-04-22,Bitwise Bitcoin ETF,Bitwise,BTC,0.2,34.2024,-176.752,0.9155,2441800,4-1
2070,BITB,2.740951,0.167108,50.89,2025-04-23,Bitwise Bitcoin ETF,Bitwise,BTC,0.2,34.9497,22.438,0.9127,1286000,4-3
2071,BITB,2.693844,0.088637,50.96,2025-04-24,Bitwise Bitcoin ETF,Bitwise,BTC,0.2,34.6301,13.61,0.9132,1138400,4-3
2072,BITB,2.72425,1.345501,51.93,2025-04-25,Bitwise Bitcoin ETF,Bitwise,BTC,0.2,34.8364,155.007,0.9111,1499300,4-4
2073,BITB,2.736349,0.527823,51.59,2025-04-28,Bitwise Bitcoin ETF,Bitwise,BTC,0.2,34.9185,63.018,0.9113,889000,4-3
2074,BITB,2.765782,2.873238,51.88,2025-04-29,Bitwise Bitcoin ETF,Bitwise,BTC,0.2,35.1181,326.877,0.9059,544500,4-4
2075,BITB,2.81011,0.117229,51.23,2025-04-30,Bitwise Bitcoin ETF,Bitwise,BTC,0.2,35.4188,16.826,0.9067,921000,4-3
2076,BITB,1.957125,0.590421,52.59,2025-05-01,Bitwise Bitcoin ETF,Bitwise,BTC,0.2,29.6323,70.06,0.9132,1066000,4-4
2077,BITB,0.122195,-0.398136,52.81,2025-05-02,Bitwise Bitcoin ETF,Bitwise,BTC,0.2,17.1844,-41.152,0.9125,895200,3-2
2078,BITB,0.031244,-0.318586,51.31,2025-05-05,Bitwise Bitcoin ETF,Bitwise,BTC,0.2,16.5674,-32.203,0.9157,1319500,3-2
2079,BITB,-0.145994,-2.505766,51.68,2025-05-06,Bitwise Bitcoin ETF,Bitwise,BTC,0.2,15.365,-278.26,0.911,762000,2-1
2080,BITB,-0.298967,-0.447287,52.38,2025-05-07,Bitwise Bitcoin ETF,Bitwise,BTC,0.2,14.3273,-46.682,0.9103,859600,2-2
2081,BITB,-0.291969,-1.234037,55.15,2025-05-08,Bitwise Bitcoin ETF,Bitwise,BTC,0.2,14.3748,-135.191,0.9039,1117400,2-1
2082,BITB,-0.031458,0.600833,56.18,2025-05-09,Bitwise Bitcoin ETF,Bitwise,BTC,0.2,16.142,71.232,0.9033,689800,3-4
2083,BITB,0.016167,0.254481,55.43,2025-05-12,Bitwise Bitcoin ETF,Bitwise,BTC,0.2,16.4651,32.267,0.9047,1222100,3-3
2084,BITB,0.175956,2.886724,57.07,2025-05-13,Bitwise Bitcoin ETF,Bitwise,BTC,0.2,17.5491,328.394,0.9078,936100,3-4
2085,BITB,0.235089,1.020511,56.21,2025-05-14,Bitwise Bitcoin ETF,Bitwise,BTC,0.2,17.9503,118.445,0.9035,920100,3-4
2086,BITB,0.242287,1.138301,56.13,2025-05-15,Bitwise Bitcoin ETF,Bitwise,BTC,0.2,17.9991,131.697,0.9016,933300,3-4
2087,BITB,0.29493,0.283602,56.64,2025-05-16,Bitwise Bitcoin ETF,Bitwise,BTC,0.2,18.3562,35.543,0.8986,835200,3-3
2088,BITB,0.306911,1.01522,57.45,2025-05-19,Bitwise Bitcoin ETF,Bitwise,BTC,0.2,18.4375,117.85,0.8899,918000,3-4
2089,BITB,0.18189,-0.113256,58.31,2025-05-20,Bitwise Bitcoin ETF,Bitwise,BTC,0.2,17.5894,-9.103,0.923,1283400,3-2
2090,BITB,0.060792,-0.091074,59.16,2025-05-21,Bitwise Bitcoin ETF,Bitwise,BTC,0.2,16.7678,-6.608,0.8968,3301800,3-2
2091,BITB,0.078445,0.757225,60.51,2025-05-22,Bitwise Bitcoin ETF,Bitwise,BTC,0.2,16.8876,88.826,0.9002,1829300,3-4
2092,BITB,0.110664,0.978174,59.2,2025-05-23,Bitwise Bitcoin ETF,Bitwise,BTC,0.2,17.1062,113.682,0.8894,1626000,3-4
2093,BITB,0.058131,1.11307,59.9,2025-05-27,Bitwise Bitcoin ETF,Bitwise,BTC,0.2,16.7498,128.858,0.8907,1717300,3-4
2094,BITB,0.185863,-0.945737,58.22,2025-05-28,Bitwise Bitcoin ETF,Bitwise,BTC,0.2,17.6163,-102.757,0.8952,1276600,3-1
2095,BITB,0.117565,0.319074,57.45,2025-05-29,Bitwise Bitcoin ETF,Bitwise,BTC,0.2,17.153,39.534,0.8937,2467100,3-3
2096,BITB,0.11991,0.185071,56.93,2025-05-30,Bitwise Bitcoin ETF,Bitwise,BTC,0.2,17.1689,24.458,0.8879,1154100,3-3
2097,BITB,0.28236,-2.551705,56.86,2025-06-02,Bitwise Bitcoin ETF,Bitwise,BTC,0.2,18.2709,-283.429,0.8813,898500,3-1
2098,BITB,0.453881,-0.52463,57.82,2025-06-03,Bitwise Bitcoin ETF,Bitwise,BTC,0.2,19.4345,-55.383,0.8844,1388200,3-2
2099,BITB,0.386703,0.589867,57.14,2025-06-04,Bitwise Bitcoin ETF,Bitwise,BTC,0.2,18.9788,69.998,0.8651,701300,3-4
2100,BITB,0.34427,-0.167943,55.44,2025-06-05,Bitwise Bitcoin ETF,Bitwise,BTC,0.2,18.6909,-15.256,0.8647,2114200,3-2
2101,BITB,0.329855,-0.609474,56.76,2025-06-06,Bitwise Bitcoin ETF,Bitwise,BTC,0.2,18.5931,-64.928,0.8661,957600,3-1
2102,BITB,0.116714,0.389656,59.14,2025-06-09,Bitwise Bitcoin ETF,Bitwise,BTC,0.2,17.1472,47.474,0.8521,1562700,3-3
2103,BITB,0.068624,-0.719195,59.6,2025-06-10,Bitwise Bitcoin ETF,Bitwise,BTC,0.2,16.821,-77.271,0.8339,1303300,3-1
2104,BITB,-0.088921,0.296649,59.21,2025-06-11,Bitwise Bitcoin ETF,Bitwise,BTC,0.2,15.7522,37.011,0.8315,735100,2-3
2105,BITB,-0.148628,0.844984,58.11,2025-06-12,Bitwise Bitcoin ETF,Bitwise,BTC,0.2,15.3472,98.699,0.824,1331100,2-4
2106,BITB,0.020317,-0.626805,57.22,2025-06-13,Bitwise Bitcoin ETF,Bitwise,BTC,0.2,16.4933,-66.878,0.8278,1333300,3-1
2107,BITB,0.37122,2.359045,59.16,2025-06-16,Bitwise Bitcoin ETF,Bitwise,BTC,0.2,18.8738,269.03,0.8377,1090500,3-4
2108,BITB,0.56717,-0.122365,56.98,2025-06-17,Bitwise Bitcoin ETF,Bitwise,BTC,0.2,20.2031,-10.128,0.8499,1213900,4-2
2109,BITB,0.602411,-1.519852,56.52,2025-06-18,Bitwise Bitcoin ETF,Bitwise,BTC,0.2,20.4421,-167.345,0.8354,1208900,4-1
2110,BITB,0.591241,-1.089893,56.22,2025-06-20,Bitwise Bitcoin ETF,Bitwise,BTC,0.2,20.3663,-118.975,0.8322,1328200,4-1
2111,BITB,0.713973,-1.220515,56.2,2025-06-23,Bitwise Bitcoin ETF,Bitwise,BTC,0.2,21.1989,-133.67,0.8202,1307800,4-1
2112,BITB,0.798581,-1.995816,57.49,2025-06-24,Bitwise Bitcoin ETF,Bitwise,BTC,0.2,21.7729,-220.891,0.8207,1029400,4-1
2113,BITB,0.849037,0.673943,58.66,2025-06-25,Bitwise Bitcoin ETF,Bitwise,BTC,0.2,22.1152,79.456,0.8111,1163000,4-4
2114,BITB,0.68959,1.667568,58.53,2025-06-26,Bitwise Bitcoin ETF,Bitwise,BTC,0.2,21.0335,191.239,0.8119,1030000,4-4
2115,BITB,0.710128,0.341678,58.14,2025-06-27,Bitwise Bitcoin ETF,Bitwise,BTC,0.2,21.1729,42.077,0.8095,1199900,4-3
2116,BITB,0.723962,2.608624,58.59,2025-06-30,Bitwise Bitcoin ETF,Bitwise,BTC,0.2,21.2667,297.108,0.8566,1296500,4-4
2117,BITB,0.634903,0.00746,57.32,2025-07-01,Bitwise Bitcoin ETF,Bitwise,BTC,0.2,20.6625,4.477,0.8676,1517100,4-3
2118,BITB,0.550957,0.487205,59.74,2025-07-02,Bitwise Bitcoin ETF,Bitwise,BTC,0.2,20.0931,58.448,0.8759,2362100,3-3
2119,BITB,0.585532,-0.505292,59.48,2025-07-03,Bitwise Bitcoin ETF,Bitwise,BTC,0.2,20.3276,-53.207,0.8287,1113100,4-2
2120,BITB,0.579387,0.057685,58.78,2025-07-07,Bitwise Bitcoin ETF,Bitwise,BTC,0.2,20.2859,10.128,0.85,1188400,4-3
2121,BITB,0.580433,-0.441442,59.18,2025-07-08,Bitwise Bitcoin ETF,Bitwise,BTC,0.2,20.293,-46.024,0.8454,1182600,4-2
2122,BITB,0.600327,1.331727,60.86,2025-07-09,Bitwise Bitcoin ETF,Bitwise,BTC,0.2,20.428,153.457,0.8455,1627500,4-4
2123,BITB,0.734293,-1.66693,61.74,2025-07-10,Bitwise Bitcoin ETF,Bitwise,BTC,0.2,21.3368,-183.892,0.7936,1775000,4-1
2124,BITB,1.110532,1.943014,64.31,2025-07-11,Bitwise Bitcoin ETF,Bitwise,BTC,0.2,23.8891,222.227,0.8025,1982800,4-4
2125,BITB,1.111302,1.954457,65.25,2025-07-14,Bitwise Bitcoin ETF,Bitwise,BTC,0.2,23.8944,223.514,0.799,1702100,4-4
2126,BITB,1.090532,0.451454,63.36,2025-07-15,Bitwise Bitcoin ETF,Bitwise,BTC,0.2,23.7535,54.427,0.8143,2719200,4-3
2127,BITB,0.901429,1.156847,64.92,2025-07-16,Bitwise Bitcoin ETF,Bitwise,BTC,0.2,22.4706,133.783,0.8164,1819600,4-4
2128,BITB,0.733765,2.219439,64.76,2025-07-17,Bitwise Bitcoin ETF,Bitwise,BTC,0.2,21.3332,253.325,0.8139,844500,4-4
2129,BITB,0.688291,-0.888651,63.87,2025-07-18,Bitwise Bitcoin ETF,Bitwise,BTC,0.2,21.0247,-96.335,0.8429,1752900,4-1
2130,BITB,0.673324,-0.897402,63.53,2025-07-21,Bitwise Bitcoin ETF,Bitwise,BTC,0.2,20.9232,-97.32,0.8446,1835000,4-1
2131,BITB,0.490242,0.755708,64.92,2025-07-22,Bitwise Bitcoin ETF,Bitwise,BTC,0.2,19.6812,88.655,0.847,1754400,3-4
2132,BITB,0.333216,-0.710089,64.43,2025-07-23,Bitwise Bitcoin ETF,Bitwise,BTC,0.2,18.6159,-76.247,0.8442,1221700,3-1
2133,BITB,0.316244,0.570013,64.78,2025-07-24,Bitwise Bitcoin ETF,Bitwise,BTC,0.2,18.5008,67.764,0.8413,1465200,3-4
2134,BITB,0.420449,-0.217668,63.57,2025-07-25,Bitwise Bitcoin ETF,Bitwise,BTC,0.2,19.2077,-20.85,0.8535,1436000,3-2
2135,BITB,0.413441,0.616306,64.22,2025-07-28,Bitwise Bitcoin ETF,Bitwise,BTC,0.2,19.1602,72.972,0.8505,1426300,3-4
2136,BITB,0.407059,-0.115314,63.91,2025-07-29,Bitwise Bitcoin ETF,Bitwise,BTC,0.2,19.1169,-9.335,0.8462,1502300,3-2
2137,BITB,0.362354,-0.65163,63.56,2025-07-30,Bitwise Bitcoin ETF,Bitwise,BTC,0.2,18.8136,-69.67,0.8472,2176400,3-1
2138,BITB,0.332372,-0.179805,63.49,2025-07-31,Bitwise Bitcoin ETF,Bitwise,BTC,0.2,18.6102,-16.59,0.8211,1699000,3-2
2139,BITB,0.375215,-0.186057,61.51,2025-08-01,Bitwise Bitcoin ETF,Bitwise,BTC,0.2,18.9009,-17.293,0.8481,3277200,3-2
2140,BITB,0.374154,-0.757216,62.42,2025-08-04,Bitwise Bitcoin ETF,Bitwise,BTC,0.2,18.8937,-81.549,0.8489,997000,3-1
2141,BITB,0.37718,-0.526319,61.85,2025-08-05,Bitwise Bitcoin ETF,Bitwise,BTC,0.2,18.9142,-55.573,0.8559,1060300,3-2
2142,BITB,0.356262,0.5516,62.72,2025-08-06,Bitwise Bitcoin ETF,Bitwise,BTC,0.2,18.7723,65.693,0.8633,1358600,3-4
2143,BITB,0.162766,-0.505235,63.98,2025-08-07,Bitwise Bitcoin ETF,Bitwise,BTC,0.2,17.4596,-53.201,0.8621,1933500,3-2
2144,BITB,-0.384695,0.364327,63.36,2025-08-08,Bitwise Bitcoin ETF,Bitwise,BTC,0.2,13.7457,44.625,0.8534,1303800,2-3
2145,BITB,-0.348083,0.840996,64.76,2025-08-11,Bitwise Bitcoin ETF,Bitwise,BTC,0.2,13.9941,98.25,0.8545,1391000,2-4
2146,BITB,-0.498874,0.577194,65.09,2025-08-12,Bitwise Bitcoin ETF,Bitwise,BTC,0.2,12.9712,68.572,0.8515,1184200,2-4
2147,BITB,-0.730126,0.336555,66.87,2025-08-13,Bitwise Bitcoin ETF,Bitwise,BTC,0.2,11.4024,41.5,0.8599,1956500,1-3
2148,BITB,-0.743318,-0.231592,64.19,2025-08-14,Bitwise Bitcoin ETF,Bitwise,BTC,0.2,11.3129,-22.416,0.875,2391000,1-2
2149,BITB,-0.75991,-0.035305,63.63,2025-08-15,Bitwise Bitcoin ETF,Bitwise,BTC,0.2,11.2003,-0.334,0.8735,1080700,1-2
2150,BITB,-0.755323,-0.40778,63.26,2025-08-18,Bitwise Bitcoin ETF,Bitwise,BTC,0.2,11.2314,-42.237,0.8836,985600,1-2
2151,BITB,-0.760816,-0.128785,61.49,2025-08-19,Bitwise Bitcoin ETF,Bitwise,BTC,0.2,11.1942,-10.85,0.8813,1733900,1-2
2152,BITB,-0.761699,-0.61484,62.15,2025-08-20,Bitwise Bitcoin ETF,Bitwise,BTC,0.2,11.1882,-65.531,0.9095,1176400,1-1
2153,BITB,-0.816143,-0.545062,60.98,2025-08-21,Bitwise Bitcoin ETF,Bitwise,BTC,0.2,10.8188,-57.681,0.915,1167500,1-2
2154,BITB,-0.960305,0.005849,63.47,2025-08-22,Bitwise Bitcoin ETF,Bitwise,BTC,0.2,9.8409,4.296,0.9125,2680000,1-3
2155,BITB,-1.020386,-0.027983,60.27,2025-08-25,Bitwise Bitcoin ETF,Bitwise,BTC,0.2,9.4333,0.49,0.9109,1389500,1-2
2156,BITB,-0.930917,-0.801193,60.45,2025-08-26,Bitwise Bitcoin ETF,Bitwise,BTC,0.2,10.0402,-86.496,0.9081,1477000,1-1
2157,BITB,-0.788415,0.463528,60.97,2025-08-27,Bitwise Bitcoin ETF,Bitwise,BTC,0.2,11.0069,55.785,0.9174,986800,1-3
2158,BITB,-0.829344,-0.243768,60.9,2025-08-28,Bitwise Bitcoin ETF,Bitwise,BTC,0.2,10.7293,-23.786,0.9163,1013400,1-2
2159,BITB,-0.996232,-0.622445,58.87,2025-08-29,Bitwise Bitcoin ETF,Bitwise,BTC,0.2,9.5971,-66.387,0.9139,1846800,1-1
2160,BITB,-0.999397,-0.823988,60.26,2025-09-02,Bitwise Bitcoin ETF,Bitwise,BTC,0.2,9.5757,-89.061,0.9111,1701000,1-1
2161,BITB,-0.930644,0.908601,61.05,2025-09-03,Bitwise Bitcoin ETF,Bitwise,BTC,0.2,10.0421,105.856,0.9139,1134400,1-4
2162,BITB,-0.814066,-1.480561,59.72,2025-09-04,Bitwise Bitcoin ETF,Bitwise,BTC,0.2,10.8329,-162.925,0.9446,1306800,1-1
2163,BITB,-0.565497,1.10101,60.71,2025-09-05,Bitwise Bitcoin ETF,Bitwise,BTC,0.2,12.5192,127.501,0.9442,1850700,2-4
2164,BITB,-0.532015,0.398163,60.98,2025-09-08,Bitwise Bitcoin ETF,Bitwise,BTC,0.2,12.7463,48.431,0.9444,1183700,2-3
2165,BITB,-0.570974,0.191306,60.57,2025-09-09,Bitwise Bitcoin ETF,Bitwise,BTC,0.2,12.482,25.16,0.9522,1152400,2-3
2166,BITB,-0.588993,-0.605041,61.81,2025-09-10,Bitwise Bitcoin ETF,Bitwise,BTC,0.2,12.3598,-64.429,0.9524,1665600,2-1
2167,BITB,-0.594658,0.166649,62.3,2025-09-11,Bitwise Bitcoin ETF,Bitwise,BTC,0.2,12.3214,22.386,0.9425,1191100,2-3
2168,BITB,-0.413683,0.06379,63.6,2025-09-12,Bitwise Bitcoin ETF,Bitwise,BTC,0.2,13.5491,10.814,0.9257,1034800,2-3
2169,BITB,-0.362997,-0.015626,62.73,2025-09-15,Bitwise Bitcoin ETF,Bitwise,BTC,0.2,13.8929,1.88,0.9294,1206000,2-2
2170,BITB,-0.365894,0.3536,63.57,2025-09-16,Bitwise Bitcoin ETF,Bitwise,BTC,0.2,13.8733,43.418,0.9375,876200,2-3
2171,BITB,-0.332789,-0.280342,62.91,2025-09-17,Bitwise Bitcoin ETF,Bitwise,BTC,0.2,14.0979,-27.901,0.9606,1930600,2-2
2172,BITB,-0.253618,1.106139,63.94,2025-09-18,Bitwise Bitcoin ETF,Bitwise,BTC,0.2,14.6349,128.078,0.9602,1538200,2-4
2173,BITB,-0.209555,-1.112077,62.61,2025-09-19,Bitwise Bitcoin ETF,Bitwise,BTC,0.2,14.9339,-121.471,0.962,1484200,2-1
2174,BITB,-0.223564,-0.466292,61.0,2025-09-22,Bitwise Bitcoin ETF,Bitwise,BTC,0.2,14.8388,-48.82,0.9639,819500,2-2
2175,BITB,-0.225997,-0.494996,60.72,2025-09-23,Bitwise Bitcoin ETF,Bitwise,BTC,0.2,14.8223,-52.049,0.9634,593800,2-2
2176,BITB,-0.287849,0.594425,61.71,2025-09-24,Bitwise Bitcoin ETF,Bitwise,BTC,0.2,14.4027,70.511,0.9661,606900,2-4
2177,BITB,-0.410686,-0.376228,59.46,2025-09-25,Bitwise Bitcoin ETF,Bitwise,BTC,0.2,13.5694,-38.688,0.9603,2459400,2-2
2178,BITB,-0.476715,-0.213401,59.37,2025-09-26,Bitwise Bitcoin ETF,Bitwise,BTC,0.2,13.1215,-20.37,0.9404,1240500,2-2
2179,BITB,-0.440826,0.530086,62.24,2025-09-29,Bitwise Bitcoin ETF,Bitwise,BTC,0.2,13.3649,63.273,0.958,2183200,2-3
2180,BITB,-0.437376,0.60771,62.22,2025-09-30,Bitwise Bitcoin ETF,Bitwise,BTC,0.2,13.3883,72.005,0.9576,1257800,2-4
2181,BITB,-0.418699,-0.731267,63.92,2025-10-01,Bitwise Bitcoin ETF,Bitwise,BTC,0.2,13.515,-78.63,0.9401,1706200,2-1
2182,BITB,-0.435477,0.438867,65.8,2025-10-02,Bitwise Bitcoin ETF,Bitwise,BTC,0.2,13.4012,53.01,0.9421,1539100,2-3
2183,BITB,-0.644525,1.303,66.82,2025-10-03,Bitwise Bitcoin ETF,Bitwise,BTC,0.2,11.9831,150.225,0.987,1953000,2-4
2184,BITB,-0.69475,0.836129,68.27,2025-10-06,Bitwise Bitcoin ETF,Bitwise,BTC,0.2,11.6424,97.702,0.9734,1857900,1-4
2185,BITB,-0.672427,0.135943,66.14,2025-10-07,Bitwise Bitcoin ETF,Bitwise,BTC,0.2,11.7938,18.932,0.9838,2662300,1-3
2186,BITB,-0.672165,1.000265,67.12,2025-10-08,Bitwise Bitcoin ETF,Bitwise,BTC,0.2,11.7956,116.168,0.9738,1512800,1-4
2187,BITB,-0.657783,-0.715834,65.83,2025-10-09,Bitwise Bitcoin ETF,Bitwise,BTC,0.2,11.8931,-76.893,0.9723,2178800,2-1
2188,BITB,-0.318085,1.445844,63.4,2025-10-10,Bitwise Bitcoin ETF,Bitwise,BTC,0.2,14.1976,166.295,0.8909,4039500,2-4
2189,BITB,-0.061694,-0.613357,63.05,2025-10-13,Bitwise Bitcoin ETF,Bitwise,BTC,0.2,15.9369,-65.365,0.8751,2724400,2-1
2190,BITB,0.02517,-1.236539,61.25,2025-10-14,Bitwise Bitcoin ETF,Bitwise,BTC,0.2,16.5262,-135.473,0.8829,3269500,3-1
2191,BITB,0.018906,-0.638507,60.52,2025-10-15,Bitwise Bitcoin ETF,Bitwise,BTC,0.2,16.4837,-68.194,0.8763,1657800,3-1
2192,BITB,-0.026897,-0.68894,58.86,2025-10-16,Bitwise Bitcoin ETF,Bitwise,BTC,0.2,16.173,-73.868,0.8821,4161900,3-1
2193,BITB,-0.068518,-3.307777,57.88,2025-10-17,Bitwise Bitcoin ETF,Bitwise,BTC,0.2,15.8906,-368.487,0.8838,3966100,2-1
2194,BITB,-0.038329,-0.797174,60.29,2025-10-20,Bitwise Bitcoin ETF,Bitwise,BTC,0.2,16.0954,-86.044,0.8911,2062100,3-1
2195,BITB,0.322399,2.605412,60.84,2025-10-21,Bitwise Bitcoin ETF,Bitwise,BTC,0.2,18.5426,296.747,0.8751,3319200,3-4
2196,BITB,0.792457,-0.717129,58.6,2025-10-22,Bitwise Bitcoin ETF,Bitwise,BTC,0.2,21.7314,-77.039,0.8812,2530400,4-1
2197,BITB,0.79869,0.186747,59.94,2025-10-23,Bitwise Bitcoin ETF,Bitwise,BTC,0.2,21.7736,24.647,0.8837,1723900,4-3
2198,BITB,0.783612,0.056912,60.16,2025-10-24,Bitwise Bitcoin ETF,Bitwise,BTC,0.2,21.6714,10.041,0.8903,1540400,4-3
2199,BITB,0.848297,0.680495,62.52,2025-10-27,Bitwise Bitcoin ETF,Bitwise,BTC,0.2,22.1102,80.194,0.8942,1166000,4-4
2200,BITB,0.84769,-1.827259,61.81,2025-10-28,Bitwise Bitcoin ETF,Bitwise,BTC,0.2,22.1061,-201.928,0.8946,1785100,4-1
2201,BITB,0.810084,0.547748,60.12,2025-10-29,Bitwise Bitcoin ETF,Bitwise,BTC,0.2,21.8509,65.26,0.8977,4719300,4-4
2202,BITB,0.969709,-1.90371,57.83,2025-10-30,Bitwise Bitcoin ETF,Bitwise,BTC,0.2,22.9338,-210.529,0.9071,3815100,4-1
2203,BITB,1.165274,0.31149,59.67,2025-10-31,Bitwise Bitcoin ETF,Bitwise,BTC,0.2,24.2605,38.681,0.9148,2427600,4-3
2204,BITB,1.164333,-1.214935,57.98,2025-11-03,Bitwise Bitcoin ETF,Bitwise,BTC,0.2,24.2541,-133.042,0.9167,2569100,4-1
2205,BITB,1.209862,-2.137092,54.77,2025-11-04,Bitwise Bitcoin ETF,Bitwise,BTC,0.2,24.563,-236.785,0.9304,4692600,4-1
2206,BITB,1.255973,-0.887864,56.48,2025-11-05,Bitwise Bitcoin ETF,Bitwise,BTC,0.2,24.8758,-96.247,0.9401,2577300,4-1
2207,BITB,1.252776,0.781646,54.85,2025-11-06,Bitwise Bitcoin ETF,Bitwise,BTC,0.2,24.8541,91.573,0.9413,2968100,4-4
2208,BITB,0.969053,-0.307885,56.39,2025-11-07,Bitwise Bitcoin ETF,Bitwise,BTC,0.2,22.9294,-30.999,0.9451,2813900,4-2
2209,BITB,0.793771,-0.191885,57.63,2025-11-10,Bitwise Bitcoin ETF,Bitwise,BTC,0.2,21.7403,-17.949,0.9434,1694900,4-2
2210,BITB,0.735388,0.605884,55.88,2025-11-11,Bitwise Bitcoin ETF,Bitwise,BTC,0.2,21.3442,71.8,0.947,1477600,4-4
2211,BITB,0.714322,-0.245908,55.2,2025-11-12,Bitwise Bitcoin ETF,Bitwise,BTC,0.2,21.2013,-24.027,0.947,3107400,4-2
2212,BITB,0.819789,-1.293234,53.25,2025-11-13,Bitwise Bitcoin ETF,Bitwise,BTC,0.2,21.9168,-141.851,0.9561,4476700,4-1
2213,BITB,0.897579,-0.933153,51.24,2025-11-14,Bitwise Bitcoin ETF,Bitwise,BTC,0.2,22.4445,-101.342,0.9353,3288100,4-1
2214,BITB,0.874692,-1.036488,49.92,2025-11-17,Bitwise Bitcoin ETF,Bitwise,BTC,0.2,22.2892,-112.967,0.9324,6915500,4-1
2215,BITB,0.529857,-0.562619,50.44,2025-11-18,Bitwise Bitcoin ETF,Bitwise,BTC,0.2,19.9499,-59.657,0.9401,3223000,3-1
2216,BITB,0.288766,-2.47386,48.62,2025-11-19,Bitwise Bitcoin ETF,Bitwise,BTC,0.2,18.3144,-274.671,0.9546,4790300,3-1
2217,BITB,0.413391,0.377157,46.91,2025-11-20,Bitwise Bitcoin ETF,Bitwise,BTC,0.2,19.1598,46.068,0.9315,4099500,3-3
2218,BITB,0.412597,-1.084779,45.95,2025-11-21,Bitwise Bitcoin ETF,Bitwise,BTC,0.2,19.1545,-118.4,0.9383,7123600,3-1
2219,BITB,0.476227,0.762328,48.45,2025-11-24,Bitwise Bitcoin ETF,Bitwise,BTC,0.2,19.5861,89.4,0.961,3076200,3-4
2220,BITB,0.515343,-0.278083,47.48,2025-11-25,Bitwise Bitcoin ETF,Bitwise,BTC,0.2,19.8515,-27.646,0.9639,4142500,3-2
2221,BITB,0.519378,1.135617,48.86,2025-11-26,Bitwise Bitcoin ETF,Bitwise,BTC,0.2,19.8788,131.395,0.9558,2084400,3-4
2222,BITB,0.246244,0.27995,49.32,2025-11-28,Bitwise Bitcoin ETF,Bitwise,BTC,0.2,18.0259,35.132,0.9549,1589500,3-3
2223,BITB,0.030793,-0.216059,46.47,2025-12-01,Bitwise Bitcoin ETF,Bitwise,BTC,0.2,16.5643,-20.669,0.9656,3812000,3-2
2224,BITB,0.072381,-1.115038,49.5,2025-12-02,Bitwise Bitcoin ETF,Bitwise,BTC,0.2,16.8465,-121.804,0.9813,3172000,3-1
2225,BITB,-0.010857,-0.461832,50.52,2025-12-03,Bitwise Bitcoin ETF,Bitwise,BTC,0.2,16.2818,-48.318,0.9796,2109000,3-2
2226,BITB,-0.004211,0.93551,50.3,2025-12-04,Bitwise Bitcoin ETF,Bitwise,BTC,0.2,16.3269,108.883,0.9772,2222100,3-4
2227,BITB,-0.003763,-0.018833,48.55,2025-12-05,Bitwise Bitcoin ETF,Bitwise,BTC,0.2,16.3299,1.519,0.9829,2344500,3-2
2228,BITB,-0.045073,1.0936,49.37,2025-12-08,Bitwise Bitcoin ETF,Bitwise,BTC,0.2,16.0497,126.668,0.9808,1694300,3-4
2229,BITB,-0.040559,0.651047,50.6,2025-12-09,Bitwise Bitcoin ETF,Bitwise,BTC,0.2,16.0803,76.881,0.9822,2014900,3-4
2230,BITB,-0.046826,0.976753,50.29,2025-12-10,Bitwise Bitcoin ETF,Bitwise,BTC,0.2,16.0378,113.523,0.9816,2243800,2-4
2231,BITB,0.050026,-1.104592,49.89,2025-12-11,Bitwise Bitcoin ETF,Bitwise,BTC,0.2,16.6948,-120.629,0.9789,3200400,3-1
2232,BITB,-0.098585,-0.014293,49.04,2025-12-12,Bitwise Bitcoin ETF,Bitwise,BTC,0.2,15.6867,2.03,0.9732,2336200,2-2
2233,BITB,-0.159572,-1.014701,46.61,2025-12-15,Bitwise Bitcoin ETF,Bitwise,BTC,0.2,15.2729,-110.516,0.9788,3041700,2-1
2234,BITB,-0.146797,-0.823517,47.59,2025-12-16,Bitwise Bitcoin ETF,Bitwise,BTC,0.2,15.3596,-89.008,0.9807,4157800,2-1
2235,BITB,-0.148744,-1.017769,46.63,2025-12-17,Bitwise Bitcoin ETF,Bitwise,BTC,0.2,15.3464,-110.861,0.9812,2439800,2-1
2236,BITB,-0.422292,-0.498376,45.93,2025-12-18,Bitwise Bitcoin ETF,Bitwise,BTC,0.2,13.4907,-52.429,0.9799,4174700,2-2
2237,BITB,-0.511015,-0.218775,47.8,2025-12-19,Bitwise Bitcoin ETF,Bitwise,BTC,0.2,12.8888,-20.974,0.9884,2797100,2-2
2238,BITB,-0.522492,0.436254,47.97,2025-12-22,Bitwise Bitcoin ETF,Bitwise,BTC,0.2,12.8109,52.717,0.9899,2628700,2-3
2239,BITB,-0.763906,0.410842,47.61,2025-12-23,Bitwise Bitcoin ETF,Bitwise,BTC,0.2,11.1732,49.858,0.9829,2818200,1-3
2240,BITB,-0.812031,-0.072679,47.4,2025-12-24,Bitwise Bitcoin ETF,Bitwise,BTC,0.2,10.8467,-4.538,0.9817,941200,1-2
2241,BITB,-0.802451,1.156277,47.54,2025-12-26,Bitwise Bitcoin ETF,Bitwise,BTC,0.2,10.9117,133.719,0.9945,2082700,1-4
2242,BITB,-0.816108,0.016159,47.31,2025-12-29,Bitwise Bitcoin ETF,Bitwise,BTC,0.2,10.8191,5.456,0.9877,1451100,1-3
2243,BITB,-0.868527,-0.415507,47.73,2025-12-30,Bitwise Bitcoin ETF,Bitwise,BTC,0.2,10.4635,-43.107,0.9838,2955200,1-2
2244,BITB,-0.880327,-0.218014,47.56,2025-12-31,Bitwise Bitcoin ETF,Bitwise,BTC,0.2,10.3834,-20.889,0.9817,2615500,1-2
2245,BITB,-0.886292,0.27304,48.8,2026-01-02,Bitwise Bitcoin ETF,Bitwise,BTC,0.2,10.343,34.355,0.9781,4694500,1-3
2246,BITB,-0.952358,0.228268,51.21,2026-01-05,Bitwise Bitcoin ETF,Bitwise,BTC,0.2,9.8948,29.318,0.9855,5041600,1-3
2247,BITB,-0.71435,-1.04415,50.25,2026-01-06,Bitwise Bitcoin ETF,Bitwise,BTC,0.2,11.5094,-113.829,0.9831,3608000,1-1
2248,BITB,-0.628832,0.373539,49.41,2026-01-07,Bitwise Bitcoin ETF,Bitwise,BTC,0.2,12.0895,45.661,1.0381,3374000,2-3
2249,BITB,-0.631374,-0.043073,49.35,2026-01-08,Bitwise Bitcoin ETF,Bitwise,BTC,0.2,12.0723,-1.208,1.0519,1763300,2-2
2250,BITB,-0.632292,-0.04876,49.0,2026-01-09,Bitwise Bitcoin ETF,Bitwise,BTC,0.2,12.0661,-1.847,1.0483,2399000,2-2
2251,BITB,-0.749088,-0.038559,49.69,2026-01-12,Bitwise Bitcoin ETF,Bitwise,BTC,0.2,11.2737,-0.7,1.0546,3214400,1-2
2252,BITB,-0.638201,0.325703,51.34,2026-01-13,Bitwise Bitcoin ETF,Bitwise,BTC,0.2,12.026,40.28,1.0362,2691100,2-3
2253,BITB,-0.498894,0.820636,53.08,2026-01-14,Bitwise Bitcoin ETF,Bitwise,BTC,0.2,12.971,95.959,1.0436,3070000,2-4
2254,BITB,-0.418405,-0.335061,51.72,2026-01-15,Bitwise Bitcoin ETF,Bitwise,BTC,0.2,13.517,-34.056,1.0461,2454900,2-2
2255,BITB,-0.409891,0.10444,51.9,2026-01-16,Bitwise Bitcoin ETF,Bitwise,BTC,0.2,13.5748,15.387,1.0596,2908600,2-3
2256,BITB,-0.306446,0.931483,48.63,2026-01-20,Bitwise Bitcoin ETF,Bitwise,BTC,0.2,14.2766,108.43,1.0248,3229300,2-4
2257,BITB,-0.329791,1.598548,48.95,2026-01-21,Bitwise Bitcoin ETF,Bitwise,BTC,0.2,14.1182,183.475,1.0227,3357700,2-4
2258,BITB,-0.268458,-0.628998,48.55,2026-01-22,Bitwise Bitcoin ETF,Bitwise,BTC,0.2,14.5343,-67.124,1.0233,1718700,2-1
2259,BITB,-0.281685,0.377995,48.59,2026-01-23,Bitwise Bitcoin ETF,Bitwise,BTC,0.2,14.4445,46.162,1.0155,1744000,2-3
2260,BITB,-0.27373,-0.621731,47.55,2026-01-26,Bitwise Bitcoin ETF,Bitwise,BTC,0.2,14.4985,-66.307,1.0171,2051100,2-1
2261,BITB,-0.229867,-1.067505,48.51,2026-01-27,Bitwise Bitcoin ETF,Bitwise,BTC,0.2,14.7961,-116.456,1.0199,2543700,2-1
2262,BITB,-0.227114,-0.881006,48.38,2026-01-28,Bitwise Bitcoin ETF,Bitwise,BTC,0.2,14.8147,-95.475,1.0126,2342800,2-1
2263,BITB,-0.238472,-0.409614,45.67,2026-01-29,Bitwise Bitcoin ETF,Bitwise,BTC,0.2,14.7377,-42.444,1.0101,5338400,2-2
2264,BITB,-0.266459,-0.292291,45.51,2026-01-30,Bitwise Bitcoin ETF,Bitwise,BTC,0.2,14.5478,-29.245,1.0098,4583000,2-2
2265,BITB,-0.252554,-0.056908,42.34,2026-02-02,Bitwise Bitcoin ETF,Bitwise,BTC,0.2,14.6422,-2.764,1.0077,7378800,2-2
2266,BITB,-0.060003,0.654073,41.47,2026-02-03,Bitwise Bitcoin ETF,Bitwise,BTC,0.2,15.9484,77.221,0.9884,10223100,2-4
2267,BITB,-0.243331,0.506071,39.84,2026-02-04,Bitwise Bitcoin ETF,Bitwise,BTC,0.2,14.7047,60.571,0.99,4511800,2-3
2268,BITB,-0.290229,1.323886,34.56,2026-02-05,Bitwise Bitcoin ETF,Bitwise,BTC,0.2,14.3866,152.575,0.9682,11785700,2-4
2269,BITB,-0.13693,-0.169241,38.04,2026-02-06,Bitwise Bitcoin ETF,Bitwise,BTC,0.2,15.4265,-15.402,0.9412,4362100,2-2
2270,BITB,0.018575,1.706855,38.44,2026-02-09,Bitwise Bitcoin ETF,Bitwise,BTC,0.2,16.4815,195.659,0.9404,4309100,3-4
2271,BITB,0.070575,-0.884213,37.35,2026-02-10,Bitwise Bitcoin ETF,Bitwise,BTC,0.2,16.8342,-95.836,0.942,3701400,3-1
2272,BITB,-0.012153,0.212106,36.69,2026-02-11,Bitwise Bitcoin ETF,Bitwise,BTC,0.2,16.273,27.5,0.9374,2962400,3-3
2273,BITB,0.121041,-2.218418,35.5,2026-02-12,Bitwise Bitcoin ETF,Bitwise,BTC,0.2,17.1766,-245.934,0.9469,3632400,3-1
2274,BITB,0.167832,0.33086,37.35,2026-02-13,Bitwise Bitcoin ETF,Bitwise,BTC,0.2,17.494,40.86,0.9542,3604300,3-3
2275,BITB,0.168621,-0.763664,36.79,2026-02-17,Bitwise Bitcoin ETF,Bitwise,BTC,0.2,17.4993,-82.274,0.9531,3012900,3-1
2276,BITB,0.057246,-0.484873,35.96,2026-02-18,Bitwise Bitcoin ETF,Bitwise,BTC,0.2,16.7438,-50.91,0.9512,2564600,3-2
2277,BITB,0.066842,-0.591408,36.45,2026-02-19,Bitwise Bitcoin ETF,Bitwise,BTC,0.2,16.8089,-62.895,0.9623,2406900,3-1
2278,BITB,0.037122,0.865971,36.79,2026-02-20,Bitwise Bitcoin ETF,Bitwise,BTC,0.2,16.6073,101.06,0.9603,5269400,3-4
2279,BITB,0.03729,-0.426163,35.01,2026-02-23,Bitwise Bitcoin ETF,Bitwise,BTC,0.2,16.6084,-44.305,0.951,3996100,3-2
2280,BITB,0.038657,-0.073587,35.01,2026-02-24,Bitwise Bitcoin ETF,Bitwise,BTC,0.2,16.6177,-4.641,0.95,2117700,3-2
2281,BITB,0.09356,1.884467,37.59,2026-02-25,Bitwise Bitcoin ETF,Bitwise,BTC,0.2,16.9901,215.64,0.9646,3493100,3-4
2282,BITB,0.274367,-0.245807,36.65,2026-02-26,Bitwise Bitcoin ETF,Bitwise,BTC,0.2,18.2167,-24.015,0.9647,4646100,3-2
2283,BITB,0.282913,-0.241529,35.63,2026-02-27,Bitwise Bitcoin ETF,Bitwise,BTC,0.2,18.2747,-23.534,0.9604,2424400,3-2
2284,BITB,0.349137,0.864508,37.56,2026-03-02,Bitwise Bitcoin ETF,Bitwise,BTC,0.2,18.7239,100.895,0.9604,6927800,3-4
2285,BITB,0.360591,-0.429776,37.06,2026-03-03,Bitwise Bitcoin ETF,Bitwise,BTC,0.2,18.8016,-44.712,0.9614,6853900,3-2
2286,BITB,0.219765,-0.953045,39.72,2026-03-04,Bitwise Bitcoin ETF,Bitwise,BTC,0.2,17.8463,-103.579,0.9703,6515400,3-1
2287,BITB,0.205095,0.586822,38.7,2026-03-05,Bitwise Bitcoin ETF,Bitwise,BTC,0.2,17.7468,69.655,0.9686,5628700,3-4
2288,BITB,0.21791,0.401628,36.98,2026-03-06,Bitwise Bitcoin ETF,Bitwise,BTC,0.2,17.8337,48.821,0.971,3069000,3-3
2289,BITB,0.147438,0.287844,37.5,2026-03-09,Bitwise Bitcoin ETF,Bitwise,BTC,0.2,17.3556,36.02,0.9711,5167200,3-3
2290,BITB,0.02373,0.273431,38.05,2026-03-10,Bitwise Bitcoin ETF,Bitwise,BTC,0.2,16.5164,34.399,0.969,4777600,3-3
2291,BITB,-0.031566,-0.080795,38.37,2026-03-11,Bitwise Bitcoin ETF,Bitwise,BTC,0.2,16.1413,-5.451,0.971,3206900,3-2
2292,BITB,-0.036387,-0.597232,38.27,2026-03-12,Bitwise Bitcoin ETF,Bitwise,BTC,0.2,16.1086,-63.551,0.972,3052200,3-1
2293,BITB,-0.349876,0.43039,38.67,2026-03-13,Bitwise Bitcoin ETF,Bitwise,BTC,0.2,13.9819,52.057,0.9683,5953800,2-3
2294,BITB,-0.354191,-1.617585,40.18,2026-03-16,Bitwise Bitcoin ETF,Bitwise,BTC,0.2,13.9527,-178.34,0.9581,4149300,2-1
2295,BITB,-0.094275,0.785267,40.51,2026-03-17,Bitwise Bitcoin ETF,Bitwise,BTC,0.2,15.7159,91.98,0.9553,3537600,2-4
2296,BITB,-0.018479,-0.807139,38.58,2026-03-18,Bitwise Bitcoin ETF,Bitwise,BTC,0.2,16.2301,-87.165,0.9604,2510300,3-1
2297,BITB,-0.009126,0.408756,38.16,2026-03-19,Bitwise Bitcoin ETF,Bitwise,BTC,0.2,16.2935,49.623,0.9547,2718600,3-3
2298,BITB,0.021291,-0.743567,38.13,2026-03-20,Bitwise Bitcoin ETF,Bitwise,BTC,0.2,16.4999,-80.013,0.9534,2486800,3-1
2299,BITB,0.021525,0.509913,38.38,2026-03-23,Bitwise Bitcoin ETF,Bitwise,BTC,0.2,16.5015,61.003,0.954,2240200,3-3
2300,BITB,0.085508,-2.519102,37.65,2026-03-24,Bitwise Bitcoin ETF,Bitwise,BTC,0.2,16.9355,-279.761,0.9548,2293700,3-1
2301,BITB,0.028942,-0.363379,38.47,2026-03-25,Bitwise Bitcoin ETF,Bitwise,BTC,0.2,16.5518,-37.242,0.9567,1501000,3-2
2302,BITB,-0.155463,-0.896889,37.21,2026-03-26,Bitwise Bitcoin ETF,Bitwise,BTC,0.2,15.3008,-97.262,0.9563,2171600,2-1
2303,BITB,-0.170208,-0.331986,35.84,2026-03-27,Bitwise Bitcoin ETF,Bitwise,BTC,0.2,15.2008,-33.71,0.9584,2336400,2-2
2304,BITB,-0.255961,-0.227928,36.11,2026-03-30,Bitwise Bitcoin ETF,Bitwise,BTC,0.2,14.619,-22.004,0.9591,2521500,2-2
2305,BITB,-0.278434,0.761948,36.81,2026-03-31,Bitwise Bitcoin ETF,Bitwise,BTC,0.2,14.4666,89.357,0.9585,2959500,2-4
2306,BITB,-0.288912,0.470909,37.01,2026-04-01,Bitwise Bitcoin ETF,Bitwise,BTC,0.2,14.3955,56.615,0.9544,1710700,2-3
2307,BITB,-0.288983,0.370503,36.39,2026-04-02,Bitwise Bitcoin ETF,Bitwise,BTC,0.2,14.395,45.319,0.9552,1946800,2-3
2308,BITB,-0.237301,1.670804,37.87,2026-04-06,Bitwise Bitcoin ETF,Bitwise,BTC,0.2,14.7456,191.603,0.9622,1883200,2-4
2309,BITB,1.015108,-3.116939,37.47,2026-04-07,Bitwise Bitcoin ETF,Bitwise,BTC,0.2,23.2418,-347.017,0.9328,1728500,4-1
2310,BITB,1.773648,1.030073,38.74,2026-04-08,Bitwise Bitcoin ETF,Bitwise,BTC,0.2,28.3876,119.521,0.9289,1744700,4-4
2311,BITB,1.769608,0.615228,39.18,2026-04-09,Bitwise Bitcoin ETF,Bitwise,BTC,0.2,28.3602,72.851,0.9284,1724200,4-4
2312,BITB,1.753681,0.671262,39.82,2026-04-10,Bitwise Bitcoin ETF,Bitwise,BTC,0.2,28.2522,79.155,0.9334,1451500,4-4
2313,BITB,1.858036,-1.997597,39.85,2026-04-13,Bitwise Bitcoin ETF,Bitwise,BTC,0.2,28.9601,-221.091,0.9236,1588200,4-1
2314,BITB,1.89078,4.018095,40.35,2026-04-14,Bitwise Bitcoin ETF,Bitwise,BTC,0.2,29.1822,455.673,0.9222,2552100,4-4
2315,BITB,1.756973,0.324174,40.76,2026-04-15,Bitwise Bitcoin ETF,Bitwise,BTC,0.2,28.2745,40.107,0.9224,1386100,4-3
2316,BITB,1.692764,0.073862,40.94,2026-04-16,Bitwise Bitcoin ETF,Bitwise,BTC,0.2,27.8389,11.947,0.9298,1704000,4-3
2317,BITB,1.680587,0.335999,42.09,2026-04-17,Bitwise Bitcoin ETF,Bitwise,BTC,0.2,27.7563,41.438,0.932,4228300,4-3
2318,BITB,1.647767,1.963845,41.46,2026-04-20,Bitwise Bitcoin ETF,Bitwise,BTC,0.2,27.5337,224.57,0.9323,1438700,4-4
2319,BITB,1.832588,-1.513719,40.76,2026-04-21,Bitwise Bitcoin ETF,Bitwise,BTC,0.2,28.7875,-166.655,0.9297,1527000,4-1
2320,BITB,2.00009,0.70238,42.84,2026-04-22,Bitwise Bitcoin ETF,Bitwise,BTC,0.2,29.9238,82.656,0.9376,1693300,4-4
2321,BITB,2.053137,-0.651525,42.23,2026-04-23,Bitwise Bitcoin ETF,Bitwise,BTC,0.2,30.2837,-69.659,0.9354,1885600,4-1
2322,BITB,2.073842,-0.202441,42.18,2026-04-24,Bitwise Bitcoin ETF,Bitwise,BTC,0.2,30.4241,-19.137,0.9346,1526000,4-2
2323,BITB,2.100867,-1.03694,41.75,2026-04-27,Bitwise Bitcoin ETF,Bitwise,BTC,0.2,30.6074,-113.018,0.9294,1420300,4-1
2324,BITB,2.106386,1.44823,41.45,2026-04-28,Bitwise Bitcoin ETF,Bitwise,BTC,0.2,30.6449,166.564,0.9287,750000,4-4
2325,BITB,2.110933,-1.376306,40.98,2026-04-29,Bitwise Bitcoin ETF,Bitwise,BTC,0.2,30.6757,-151.196,0.9199,1535900,4-1
2326,BITB,2.103343,0.472747,41.48,2026-04-30,Bitwise Bitcoin ETF,Bitwise,BTC,0.2,30.6242,56.822,0.9292,970900,4-3
2327,BITB,2.107071,0.057885,42.59,2026-05-01,Bitwise Bitcoin ETF,Bitwise,BTC,0.2,30.6495,10.15,0.9267,1843100,4-3
2328,BITB,2.064176,0.998718,43.48,2026-05-04,Bitwise Bitcoin ETF,Bitwise,BTC,0.2,30.3585,115.994,0.9237,1452600,4-4
2329,BITB,1.055098,1.069883,44.32,2026-05-05,Bitwise Bitcoin ETF,Bitwise,BTC,0.2,23.5131,124.0,0.9704,1185500,4-4
2330,BITB,0.258032,0.731549,44.22,2026-05-06,Bitwise Bitcoin ETF,Bitwise,BTC,0.2,18.1059,85.937,0.9736,1005200,3-4
2331,BITB,0.254481,0.317612,43.52,2026-05-07,Bitwise Bitcoin ETF,Bitwise,BTC,0.2,18.0818,39.369,0.9665,1417800,3-3
2332,BITB,0.256172,-0.180489,43.54,2026-05-08,Bitwise Bitcoin ETF,Bitwise,BTC,0.2,18.0933,-16.667,0.9734,673300,3-2
2333,BITB,0.064726,0.019695,44.51,2026-05-11,Bitwise Bitcoin ETF,Bitwise,BTC,0.2,16.7945,5.854,0.9652,1233700,3-3
2334,BITB,-0.078377,-0.485516,43.87,2026-05-12,Bitwise Bitcoin ETF,Bitwise,BTC,0.2,15.8237,-50.983,0.9508,1199100,2-2
2335,BITB,-0.080622,0.196184,43.22,2026-05-13,Bitwise Bitcoin ETF,Bitwise,BTC,0.2,15.8085,25.709,0.9539,1606800,2-3
2336,BITB,-0.079085,0.269712,44.22,2026-05-14,Bitwise Bitcoin ETF,Bitwise,BTC,0.2,15.8189,33.98,0.9502,1813400,2-3
2337,BITB,-0.067444,-0.066628,42.95,2026-05-15,Bitwise Bitcoin ETF,Bitwise,BTC,0.2,15.8979,-3.858,0.9542,1616400,2-2
2338,BITB,-0.063314,-0.645015,41.73,2026-05-18,Bitwise Bitcoin ETF,Bitwise,BTC,0.2,15.9259,-68.926,0.9592,1875400,2-1
2339,BITB,-0.420143,-0.542497,41.68,2026-05-19,Bitwise Bitcoin ETF,Bitwise,BTC,0.2,13.5053,-57.393,0.9578,767300,2-2
2340,BITB,-1.043452,-0.276371,42.15,2026-05-20,Bitwise Bitcoin ETF,Bitwise,BTC,0.2,9.2768,-27.454,0.9611,873700,1-2
2341,BITB,-1.309293,-0.548272,42.14,2026-05-21,Bitwise Bitcoin ETF,Bitwise,BTC,0.2,7.4734,-58.043,0.9312,956500,1-2
2342,BITB,-1.405735,0.005157,41.14,2026-05-22,Bitwise Bitcoin ETF,Bitwise,BTC,0.2,6.8191,4.218,0.924,1312000,1-3
2343,BITB,-1.528598,0.045978,41.21,2026-05-26,Bitwise Bitcoin ETF,Bitwise,BTC,0.2,5.9856,8.81,0.9176,2309400,1-3
2344,BITB,-1.541118,0.299535,40.66,2026-05-27,Bitwise Bitcoin ETF,Bitwise,BTC,0.2,5.9007,37.336,0.8934,1091900,1-3
2345,BITB,-1.382877,-0.898738,39.82,2026-05-28,Bitwise Bitcoin ETF,Bitwise,BTC,0.2,6.9742,-97.47,0.8963,1635300,1-1
2346,BITB,-1.415273,-0.508496,39.87,2026-05-29,Bitwise Bitcoin ETF,Bitwise,BTC,0.2,6.7544,-53.568,0.8598,1599300,1-2
2347,BITB,-1.434678,-0.804522,38.81,2026-06-01,Bitwise Bitcoin ETF,Bitwise,BTC,0.2,6.6228,-86.871,0.8588,2051000,1-1
2348,BITB,-1.417579,-1.006367,36.49,2026-06-02,Bitwise Bitcoin ETF,Bitwise,BTC,0.2,6.7388,-109.578,0.8515,2765100,1-1
2349,BITB,-1.39973,-0.779508,35.49,2026-06-03,Bitwise Bitcoin ETF,Bitwise,BTC,0.2,6.8599,-84.057,0.839,1929500,1-1
2350,BITB,-0.817901,-2.033938,34.51,2026-06-04,Bitwise Bitcoin ETF,Bitwise,BTC,0.2,10.8069,-225.18,0.8442,2953900,1-1
2351,BITB,-0.722911,-3.452654,32.74,2026-06-05,Bitwise Bitcoin ETF,Bitwise,BTC,0.2,11.4513,-384.785,0.8634,4753400,1-1
2352,BITB,-0.405003,-1.590195,34.4,2026-06-08,Bitwise Bitcoin ETF,Bitwise,BTC,0.2,13.608,-175.259,0.8889,1903100,2-1
2353,BITB,-0.423008,-1.224947,33.68,2026-06-09,Bitwise Bitcoin ETF,Bitwise,BTC,0.2,13.4858,-134.168,0.8879,2402300,2-1
2354,BITB,-0.421272,-1.754291,33.61,2026-06-10,Bitwise Bitcoin ETF,Bitwise,BTC,0.2,13.4976,-193.72,0.9064,1814700,2-1
2355,BITB,-0.416805,0.106688,34.51,2026-06-11,Bitwise Bitcoin ETF,Bitwise,BTC,0.2,13.5279,15.64,0.908,1693400,2-3
2356,BITB,-0.422271,1.291154,34.52,2026-06-12,Bitwise Bitcoin ETF,Bitwise,BTC,0.2,13.4908,148.893,0.8889,2027100,2-4
2357,BITB,-0.373206,0.352787,36.15,2026-06-15,Bitwise Bitcoin ETF,Bitwise,BTC,0.2,13.8237,43.326,0.9056,1310000,2-3
2358,BITB,-0.36482,-0.040688,35.63,2026-06-16,Bitwise Bitcoin ETF,Bitwise,BTC,0.2,13.8806,-0.939,0.9102,740700,2-2
2359,BITB,-0.359143,-0.576896,34.86,2026-06-17,Bitwise Bitcoin ETF,Bitwise,BTC,0.2,13.9191,-61.263,0.9128,1808200,2-1
2360,BITB,-0.366871,-0.144868,34.13,2026-06-18,Bitwise Bitcoin ETF,Bitwise,BTC,0.2,13.8666,-12.66,0.9104,2040700,2-2
2361,BITB,-0.290758,0.620372,34.97,2026-06-22,Bitwise Bitcoin ETF,Bitwise,BTC,0.2,14.383,73.43,0.9111,1118500,2-4
2362,BITB,-0.186374,-1.336094,33.84,2026-06-23,Bitwise Bitcoin ETF,Bitwise,BTC,0.2,15.0911,-146.673,0.9198,1049600,2-1
2363,BITB,-0.067842,-2.304188,32.48,2026-06-24,Bitwise Bitcoin ETF,Bitwise,BTC,0.2,15.8952,-255.583,0.9294,3163600,2-1
2364,BITB,-0.024224,-1.097815,32.12,2026-06-25,Bitwise Bitcoin ETF,Bitwise,BTC,0.2,16.1911,-119.866,0.9227,3312300,3-1
2365,BITB,-0.059,-0.867275,32.37,2026-06-26,Bitwise Bitcoin ETF,Bitwise,BTC,0.2,15.9552,-93.93,0.9251,1819100,2-1
2366,BITB,0.0002,-0.837373,32.74,2026-06-29,Bitwise Bitcoin ETF,Bitwise,BTC,0.2,16.3568,-90.566,0.9265,1741900,3-1
2367,BITB,0.000137,0.198623,31.86,2026-06-30,Bitwise Bitcoin ETF,Bitwise,BTC,0.2,16.3564,25.983,0.9284,1829100,3-3
2368,BITB,-0.007111,1.536146,32.55,2026-07-01,Bitwise Bitcoin ETF,Bitwise,BTC,0.2,16.3072,176.454,0.9129,1882500,3-4
2369,BITB,-0.044914,0.781459,33.35,2026-07-02,Bitwise Bitcoin ETF,Bitwise,BTC,0.2,16.0508,91.552,1.0023,1779300,3-4
2370,BITB,-0.428968,0.122597,34.58,2026-07-06,Bitwise Bitcoin ETF,Bitwise,BTC,0.2,13.4454,17.43,1.0106,1733100,2-3
2371,BITB,-0.444531,0.387857,34.63,2026-07-07,Bitwise Bitcoin ETF,Bitwise,BTC,0.2,13.3398,47.272,1.0058,1361700,2-3
2372,BITB,-0.641115,-0.134348,33.77,2026-07-08,Bitwise Bitcoin ETF,Bitwise,BTC,0.2,12.0062,-11.476,1.0104,1186800,2-2
2373,BITB,-0.640385,-0.012943,34.31,2026-07-09,Bitwise Bitcoin ETF,Bitwise,BTC,0.2,12.0112,2.182,1.0274,954100,2-2
2374,BITB,-0.633175,-0.331249,34.7,2026-07-10,Bitwise Bitcoin ETF,Bitwise,BTC,0.2,12.0601,-33.628,1.0258,784300,2-2
2375,BITB,-0.631621,0.368718,33.78,2026-07-13,Bitwise Bitcoin ETF,Bitwise,BTC,0.2,12.0706,45.119,1.0217,1080100,2-3
2376,BITB,-0.603979,-1.302338,35.05,2026-07-14,Bitwise Bitcoin ETF,Bitwise,BTC,0.2,12.2581,-142.875,1.0119,1573300,2-1
2377,BITB,-0.57973,0.288615,35.25,2026-07-15,Bitwise Bitcoin ETF,Bitwise,BTC,0.2,12.4226,36.107,1.0101,699200,2-3
2378,BITB,-0.583378,0.591574,34.88,2026-07-16,Bitwise Bitcoin ETF,Bitwise,BTC,0.2,12.3979,70.19,1.0093,608100,2-4
2379,BITB,-0.595648,0.615837,34.82,2026-07-17,Bitwise Bitcoin ETF,Bitwise,BTC,0.2,12.3147,72.92,1.016,1055800,2-4
2380,BITB,-0.57492,-0.177482,35.35,2026-07-20,Bitwise Bitcoin ETF,Bitwise,BTC,0.2,12.4553,-16.329,0.9884,1257700,2-2
2381,BITB,-0.646951,0.47206,36.07,2026-07-21,Bitwise Bitcoin ETF,Bitwise,BTC,0.2,11.9666,56.745,0.9911,1057800,2-3
2382,BITB,-0.808754,-0.550194,35.78,2026-07-22,Bitwise Bitcoin ETF,Bitwise,BTC,0.2,10.869,-58.259,0.9937,555500,1-2
2383,BITB,-1.06038,-1.056073,35.15,2026-07-23,Bitwise Bitcoin ETF,Bitwise,BTC,0.2,9.162,-115.17,0.9949,857500,1-1
2384,BITB,-1.096527,-0.238809,34.84,2026-07-24,Bitwise Bitcoin ETF,Bitwise,BTC,0.2,8.9168,-23.228,0.9947,1068900,1-2
2385,BITB,-0.844167,1.734243,35.23,2026-07-27,Bitwise Bitcoin ETF,Bitwise,BTC,0.2,10.6287,198.74,0.9924,719100,1-4
2386,BITB,-0.575513,-0.081,34.63,2026-07-28,Bitwise Bitcoin ETF,Bitwise,BTC,0.2,12.4512,-5.475,0.9874,940500,2-2
2387,BITB,-0.562741,-0.338344,34.48,2026-07-29,Bitwise Bitcoin ETF,Bitwise,BTC,0.2,12.5379,-34.426,0.9844,1561800,2-2
2388,BITB,-0.529731,0.386333,35.14,2026-07-30,Bitwise Bitcoin ETF,Bitwise,BTC,0.2,12.7618,47.1,0.9878,1168700,2-3
2389,BITB,-0.529694,-0.092479,34.13,2026-07-31,Bitwise Bitcoin ETF,Bitwise,BTC,0.2,12.7621,-6.766,0.9839,1670200,2-2
2390,BITB,-0.52818,-1.154883,34.65,2026-08-03,Bitwise Bitcoin ETF,Bitwise,BTC,0.2,12.7723,-126.286,0.9892,1177400,2-1
2391,BITB,-0.639988,0.290572,34.86,2026-08-04,Bitwise Bitcoin ETF,Bitwise,BTC,0.2,12.0139,36.327,0.9885,920400,2-3
2392,BITB,-0.697253,0.798878,35.18,2026-08-05,Bitwise Bitcoin ETF,Bitwise,BTC,0.2,11.6254,93.512,0.9891,1079100,1-4
2393,BITB,-0.695349,0.102591,34.95,2026-08-06,Bitwise Bitcoin ETF,Bitwise,BTC,0.2,11.6383,15.179,0.9867,464200,1-3
2394,BITB,-0.706666,-0.031841,35.24,2026-08-07,Bitwise Bitcoin ETF,Bitwise,BTC,0.2,11.5615,0.056,0.9865,731100,1-2
2395,BITB,-0.717181,-0.501136,34.71,2026-08-10,Bitwise Bitcoin ETF,Bitwise,BTC,0.2,11.4902,-52.74,0.9866,1501800,1-2
2396,BITB,-0.746709,-0.444995,34.43,2026-08-11,Bitwise Bitcoin ETF,Bitwise,BTC,0.2,11.2899,-46.424,0.9857,804400,1-2
2397,BITB,-0.826045,-0.440629,34.38,2026-08-12,Bitwise Bitcoin ETF,Bitwise,BTC,0.2,10.7517,-45.933,0.9824,709700,1-2
2398,BITB,-0.842332,-0.28793,34.39,2026-08-13,Bitwise Bitcoin ETF,Bitwise,BTC,0.2,10.6412,-28.754,0.9806,755400,1-2
2399,BITB,-0.850996,-0.269162,34.13,2026-08-14,Bitwise Bitcoin ETF,Bitwise,BTC,0.2,10.5824,-26.643,0.9807,568100,1-2
2400,BITB,-0.874088,-0.348451,34.9,2026-08-17,Bitwise Bitcoin ETF,Bitwise,BTC,0.2,10.4258,-35.563,0.9786,844100,1-2
2401,BITB,-0.870278,0.075196,35.07,2026-08-18,Bitwise Bitcoin ETF,Bitwise,BTC,0.2,10.4516,12.097,0.9792,1016100,1-3
2402,BITB,-0.817271,-0.710576,37.16,2026-08-19,Bitwise Bitcoin ETF,Bitwise,BTC,0.2,10.8112,-76.302,0.9617,4393800,1-1
2403,BITB,-0.760022,-0.01395,39.45,2026-08-20,Bitwise Bitcoin ETF,Bitwise,BTC,0.2,11.1996,2.069,0.9758,2794800,1-2
2404,BITB,-0.787046,0.177902,41.82,2026-08-21,Bitwise Bitcoin ETF,Bitwise,BTC,0.2,11.0162,23.652,0.9813,2571011,1-3
2405,IAU,-1.50365,0.012293,49.52,2024-09-20,iShares Gold Trust,BlackRock,GOLD,0.25,6.1549,5.021,0.9453,5577800,1-3
2406,IAU,-1.502381,-0.028857,49.6,2024-09-23,iShares Gold Trust,BlackRock,GOLD,0.25,6.1635,0.392,0.9454,3479200,1-2
2407,IAU,-1.468495,0.363096,50.31,2024-09-24,iShares Gold Trust,BlackRock,GOLD,0.25,6.3934,44.486,0.9764,5322700,1-3
2408,IAU,-1.453733,0.891143,50.25,2024-09-25,iShares Gold Trust,BlackRock,GOLD,0.25,6.4935,103.892,0.976,4024300,1-4
2409,IAU,-1.454352,0.184464,50.5,2024-09-26,iShares Gold Trust,BlackRock,GOLD,0.25,6.4893,24.39,0.977,3965300,1-3
2410,IAU,-1.493581,0.177933,50.09,2024-09-27,iShares Gold Trust,BlackRock,GOLD,0.25,6.2232,23.655,0.9655,9018200,1-3
2411,IAU,-1.498943,-0.176615,49.7,2024-09-30,iShares Gold Trust,BlackRock,GOLD,0.25,6.1868,-16.231,0.9863,4001500,1-2
2412,IAU,-1.505912,-0.742578,50.21,2024-10-01,iShares Gold Trust,BlackRock,GOLD,0.25,6.1395,-79.902,0.9776,6266900,1-1
2413,IAU,-1.433203,0.26807,50.22,2024-10-02,iShares Gold Trust,BlackRock,GOLD,0.25,6.6328,33.796,0.9256,8670400,1-3
2414,IAU,-1.41766,-0.168603,50.2,2024-10-03,iShares Gold Trust,BlackRock,GOLD,0.25,6.7382,-15.33,0.9215,8834200,1-2
2415,IAU,-1.420813,-0.136683,50.08,2024-10-04,iShares Gold Trust,BlackRock,GOLD,0.25,6.7168,-11.739,0.9157,8654700,1-2
2416,IAU,-1.410274,0.032293,49.92,2024-10-07,iShares Gold Trust,BlackRock,GOLD,0.25,6.7883,7.271,0.9205,2530100,1-3
2417,IAU,-1.402252,0.374435,49.54,2024-10-08,iShares Gold Trust,BlackRock,GOLD,0.25,6.8428,45.762,0.8999,10629200,1-3
2418,IAU,-1.396975,-0.476477,49.27,2024-10-09,iShares Gold Trust,BlackRock,GOLD,0.25,6.8786,-49.966,0.9073,3166800,1-2
2419,IAU,-1.404852,0.097294,49.65,2024-10-10,iShares Gold Trust,BlackRock,GOLD,0.25,6.8251,14.584,0.913,2936600,1-3
2420,IAU,-1.397627,-0.244177,50.16,2024-10-11,iShares Gold Trust,BlackRock,GOLD,0.25,6.8741,-23.832,0.8953,2017700,1-2
2421,IAU,-1.391735,0.195103,50.1,2024-10-14,iShares Gold Trust,BlackRock,GOLD,0.25,6.9141,25.587,0.8897,2166300,1-3
2422,IAU,-1.39085,-0.117563,50.28,2024-10-15,iShares Gold Trust,BlackRock,GOLD,0.25,6.9201,-9.588,0.8877,2728800,1-2
2423,IAU,-1.555027,0.158014,50.53,2024-10-16,iShares Gold Trust,BlackRock,GOLD,0.25,5.8064,21.414,0.8885,2245000,1-3
2424,IAU,-1.69214,-0.028699,50.84,2024-10-17,iShares Gold Trust,BlackRock,GOLD,0.25,4.8762,0.409,0.8891,4507200,1-2
2425,IAU,-1.680202,0.430314,51.37,2024-10-18,iShares Gold Trust,BlackRock,GOLD,0.25,4.9572,52.048,0.8975,7175600,1-3
2426,IAU,-1.66369,-0.013424,51.38,2024-10-21,iShares Gold Trust,BlackRock,GOLD,0.25,5.0692,2.128,0.8956,6549300,1-2
2427,IAU,-1.690213,0.380783,51.92,2024-10-22,iShares Gold Trust,BlackRock,GOLD,0.25,4.8893,46.476,0.9045,4308600,1-3
2428,IAU,-1.715953,0.120357,51.29,2024-10-23,iShares Gold Trust,BlackRock,GOLD,0.25,4.7147,17.178,0.9197,5307800,1-3
2429,IAU,-1.717162,0.135004,51.68,2024-10-24,iShares Gold Trust,BlackRock,GOLD,0.25,4.7065,18.826,0.9209,3483700,1-3
2430,IAU,-1.719474,-0.089919,51.8,2024-10-25,iShares Gold Trust,BlackRock,GOLD,0.25,4.6908,-6.478,0.9209,2901100,1-2
2431,IAU,-1.768123,0.073971,51.78,2024-10-28,iShares Gold Trust,BlackRock,GOLD,0.25,4.3607,11.96,0.9217,4269700,1-3
2432,IAU,-1.763108,-0.009024,52.36,2024-10-29,iShares Gold Trust,BlackRock,GOLD,0.25,4.3948,2.623,0.9293,9023700,1-2
2433,IAU,-1.878707,0.078805,52.65,2024-10-30,iShares Gold Trust,BlackRock,GOLD,0.25,3.6106,12.504,0.9264,3386300,1-3
2434,IAU,-1.920903,0.124977,51.84,2024-10-31,iShares Gold Trust,BlackRock,GOLD,0.25,3.3243,17.698,0.9176,11368200,1-3
2435,IAU,-1.870613,-0.288793,51.62,2024-11-01,iShares Gold Trust,BlackRock,GOLD,0.25,3.6655,-28.851,0.9207,5835100,1-2
2436,IAU,-1.879853,0.0175,51.7,2024-11-04,iShares Gold Trust,BlackRock,GOLD,0.25,3.6028,5.607,0.9183,3213100,1-3
2437,IAU,-1.894592,-0.144538,51.81,2024-11-05,iShares Gold Trust,BlackRock,GOLD,0.25,3.5028,-12.623,0.9182,2337200,1-2
2438,IAU,-1.844254,-0.475409,50.23,2024-11-06,iShares Gold Trust,BlackRock,GOLD,0.25,3.8443,-49.846,0.9696,10917700,1-2
2439,IAU,-1.798026,-0.126355,51.06,2024-11-07,iShares Gold Trust,BlackRock,GOLD,0.25,4.1579,-10.577,0.984,4299600,1-2
2440,IAU,-1.788288,-0.012565,50.7,2024-11-08,iShares Gold Trust,BlackRock,GOLD,0.25,4.2239,2.224,0.9887,27814500,1-2
2441,IAU,-1.76588,0.116111,49.51,2024-11-11,iShares Gold Trust,BlackRock,GOLD,0.25,4.376,16.7,0.9578,9869500,1-3
2442,IAU,-1.721089,-0.35504,49.08,2024-11-12,iShares Gold Trust,BlackRock,GOLD,0.25,4.6798,-36.304,0.963,7707100,1-2
2443,IAU,-1.706742,-0.173522,48.59,2024-11-13,iShares Gold Trust,BlackRock,GOLD,0.25,4.7771,-15.883,0.9681,8931800,1-2
2444,IAU,-1.697797,-0.444261,48.46,2024-11-14,iShares Gold Trust,BlackRock,GOLD,0.25,4.8378,-46.341,0.9656,6173000,1-2
2445,IAU,-1.715479,-0.252671,48.37,2024-11-15,iShares Gold Trust,BlackRock,GOLD,0.25,4.7179,-24.787,0.9659,5204600,1-2
2446,IAU,-1.72154,-0.418536,49.29,2024-11-18,iShares Gold Trust,BlackRock,GOLD,0.25,4.6768,-43.447,0.9725,5592000,1-2
2447,IAU,-1.728896,0.25,49.74,2024-11-19,iShares Gold Trust,BlackRock,GOLD,0.25,4.6269,31.763,0.9762,4858900,1-3
2448,IAU,-1.730474,0.328057,50.03,2024-11-20,iShares Gold Trust,BlackRock,GOLD,0.25,4.6161,40.544,0.9743,4127900,1-3
2449,IAU,-1.731154,0.095447,50.44,2024-11-21,iShares Gold Trust,BlackRock,GOLD,0.25,4.6115,14.376,0.9719,3074400,1-3
2450,IAU,-1.729671,0.077974,51.08,2024-11-22,iShares Gold Trust,BlackRock,GOLD,0.25,4.6216,12.41,0.977,4238800,1-3
2451,IAU,-1.697009,0.261196,49.59,2024-11-25,iShares Gold Trust,BlackRock,GOLD,0.25,4.8432,33.022,0.9621,7724200,1-3
2452,IAU,-1.708951,0.06495,49.69,2024-11-26,iShares Gold Trust,BlackRock,GOLD,0.25,4.7622,10.945,0.9611,4047700,1-3
2453,IAU,-1.65803,-0.231081,49.78,2024-11-27,iShares Gold Trust,BlackRock,GOLD,0.25,5.1076,-22.359,0.9555,7452800,1-2
2454,IAU,-1.639552,0.105793,50.25,2024-11-29,iShares Gold Trust,BlackRock,GOLD,0.25,5.2329,15.54,0.9568,2425500,1-3
2455,IAU,-1.672314,0.098392,49.79,2024-12-02,iShares Gold Trust,BlackRock,GOLD,0.25,5.0107,14.707,0.9576,5103900,1-3
2456,IAU,-1.679978,-0.397136,49.89,2024-12-03,iShares Gold Trust,BlackRock,GOLD,0.25,4.9587,-41.04,0.9565,3199000,1-2
2457,IAU,-1.681619,-0.487127,50.04,2024-12-04,iShares Gold Trust,BlackRock,GOLD,0.25,4.9476,-51.164,0.9563,4012000,1-2
2458,IAU,-1.717528,0.196861,49.67,2024-12-05,iShares Gold Trust,BlackRock,GOLD,0.25,4.704,25.785,0.9518,3758900,1-3
2459,IAU,-1.740381,-0.453206,49.68,2024-12-06,iShares Gold Trust,BlackRock,GOLD,0.25,4.5489,-47.348,0.9422,6142600,1-2
2460,IAU,-1.75698,-0.30748,50.17,2024-12-09,iShares Gold Trust,BlackRock,GOLD,0.25,4.4363,-30.954,0.9451,4664100,1-2
2461,IAU,-1.787135,-0.036147,50.83,2024-12-10,iShares Gold Trust,BlackRock,GOLD,0.25,4.2318,-0.429,0.948,2917100,1-2
2462,IAU,-1.80867,-0.309657,51.3,2024-12-11,iShares Gold Trust,BlackRock,GOLD,0.25,4.0857,-31.198,0.9425,7037100,1-2
2463,IAU,-1.819341,-0.368001,50.57,2024-12-12,iShares Gold Trust,BlackRock,GOLD,0.25,4.0133,-37.762,0.9402,6261000,1-2
2464,IAU,-1.828839,-0.069094,49.98,2024-12-13,iShares Gold Trust,BlackRock,GOLD,0.25,3.9489,-4.135,0.9334,5438400,1-2
2465,IAU,-1.805761,0.177124,50.06,2024-12-16,iShares Gold Trust,BlackRock,GOLD,0.25,4.1054,23.564,0.9299,3704600,1-3
2466,IAU,-1.81392,-0.005049,49.91,2024-12-17,iShares Gold Trust,BlackRock,GOLD,0.25,4.0501,3.07,0.9304,4223700,1-2
2467,IAU,-1.35806,-1.221832,48.93,2024-12-18,iShares Gold Trust,BlackRock,GOLD,0.25,7.1426,-133.818,0.9299,7227700,1-1
2468,IAU,-1.01758,0.090786,49.0,2024-12-19,iShares Gold Trust,BlackRock,GOLD,0.25,9.4523,13.851,0.889,3855400,1-3
2469,IAU,-1.01339,-0.040013,49.5,2024-12-20,iShares Gold Trust,BlackRock,GOLD,0.25,9.4807,-0.864,0.8836,5019400,1-2
2470,IAU,-1.013339,-0.248029,49.27,2024-12-23,iShares Gold Trust,BlackRock,GOLD,0.25,9.4811,-24.265,0.8834,4704500,1-2
2471,IAU,-1.031819,-0.214205,49.39,2024-12-24,iShares Gold Trust,BlackRock,GOLD,0.25,9.3557,-20.46,0.8812,1216700,1-2
2472,IAU,-1.032483,1.332701,49.72,2024-12-26,iShares Gold Trust,BlackRock,GOLD,0.25,9.3512,153.567,0.8818,2383900,1-4
2473,IAU,-1.060161,-0.111857,49.37,2024-12-27,iShares Gold Trust,BlackRock,GOLD,0.25,9.1635,-8.946,0.8891,2654200,1-2
2474,IAU,-1.07119,0.149955,49.22,2024-12-30,iShares Gold Trust,BlackRock,GOLD,0.25,9.0886,20.508,0.8908,2624600,1-3
2475,IAU,-1.068851,-0.10274,49.51,2024-12-31,iShares Gold Trust,BlackRock,GOLD,0.25,9.1045,-7.92,0.8891,3248800,1-2
2476,IAU,-1.056869,0.230589,50.19,2025-01-02,iShares Gold Trust,BlackRock,GOLD,0.25,9.1858,29.579,0.8949,4048400,1-3
2477,IAU,-1.045682,-0.09209,49.79,2025-01-03,iShares Gold Trust,BlackRock,GOLD,0.25,9.2617,-6.722,0.9016,3330600,1-2
2478,IAU,-1.050344,-0.003168,49.74,2025-01-06,iShares Gold Trust,BlackRock,GOLD,0.25,9.2301,3.282,0.8999,3789000,1-2
2479,IAU,-1.067081,-0.139194,50.01,2025-01-07,iShares Gold Trust,BlackRock,GOLD,0.25,9.1165,-12.021,0.8971,5951900,1-2
2480,IAU,-1.058503,0.297026,50.29,2025-01-08,iShares Gold Trust,BlackRock,GOLD,0.25,9.1747,37.053,0.9031,4796300,1-3
2481,IAU,-1.035538,-0.459729,50.78,2025-01-10,iShares Gold Trust,BlackRock,GOLD,0.25,9.3305,-48.081,0.8927,10078700,1-2
2482,IAU,-1.045502,-0.071002,50.25,2025-01-13,iShares Gold Trust,BlackRock,GOLD,0.25,9.2629,-4.35,0.891,4420500,1-2
2483,IAU,-1.030463,0.193917,50.53,2025-01-14,iShares Gold Trust,BlackRock,GOLD,0.25,9.3649,25.454,0.8914,2558600,1-3
2484,IAU,-1.013948,-0.090379,50.91,2025-01-15,iShares Gold Trust,BlackRock,GOLD,0.25,9.477,-6.53,0.8838,5123900,1-2
2485,IAU,-1.009218,-0.72386,51.25,2025-01-16,iShares Gold Trust,BlackRock,GOLD,0.25,9.509,-77.796,0.8733,6770500,1-1
2486,IAU,-0.993234,-0.67873,50.99,2025-01-17,iShares Gold Trust,BlackRock,GOLD,0.25,9.6175,-72.719,0.875,4246100,1-1
2487,IAU,-1.177796,0.23547,51.75,2025-01-21,iShares Gold Trust,BlackRock,GOLD,0.25,8.3654,30.128,0.877,5817000,1-3
2488,IAU,-1.525215,-0.014835,52.03,2025-01-22,iShares Gold Trust,BlackRock,GOLD,0.25,6.0086,1.969,0.874,4875700,1-2
2489,IAU,-1.534329,0.380219,51.98,2025-01-23,iShares Gold Trust,BlackRock,GOLD,0.25,5.9468,46.413,0.8728,4447400,1-3
2490,IAU,-1.53082,0.917081,52.31,2025-01-24,iShares Gold Trust,BlackRock,GOLD,0.25,5.9706,106.81,0.8739,4306100,1-4
2491,IAU,-1.526827,1.486353,51.76,2025-01-27,iShares Gold Trust,BlackRock,GOLD,0.25,5.9977,170.853,0.87,6761900,1-4
2492,IAU,-1.523253,0.374953,52.18,2025-01-28,iShares Gold Trust,BlackRock,GOLD,0.25,6.0219,45.82,0.8644,5485900,1-3
2493,IAU,-1.49253,-0.121229,52.0,2025-01-29,iShares Gold Trust,BlackRock,GOLD,0.25,6.2303,-10.0,0.8646,5875600,1-2
2494,IAU,-1.48639,-0.346156,52.76,2025-01-30,iShares Gold Trust,BlackRock,GOLD,0.25,6.272,-35.305,0.8601,7054900,1-2
2495,IAU,-1.452926,-0.041536,52.87,2025-01-31,iShares Gold Trust,BlackRock,GOLD,0.25,6.499,-1.035,0.8569,6713700,1-2
2496,IAU,-1.468526,-0.292366,53.17,2025-02-03,iShares Gold Trust,BlackRock,GOLD,0.25,6.3932,-29.253,0.8565,9447800,1-2
2497,IAU,-1.468237,0.151072,53.69,2025-02-04,iShares Gold Trust,BlackRock,GOLD,0.25,6.3951,20.634,0.8597,5745200,1-3
2498,IAU,-1.468967,0.596666,54.02,2025-02-05,iShares Gold Trust,BlackRock,GOLD,0.25,6.3902,70.763,0.8272,9173700,1-4
2499,IAU,-1.468023,0.961188,53.89,2025-02-06,iShares Gold Trust,BlackRock,GOLD,0.25,6.3966,111.772,0.8148,5222300,1-4
2500,IAU,-1.470059,0.339424,53.97,2025-02-07,iShares Gold Trust,BlackRock,GOLD,0.25,6.3828,41.823,0.811,8020200,1-3
2501,IAU,-1.503914,0.720119,54.88,2025-02-10,iShares Gold Trust,BlackRock,GOLD,0.25,6.1531,84.651,0.8163,10280900,1-4
2502,IAU,-1.483477,0.112654,54.69,2025-02-11,iShares Gold Trust,BlackRock,GOLD,0.25,6.2917,16.311,0.812,6019900,1-3
2503,IAU,-1.501328,0.221492,54.75,2025-02-12,iShares Gold Trust,BlackRock,GOLD,0.25,6.1706,28.556,0.8041,7051000,1-3
2504,IAU,-1.506898,0.481407,55.28,2025-02-13,iShares Gold Trust,BlackRock,GOLD,0.25,6.1329,57.796,0.808,4307200,1-3
2505,IAU,-1.523668,0.363501,54.46,2025-02-14,iShares Gold Trust,BlackRock,GOLD,0.25,6.0191,44.532,0.8171,5884600,1-3
2506,IAU,-1.568605,0.337389,55.37,2025-02-18,iShares Gold Trust,BlackRock,GOLD,0.25,5.7142,41.594,0.8127,5334100,1-3
2507,IAU,-1.750475,0.980146,55.42,2025-02-19,iShares Gold Trust,BlackRock,GOLD,0.25,4.4805,113.904,0.8062,4368700,1-4
2508,IAU,-1.67452,0.327389,55.44,2025-02-20,iShares Gold Trust,BlackRock,GOLD,0.25,4.9957,40.469,0.8022,3571300,1-3
2509,IAU,-1.673068,-0.134911,55.39,2025-02-21,iShares Gold Trust,BlackRock,GOLD,0.25,5.0056,-11.54,0.8017,6585900,1-2
2510,IAU,-1.669706,0.351033,55.68,2025-02-24,iShares Gold Trust,BlackRock,GOLD,0.25,5.0284,43.129,0.8002,4927900,1-3
2511,IAU,-1.66812,-0.029044,54.97,2025-02-25,iShares Gold Trust,BlackRock,GOLD,0.25,5.0391,0.371,0.7897,8801200,1-2
2512,IAU,-1.660681,-0.591185,55.04,2025-02-26,iShares Gold Trust,BlackRock,GOLD,0.25,5.0896,-62.87,0.7885,5220700,1-1
2513,IAU,-1.6236,-0.653526,54.2,2025-02-27,iShares Gold Trust,BlackRock,GOLD,0.25,5.3412,-69.884,0.8111,25891400,1-1
2514,IAU,-1.571061,-0.043189,53.87,2025-02-28,iShares Gold Trust,BlackRock,GOLD,0.25,5.6976,-1.221,0.7844,10115800,1-2
2515,IAU,-1.60122,-0.391579,54.57,2025-03-03,iShares Gold Trust,BlackRock,GOLD,0.25,5.493,-40.415,0.7726,7463000,1-2
2516,IAU,-1.590413,0.008941,55.04,2025-03-04,iShares Gold Trust,BlackRock,GOLD,0.25,5.5663,4.644,0.776,12685800,1-3
2517,IAU,-1.60949,0.266709,55.17,2025-03-05,iShares Gold Trust,BlackRock,GOLD,0.25,5.4369,33.643,0.776,7395200,1-3
2518,IAU,-1.544802,0.282894,54.87,2025-03-06,iShares Gold Trust,BlackRock,GOLD,0.25,5.8757,35.464,0.7779,5236500,1-3
2519,IAU,-1.527861,0.041388,54.91,2025-03-07,iShares Gold Trust,BlackRock,GOLD,0.25,5.9906,8.294,0.7761,6019100,1-3
2520,IAU,-1.489182,-0.278236,54.43,2025-03-10,iShares Gold Trust,BlackRock,GOLD,0.25,6.253,-27.664,0.7797,8597200,1-2
2521,IAU,-1.456783,-0.062927,55.07,2025-03-11,iShares Gold Trust,BlackRock,GOLD,0.25,6.4728,-3.441,0.7795,8303600,1-2
2522,IAU,-1.458329,-0.38667,55.3,2025-03-12,iShares Gold Trust,BlackRock,GOLD,0.25,6.4623,-39.862,0.7783,12694100,1-2
2523,IAU,-1.424778,0.606334,56.27,2025-03-13,iShares Gold Trust,BlackRock,GOLD,0.25,6.6899,71.85,0.7874,12053400,1-4
2524,IAU,-1.448777,0.05504,56.29,2025-03-14,iShares Gold Trust,BlackRock,GOLD,0.25,6.5271,9.83,0.7783,5274100,1-3
2525,IAU,-1.438314,0.900158,56.62,2025-03-17,iShares Gold Trust,BlackRock,GOLD,0.25,6.5981,104.906,0.7801,4505500,1-4
2526,IAU,-1.444201,0.589655,57.27,2025-03-18,iShares Gold Trust,BlackRock,GOLD,0.25,6.5582,69.974,0.7824,6110100,1-4
2527,IAU,-1.447391,1.192604,57.51,2025-03-19,iShares Gold Trust,BlackRock,GOLD,0.25,6.5365,137.806,0.7609,5683800,1-4
2528,IAU,-1.485433,0.508331,57.44,2025-03-20,iShares Gold Trust,BlackRock,GOLD,0.25,6.2785,60.825,0.8212,5281800,1-3
2529,IAU,-1.475126,0.514688,56.97,2025-03-21,iShares Gold Trust,BlackRock,GOLD,0.25,6.3484,61.54,0.8319,5562200,1-3
2530,IAU,-1.462683,-0.174299,56.7,2025-03-24,iShares Gold Trust,BlackRock,GOLD,0.25,6.4328,-15.971,0.8357,5024500,1-2
2531,IAU,-1.459338,-0.187527,56.99,2025-03-25,iShares Gold Trust,BlackRock,GOLD,0.25,6.4555,-17.459,0.8362,2805200,1-2
2532,IAU,-1.466981,-0.581794,56.92,2025-03-26,iShares Gold Trust,BlackRock,GOLD,0.25,6.4036,-61.814,0.8365,2367200,1-1
2533,IAU,-1.529113,-0.161225,57.68,2025-03-27,iShares Gold Trust,BlackRock,GOLD,0.25,5.9822,-14.5,0.8401,5245500,1-2
2534,IAU,-1.590075,0.08832,58.13,2025-03-28,iShares Gold Trust,BlackRock,GOLD,0.25,5.5686,13.574,0.8405,5060900,1-3
2535,IAU,-1.575059,0.760518,58.96,2025-03-31,iShares Gold Trust,BlackRock,GOLD,0.25,5.6705,89.196,0.8512,9362300,1-4
2536,IAU,-1.585114,0.511051,58.86,2025-04-01,iShares Gold Trust,BlackRock,GOLD,0.25,5.6022,61.131,0.845,13282000,1-3
2537,IAU,-1.550904,0.190181,58.95,2025-04-02,iShares Gold Trust,BlackRock,GOLD,0.25,5.8343,25.033,0.8333,6634500,1-3
2538,IAU,-1.583031,0.444232,58.6,2025-04-03,iShares Gold Trust,BlackRock,GOLD,0.25,5.6164,53.614,0.8155,12148800,1-3
2539,IAU,-1.598602,0.369186,57.26,2025-04-04,iShares Gold Trust,BlackRock,GOLD,0.25,5.5107,45.171,0.8217,16907900,1-3
2540,IAU,-1.628499,-0.31063,56.1,2025-04-07,iShares Gold Trust,BlackRock,GOLD,0.25,5.3079,-31.308,0.8372,16100500,1-2
2541,IAU,-1.675143,-0.356752,56.31,2025-04-08,iShares Gold Trust,BlackRock,GOLD,0.25,4.9915,-36.497,0.8476,11423300,1-2
2542,IAU,-1.544513,0.886126,58.38,2025-04-09,iShares Gold Trust,BlackRock,GOLD,0.25,5.8777,103.327,0.8952,19134300,1-4
2543,IAU,-1.546441,0.093725,59.81,2025-04-10,iShares Gold Trust,BlackRock,GOLD,0.25,5.8646,14.182,0.8763,10539300,1-3
2544,IAU,-1.560943,0.161295,60.96,2025-04-11,iShares Gold Trust,BlackRock,GOLD,0.25,5.7662,21.784,0.8828,10467200,1-3
2545,IAU,-1.580556,0.353374,60.59,2025-04-14,iShares Gold Trust,BlackRock,GOLD,0.25,5.6332,43.393,0.8913,13329800,1-3
2546,IAU,-1.582929,0.626404,60.94,2025-04-15,iShares Gold Trust,BlackRock,GOLD,0.25,5.6171,74.108,0.8893,4791500,1-4
2547,IAU,-1.597262,-0.026107,62.93,2025-04-16,iShares Gold Trust,BlackRock,GOLD,0.25,5.5198,0.701,0.8963,11711500,1-2
2548,IAU,-1.610287,0.303673,62.63,2025-04-17,iShares Gold Trust,BlackRock,GOLD,0.25,5.4315,37.801,0.8966,7502900,1-3
2549,IAU,-1.599138,0.651828,64.59,2025-04-21,iShares Gold Trust,BlackRock,GOLD,0.25,5.5071,76.969,0.9092,11458600,1-4
2550,IAU,-1.339418,-0.395901,63.66,2025-04-22,iShares Gold Trust,BlackRock,GOLD,0.25,7.269,-40.901,0.9165,21160500,1-2
2551,IAU,-1.260353,0.185414,62.12,2025-04-23,iShares Gold Trust,BlackRock,GOLD,0.25,7.8054,24.497,0.8832,20124300,1-3
2552,IAU,-1.260967,-0.061083,63.04,2025-04-24,iShares Gold Trust,BlackRock,GOLD,0.25,7.8012,-3.234,0.8837,8467200,1-2
2553,IAU,-1.262463,0.114316,62.34,2025-04-25,iShares Gold Trust,BlackRock,GOLD,0.25,7.7911,16.499,0.88,7890000,1-3
2554,IAU,-1.262435,-0.209441,63.23,2025-04-28,iShares Gold Trust,BlackRock,GOLD,0.25,7.7913,-19.924,0.885,7891500,1-2
2555,IAU,-1.235132,0.443829,62.64,2025-04-29,iShares Gold Trust,BlackRock,GOLD,0.25,7.9765,53.569,0.8921,7537600,1-3
2556,IAU,-1.217719,-0.645177,62.17,2025-04-30,iShares Gold Trust,BlackRock,GOLD,0.25,8.0946,-68.944,0.8955,8244800,1-1
2557,IAU,-1.217667,-0.234473,60.86,2025-05-01,iShares Gold Trust,BlackRock,GOLD,0.25,8.095,-22.74,0.8819,8245300,1-2
2558,IAU,-1.226565,-0.786413,60.97,2025-05-02,iShares Gold Trust,BlackRock,GOLD,0.25,8.0346,-84.833,0.88,6921500,1-1
2559,IAU,-1.159079,-0.172138,62.79,2025-05-05,iShares Gold Trust,BlackRock,GOLD,0.25,8.4924,-15.728,0.8955,7354900,1-2
2560,IAU,-1.175577,0.442873,64.57,2025-05-06,iShares Gold Trust,BlackRock,GOLD,0.25,8.3805,53.461,0.8977,8319200,1-3
2561,IAU,-1.11583,0.15775,63.61,2025-05-07,iShares Gold Trust,BlackRock,GOLD,0.25,8.7858,21.385,0.9025,7982700,1-3
2562,IAU,-1.22081,-0.003966,62.34,2025-05-08,iShares Gold Trust,BlackRock,GOLD,0.25,8.0736,3.192,0.8966,9265000,1-2
2563,IAU,-1.221322,0.048151,62.77,2025-05-09,iShares Gold Trust,BlackRock,GOLD,0.25,8.0702,9.055,0.8944,4985300,1-3
2564,IAU,-1.213081,-0.401988,61.0,2025-05-12,iShares Gold Trust,BlackRock,GOLD,0.25,8.1261,-41.586,0.8866,11144100,1-2
2565,IAU,-1.213861,-0.596934,61.28,2025-05-13,iShares Gold Trust,BlackRock,GOLD,0.25,8.1208,-63.517,0.8837,9535000,1-1
2566,IAU,-1.187723,-0.444446,59.97,2025-05-14,iShares Gold Trust,BlackRock,GOLD,0.25,8.2981,-46.362,0.8895,10171800,1-2
2567,IAU,-1.165914,-0.240776,60.93,2025-05-15,iShares Gold Trust,BlackRock,GOLD,0.25,8.446,-23.449,0.8947,6693400,1-2
2568,IAU,-1.165027,-0.027848,60.2,2025-05-16,iShares Gold Trust,BlackRock,GOLD,0.25,8.4521,0.505,0.8982,8372300,1-2
2569,IAU,-1.192261,-0.297973,60.97,2025-05-19,iShares Gold Trust,BlackRock,GOLD,0.25,8.2673,-29.884,0.8976,5463400,1-2
2570,IAU,-1.380681,0.184282,62.12,2025-05-20,iShares Gold Trust,BlackRock,GOLD,0.25,6.9891,24.37,0.9013,21557900,1-3
2571,IAU,-1.482455,0.61949,62.59,2025-05-21,iShares Gold Trust,BlackRock,GOLD,0.25,6.2987,73.331,0.9014,11393400,1-4
2572,IAU,-1.456406,-0.200858,62.03,2025-05-22,iShares Gold Trust,BlackRock,GOLD,0.25,6.4754,-18.959,0.9039,8357900,1-2
2573,IAU,-1.455098,0.101916,63.38,2025-05-23,iShares Gold Trust,BlackRock,GOLD,0.25,6.4843,15.104,0.9017,7542000,1-3
2574,IAU,-1.455543,0.194784,62.31,2025-05-27,iShares Gold Trust,BlackRock,GOLD,0.25,6.4812,25.551,0.9115,6745300,1-3
2575,IAU,-1.502137,-0.264948,62.17,2025-05-28,iShares Gold Trust,BlackRock,GOLD,0.25,6.1652,-26.169,0.9162,11400800,1-2
2576,IAU,-1.525021,-0.280722,62.54,2025-05-29,iShares Gold Trust,BlackRock,GOLD,0.25,6.0099,-27.943,0.9153,6176200,1-2
2577,IAU,-1.552226,0.256407,62.16,2025-05-30,iShares Gold Trust,BlackRock,GOLD,0.25,5.8254,32.484,0.9142,8115900,1-3
2578,IAU,-1.5696,0.331393,63.77,2025-06-02,iShares Gold Trust,BlackRock,GOLD,0.25,5.7075,40.92,0.9176,8006100,1-3
2579,IAU,-1.658487,0.01728,63.23,2025-06-03,iShares Gold Trust,BlackRock,GOLD,0.25,5.1045,5.582,0.9211,7150900,1-3
2580,IAU,-1.662561,0.061849,63.62,2025-06-04,iShares Gold Trust,BlackRock,GOLD,0.25,5.0769,10.596,0.9188,5773600,1-3
2581,IAU,-1.759103,0.2033,63.29,2025-06-05,iShares Gold Trust,BlackRock,GOLD,0.25,4.4219,26.509,0.9169,16510800,1-3
2582,IAU,-1.715872,-0.419974,62.47,2025-06-06,iShares Gold Trust,BlackRock,GOLD,0.25,4.7152,-43.609,0.9223,6056200,1-2
2583,IAU,-1.733771,-0.539076,62.74,2025-06-09,iShares Gold Trust,BlackRock,GOLD,0.25,4.5938,-57.008,0.9197,4308800,1-2
2584,IAU,-1.721376,0.037329,62.77,2025-06-10,iShares Gold Trust,BlackRock,GOLD,0.25,4.6779,7.837,0.9189,4983900,1-3
2585,IAU,-1.668828,0.541242,63.12,2025-06-11,iShares Gold Trust,BlackRock,GOLD,0.25,5.0343,64.528,0.9184,7219400,1-3
2586,IAU,-1.692351,0.084167,63.89,2025-06-12,iShares Gold Trust,BlackRock,GOLD,0.25,4.8748,13.107,0.9136,11874900,1-3
2587,IAU,-1.735443,0.530725,64.74,2025-06-13,iShares Gold Trust,BlackRock,GOLD,0.25,4.5824,63.344,0.9137,11711200,1-3
2588,IAU,-1.680333,-0.09027,63.8,2025-06-16,iShares Gold Trust,BlackRock,GOLD,0.25,4.9563,-6.517,0.9176,8940900,1-2
2589,IAU,-1.664215,-0.144702,63.82,2025-06-17,iShares Gold Trust,BlackRock,GOLD,0.25,5.0656,-12.641,0.9158,8616500,1-2
2590,IAU,-1.634265,-1.180799,63.48,2025-06-18,iShares Gold Trust,BlackRock,GOLD,0.25,5.2688,-129.202,0.9155,9442500,1-1
2591,IAU,-1.577274,-0.335223,63.45,2025-06-20,iShares Gold Trust,BlackRock,GOLD,0.25,5.6554,-34.075,0.9126,4568300,1-2
2592,IAU,-1.609359,-0.233782,63.67,2025-06-23,iShares Gold Trust,BlackRock,GOLD,0.25,5.4378,-22.662,0.9126,10781600,1-2
2593,IAU,-1.616609,0.300462,62.68,2025-06-24,iShares Gold Trust,BlackRock,GOLD,0.25,5.3886,37.44,0.9109,9301900,1-3
2594,IAU,-1.617181,0.041688,62.85,2025-06-25,iShares Gold Trust,BlackRock,GOLD,0.25,5.3847,8.328,0.911,4078400,1-3
2595,IAU,-1.606465,0.367396,62.8,2025-06-26,iShares Gold Trust,BlackRock,GOLD,0.25,5.4574,44.97,0.9087,4159600,1-3
2596,IAU,-1.600387,-0.288534,61.65,2025-06-27,iShares Gold Trust,BlackRock,GOLD,0.25,5.4986,-28.822,0.911,7104300,1-2
2597,IAU,-1.54946,0.140145,62.36,2025-06-30,iShares Gold Trust,BlackRock,GOLD,0.25,5.8441,19.404,0.9145,10439800,1-3
2598,IAU,-1.553427,-0.172172,62.92,2025-07-01,iShares Gold Trust,BlackRock,GOLD,0.25,5.8172,-15.731,0.9182,5328200,1-2
2599,IAU,-1.550763,0.095402,63.31,2025-07-02,iShares Gold Trust,BlackRock,GOLD,0.25,5.8353,14.371,0.923,9064000,1-3
2600,IAU,-1.540607,0.103705,62.87,2025-07-03,iShares Gold Trust,BlackRock,GOLD,0.25,5.9042,15.305,0.9216,3156500,1-3
2601,IAU,-1.541707,0.336597,62.92,2025-07-07,iShares Gold Trust,BlackRock,GOLD,0.25,5.8967,41.505,0.9219,4468700,1-3
2602,IAU,-1.56643,-0.49425,62.26,2025-07-08,iShares Gold Trust,BlackRock,GOLD,0.25,5.729,-51.965,0.9069,8177800,1-2
2603,IAU,-1.557499,0.009533,62.52,2025-07-09,iShares Gold Trust,BlackRock,GOLD,0.25,5.7896,4.71,0.9172,4476000,1-3
2604,IAU,-1.577951,-0.192074,62.67,2025-07-10,iShares Gold Trust,BlackRock,GOLD,0.25,5.6508,-17.97,0.9176,3568500,1-2
2605,IAU,-1.634628,-0.027826,63.3,2025-07-11,iShares Gold Trust,BlackRock,GOLD,0.25,5.2664,0.508,0.9166,5651000,1-2
2606,IAU,-1.650976,-0.326181,63.05,2025-07-14,iShares Gold Trust,BlackRock,GOLD,0.25,5.1555,-33.057,0.9165,4615300,1-2
2607,IAU,-1.644541,0.143374,62.78,2025-07-15,iShares Gold Trust,BlackRock,GOLD,0.25,5.1991,19.768,0.9104,10493700,1-3
2608,IAU,-1.69572,-0.197275,63.11,2025-07-16,iShares Gold Trust,BlackRock,GOLD,0.25,4.8519,-18.555,0.91,10322200,1-2
2609,IAU,-1.711824,-0.18318,62.96,2025-07-17,iShares Gold Trust,BlackRock,GOLD,0.25,4.7427,-16.97,0.8983,4897300,1-2
2610,IAU,-1.796887,-0.197289,63.13,2025-07-18,iShares Gold Trust,BlackRock,GOLD,0.25,4.1656,-18.557,0.8966,7448100,1-2
2611,IAU,-1.860197,0.187456,64.09,2025-07-21,iShares Gold Trust,BlackRock,GOLD,0.25,3.7361,24.727,0.9318,5242600,1-3
2612,IAU,-1.861018,-0.018761,64.7,2025-07-22,iShares Gold Trust,BlackRock,GOLD,0.25,3.7306,1.527,0.9327,5045200,1-2
2613,IAU,-1.862681,0.072161,63.91,2025-07-23,iShares Gold Trust,BlackRock,GOLD,0.25,3.7193,11.756,0.937,11582700,1-3
2614,IAU,-1.862037,0.026158,63.53,2025-07-24,iShares Gold Trust,BlackRock,GOLD,0.25,3.7236,6.581,0.9365,3271300,1-3
2615,IAU,-1.878706,0.137758,62.91,2025-07-25,iShares Gold Trust,BlackRock,GOLD,0.25,3.6106,19.136,0.9335,5506600,1-3
2616,IAU,-1.890235,0.063362,62.52,2025-07-28,iShares Gold Trust,BlackRock,GOLD,0.25,3.5324,10.766,0.9314,4606300,1-3
2617,IAU,-1.980628,0.002847,62.69,2025-07-29,iShares Gold Trust,BlackRock,GOLD,0.25,2.9191,3.958,0.9494,3660100,1-3
2618,IAU,-1.781668,-0.822257,61.62,2025-07-30,iShares Gold Trust,BlackRock,GOLD,0.25,4.2689,-88.866,0.9612,8431800,1-1
2619,IAU,-1.689426,-0.233638,62.01,2025-07-31,iShares Gold Trust,BlackRock,GOLD,0.25,4.8946,-22.646,0.9433,4852600,1-2
2620,IAU,-1.654545,0.1468,63.29,2025-08-01,iShares Gold Trust,BlackRock,GOLD,0.25,5.1312,20.153,0.9538,8423900,1-3
2621,IAU,-1.647379,-0.098018,63.64,2025-08-04,iShares Gold Trust,BlackRock,GOLD,0.25,5.1798,-7.389,0.9448,3891800,1-2
2622,IAU,-1.669897,-0.09463,63.69,2025-08-05,iShares Gold Trust,BlackRock,GOLD,0.25,5.0271,-7.008,0.9575,5550300,1-2
2623,IAU,-1.682203,0.589651,63.56,2025-08-06,iShares Gold Trust,BlackRock,GOLD,0.25,4.9436,69.974,0.9644,3177300,1-4
2624,IAU,-1.673661,0.155597,64.08,2025-08-07,iShares Gold Trust,BlackRock,GOLD,0.25,5.0016,21.143,0.9982,5775400,1-3
2625,IAU,-1.462952,-1.285247,64.06,2025-08-08,iShares Gold Trust,BlackRock,GOLD,0.25,6.431,-140.952,0.9802,10126600,1-1
2626,IAU,-1.336195,-0.268917,63.17,2025-08-11,iShares Gold Trust,BlackRock,GOLD,0.25,7.2909,-26.615,0.9254,7022200,1-2
2627,IAU,-1.339863,-0.146125,63.1,2025-08-12,iShares Gold Trust,BlackRock,GOLD,0.25,7.266,-12.801,0.9172,5391900,1-2
2628,IAU,-1.340767,0.016837,63.29,2025-08-13,iShares Gold Trust,BlackRock,GOLD,0.25,7.2599,5.532,0.9153,2998100,1-3
2629,IAU,-1.341941,-0.153467,62.9,2025-08-14,iShares Gold Trust,BlackRock,GOLD,0.25,7.2519,-13.627,0.9166,3838800,1-2
2630,IAU,-1.342441,0.900063,62.94,2025-08-15,iShares Gold Trust,BlackRock,GOLD,0.25,7.2485,104.895,0.9054,7667400,1-4
2631,IAU,-1.345851,0.023197,62.84,2025-08-18,iShares Gold Trust,BlackRock,GOLD,0.25,7.2254,6.248,0.9061,7055700,1-3
2632,IAU,-1.345982,-0.034924,62.49,2025-08-19,iShares Gold Trust,BlackRock,GOLD,0.25,7.2245,-0.291,0.9028,4419700,1-2
2633,IAU,-1.339878,0.122199,63.13,2025-08-20,iShares Gold Trust,BlackRock,GOLD,0.25,7.2659,17.385,0.8975,3608700,1-3
2634,IAU,-1.335524,-0.069252,62.9,2025-08-21,iShares Gold Trust,BlackRock,GOLD,0.25,7.2954,-4.153,0.8996,6383700,1-2
2635,IAU,-1.335177,-0.045509,63.58,2025-08-22,iShares Gold Trust,BlackRock,GOLD,0.25,7.2978,-1.482,0.9008,12583500,1-2
2636,IAU,-1.33155,-0.189759,63.44,2025-08-25,iShares Gold Trust,BlackRock,GOLD,0.25,7.3224,-17.71,0.9017,2224900,1-2
2637,IAU,-1.321205,0.126246,63.88,2025-08-26,iShares Gold Trust,BlackRock,GOLD,0.25,7.3926,17.841,0.9069,7909500,1-3
2638,IAU,-1.436192,-0.250841,64.01,2025-08-27,iShares Gold Trust,BlackRock,GOLD,0.25,6.6125,-24.582,0.8864,2931200,1-2
2639,IAU,-1.508703,-0.042419,64.49,2025-08-28,iShares Gold Trust,BlackRock,GOLD,0.25,6.1206,-1.134,0.8829,4900200,1-2
2640,IAU,-1.546067,-0.215258,65.1,2025-08-29,iShares Gold Trust,BlackRock,GOLD,0.25,5.8671,-20.579,0.8795,6360600,1-2
2641,IAU,-1.521831,0.333232,66.65,2025-09-02,iShares Gold Trust,BlackRock,GOLD,0.25,6.0316,41.127,0.9001,9973200,1-3
2642,IAU,-1.513781,-0.16056,67.2,2025-09-03,iShares Gold Trust,BlackRock,GOLD,0.25,6.0862,-14.425,0.8831,5169300,1-2
2643,IAU,-1.508785,0.243149,66.91,2025-09-04,iShares Gold Trust,BlackRock,GOLD,0.25,6.1201,30.992,0.8784,6439500,1-3
2644,IAU,-1.514421,0.288385,67.76,2025-09-05,iShares Gold Trust,BlackRock,GOLD,0.25,6.0818,36.081,0.8837,8368400,1-3
2645,IAU,-1.732682,0.873942,68.54,2025-09-08,iShares Gold Trust,BlackRock,GOLD,0.25,4.6012,101.956,0.8906,6838300,1-4
2646,IAU,-1.885015,0.223744,68.41,2025-09-09,iShares Gold Trust,BlackRock,GOLD,0.25,3.5678,28.809,0.9031,8801400,1-3
2647,IAU,-1.862614,0.747755,68.64,2025-09-10,iShares Gold Trust,BlackRock,GOLD,0.25,3.7197,87.76,0.9029,6802500,1-4
2648,IAU,-1.862199,0.537434,68.53,2025-09-11,iShares Gold Trust,BlackRock,GOLD,0.25,3.7225,64.099,0.8894,10093600,1-3
2649,IAU,-1.857957,0.37511,68.68,2025-09-12,iShares Gold Trust,BlackRock,GOLD,0.25,3.7513,45.838,0.8913,3745700,1-3
2650,IAU,-1.850348,0.091757,69.38,2025-09-15,iShares Gold Trust,BlackRock,GOLD,0.25,3.8029,13.961,0.894,4457800,1-3
2651,IAU,-1.852445,0.434049,69.54,2025-09-16,iShares Gold Trust,BlackRock,GOLD,0.25,3.7887,52.468,0.9027,27357700,1-3
2652,IAU,-1.756416,-0.395304,69.0,2025-09-17,iShares Gold Trust,BlackRock,GOLD,0.25,4.4402,-40.834,0.9071,17507500,1-2
2653,IAU,-1.714415,0.055551,68.71,2025-09-18,iShares Gold Trust,BlackRock,GOLD,0.25,4.7251,9.887,0.8957,9244100,1-3
2654,IAU,-1.705872,0.463984,69.44,2025-09-19,iShares Gold Trust,BlackRock,GOLD,0.25,4.783,55.836,0.9006,5766000,1-3
2655,IAU,-1.705373,0.289311,70.63,2025-09-22,iShares Gold Trust,BlackRock,GOLD,0.25,4.7864,36.185,0.9006,6521700,1-3
2656,IAU,-1.658546,-0.209291,70.94,2025-09-23,iShares Gold Trust,BlackRock,GOLD,0.25,5.1041,-19.907,0.879,11213900,1-2
2657,IAU,-1.66576,0.505699,70.29,2025-09-24,iShares Gold Trust,BlackRock,GOLD,0.25,5.0552,60.529,0.8675,9123000,1-3
2658,IAU,-1.669087,0.318177,70.58,2025-09-25,iShares Gold Trust,BlackRock,GOLD,0.25,5.0326,39.433,0.8728,7896100,1-3
2659,IAU,-1.643129,-0.284586,70.99,2025-09-26,iShares Gold Trust,BlackRock,GOLD,0.25,5.2087,-28.378,0.8657,7110600,1-2
2660,IAU,-1.602106,0.220735,72.16,2025-09-29,iShares Gold Trust,BlackRock,GOLD,0.25,5.487,28.471,0.8734,7263500,1-3
2661,IAU,-1.604962,1.004308,72.77,2025-09-30,iShares Gold Trust,BlackRock,GOLD,0.25,5.4676,116.623,0.8758,7678100,1-4
2662,IAU,-1.576592,0.430768,72.88,2025-10-01,iShares Gold Trust,BlackRock,GOLD,0.25,5.6601,52.099,0.8614,10140100,1-3
2663,IAU,-1.572559,0.432659,72.65,2025-10-02,iShares Gold Trust,BlackRock,GOLD,0.25,5.6874,52.312,0.8563,11710400,1-3
2664,IAU,-1.565457,0.591401,73.22,2025-10-03,iShares Gold Trust,BlackRock,GOLD,0.25,5.7356,70.171,0.8535,9028000,1-4
2665,IAU,-1.584028,0.423345,74.62,2025-10-06,iShares Gold Trust,BlackRock,GOLD,0.25,5.6096,51.264,0.8656,9403200,1-3
2666,IAU,-1.606282,-0.000263,75.01,2025-10-07,iShares Gold Trust,BlackRock,GOLD,0.25,5.4586,3.608,0.8616,8728100,1-3
2667,IAU,-1.616755,0.536814,76.22,2025-10-08,iShares Gold Trust,BlackRock,GOLD,0.25,5.3876,64.029,0.8667,11060900,1-3
2668,IAU,-1.61265,0.482111,74.83,2025-10-09,iShares Gold Trust,BlackRock,GOLD,0.25,5.4155,57.875,0.8568,23845100,1-3
2669,IAU,-1.605809,0.91062,75.58,2025-10-10,iShares Gold Trust,BlackRock,GOLD,0.25,5.4619,106.083,0.8597,12966900,1-4
2670,IAU,-1.577008,0.25926,77.43,2025-10-13,iShares Gold Trust,BlackRock,GOLD,0.25,5.6572,32.805,0.8388,9388800,1-3
2671,IAU,-1.575767,0.483184,78.03,2025-10-14,iShares Gold Trust,BlackRock,GOLD,0.25,5.6657,57.996,0.8353,11451300,1-3
2672,IAU,-1.568602,1.111166,79.32,2025-10-15,iShares Gold Trust,BlackRock,GOLD,0.25,5.7143,128.644,0.8432,11406400,1-4
2673,IAU,-1.59073,1.093846,81.15,2025-10-16,iShares Gold Trust,BlackRock,GOLD,0.25,5.5642,126.696,0.8433,17695100,1-4
2674,IAU,-1.59359,0.704549,79.63,2025-10-17,iShares Gold Trust,BlackRock,GOLD,0.25,5.5448,82.9,0.8478,40401300,1-4
2675,IAU,-1.56354,1.500969,82.5,2025-10-20,iShares Gold Trust,BlackRock,GOLD,0.25,5.7486,172.497,0.8673,15793200,1-4
2676,IAU,-1.470425,0.59901,77.38,2025-10-21,iShares Gold Trust,BlackRock,GOLD,0.25,6.3803,71.027,0.9404,39834100,1-4
2677,IAU,-1.394488,0.59601,77.28,2025-10-22,iShares Gold Trust,BlackRock,GOLD,0.25,6.8954,70.689,0.9305,24702700,1-4
2678,IAU,-1.100632,-0.877507,77.55,2025-10-23,iShares Gold Trust,BlackRock,GOLD,0.25,8.8889,-95.082,0.8995,10752000,1-1
2679,IAU,-1.110818,-0.94093,77.31,2025-10-24,iShares Gold Trust,BlackRock,GOLD,0.25,8.8198,-102.217,0.9029,11592400,1-1
2680,IAU,-1.132134,-1.651616,75.15,2025-10-27,iShares Gold Trust,BlackRock,GOLD,0.25,8.6752,-182.169,0.9041,19098400,1-1
2681,IAU,-1.14651,-0.83828,74.59,2025-10-28,iShares Gold Trust,BlackRock,GOLD,0.25,8.5777,-90.668,0.9045,11185300,1-1
2682,IAU,-1.10078,-2.291998,74.31,2025-10-29,iShares Gold Trust,BlackRock,GOLD,0.25,8.8879,-254.212,0.9034,15939000,1-1
2683,IAU,-0.869216,0.38377,75.79,2025-10-30,iShares Gold Trust,BlackRock,GOLD,0.25,10.4588,46.812,0.9049,10400900,1-3
2684,IAU,-0.870266,0.435612,75.39,2025-10-31,iShares Gold Trust,BlackRock,GOLD,0.25,10.4517,52.644,0.905,9572400,1-3
2685,IAU,-0.874467,0.457316,75.54,2025-11-03,iShares Gold Trust,BlackRock,GOLD,0.25,10.4232,55.086,0.9122,6968000,1-3
2686,IAU,-0.846583,-0.071297,74.21,2025-11-04,iShares Gold Trust,BlackRock,GOLD,0.25,10.6123,-4.383,0.94,6979400,1-2
2687,IAU,-0.838324,0.928835,75.05,2025-11-05,iShares Gold Trust,BlackRock,GOLD,0.25,10.6684,108.132,0.9414,5947200,1-4
2688,IAU,-0.841621,-0.555946,74.97,2025-11-06,iShares Gold Trust,BlackRock,GOLD,0.25,10.646,-58.906,0.9417,7512500,1-2
2689,IAU,-0.850938,-0.336082,75.43,2025-11-07,iShares Gold Trust,BlackRock,GOLD,0.25,10.5828,-34.171,0.9421,8568500,1-2
2690,IAU,-0.861784,-0.096083,77.47,2025-11-10,iShares Gold Trust,BlackRock,GOLD,0.25,10.5092,-7.171,0.9429,6054500,1-2
2691,IAU,-0.839321,0.856574,77.8,2025-11-11,iShares Gold Trust,BlackRock,GOLD,0.25,10.6616,100.003,0.9408,6738900,1-4
2692,IAU,-0.874496,0.007105,79.04,2025-11-12,iShares Gold Trust,BlackRock,GOLD,0.25,10.423,4.437,0.9305,13813900,1-3
2693,IAU,-0.869284,-0.272111,78.41,2025-11-13,iShares Gold Trust,BlackRock,GOLD,0.25,10.4583,-26.975,0.9325,12295600,1-2
2694,IAU,-0.851917,-0.070915,76.98,2025-11-14,iShares Gold Trust,BlackRock,GOLD,0.25,10.5762,-4.34,0.9241,15959800,1-2
2695,IAU,-0.853525,-0.73975,76.11,2025-11-17,iShares Gold Trust,BlackRock,GOLD,0.25,10.5653,-79.584,0.9281,10494300,1-1
2696,IAU,-0.822512,-0.403013,76.69,2025-11-18,iShares Gold Trust,BlackRock,GOLD,0.25,10.7756,-41.701,0.9245,10234000,1-2
2697,IAU,-0.894992,-0.092604,76.78,2025-11-19,iShares Gold Trust,BlackRock,GOLD,0.25,10.2839,-6.78,0.924,9162100,1-2
2698,IAU,-1.069861,0.700048,76.78,2025-11-20,iShares Gold Trust,BlackRock,GOLD,0.25,9.0977,82.393,0.9217,8518700,1-4
2699,IAU,-1.022751,-0.239113,76.61,2025-11-21,iShares Gold Trust,BlackRock,GOLD,0.25,9.4172,-23.262,0.9207,10289900,1-2
2700,IAU,-0.883732,1.491247,77.84,2025-11-24,iShares Gold Trust,BlackRock,GOLD,0.25,10.3603,171.403,0.9229,7411900,1-4
2701,IAU,-0.773234,-0.267268,77.83,2025-11-25,iShares Gold Trust,BlackRock,GOLD,0.25,11.1099,-26.43,0.9111,12677900,1-2
2702,IAU,-0.82969,0.144753,78.44,2025-11-26,iShares Gold Trust,BlackRock,GOLD,0.25,10.7269,19.923,0.9139,9143000,1-3
2703,IAU,-1.065457,-0.2213,79.41,2025-11-28,iShares Gold Trust,BlackRock,GOLD,0.25,9.1275,-21.258,0.916,6228400,1-2
2704,IAU,-1.065934,0.424569,79.81,2025-12-01,iShares Gold Trust,BlackRock,GOLD,0.25,9.1243,51.402,0.9159,10411600,1-3
2705,IAU,-1.047782,-0.256033,79.29,2025-12-02,iShares Gold Trust,BlackRock,GOLD,0.25,9.2474,-25.166,0.9092,8130400,1-2
2706,IAU,-1.06614,0.374202,79.23,2025-12-03,iShares Gold Trust,BlackRock,GOLD,0.25,9.1229,45.736,0.9088,5417200,1-3
2707,IAU,-1.071808,0.004804,79.28,2025-12-04,iShares Gold Trust,BlackRock,GOLD,0.25,9.0844,4.178,0.9092,4030300,1-3
2708,IAU,-1.068319,-0.234409,79.14,2025-12-05,iShares Gold Trust,BlackRock,GOLD,0.25,9.1081,-22.733,0.9095,6569800,1-2
2709,IAU,-1.060488,0.003314,78.95,2025-12-08,iShares Gold Trust,BlackRock,GOLD,0.25,9.1612,4.011,0.9077,6331000,1-3
2710,IAU,-1.060318,-0.363133,79.34,2025-12-09,iShares Gold Trust,BlackRock,GOLD,0.25,9.1624,-37.214,0.9069,5245200,1-2
2711,IAU,-1.048505,0.514954,79.67,2025-12-10,iShares Gold Trust,BlackRock,GOLD,0.25,9.2425,61.57,0.9049,8626400,1-3
2712,IAU,-1.021287,-0.000609,80.54,2025-12-11,iShares Gold Trust,BlackRock,GOLD,0.25,9.4272,3.569,0.8916,13195700,1-2
2713,IAU,-1.036025,0.401929,80.99,2025-12-12,iShares Gold Trust,BlackRock,GOLD,0.25,9.3272,48.855,0.8962,13725700,1-3
2714,IAU,-1.048109,0.098585,81.08,2025-12-15,iShares Gold Trust,BlackRock,GOLD,0.25,9.2452,14.729,0.895,7222800,1-3
2715,IAU,-1.107189,0.075781,81.08,2025-12-16,iShares Gold Trust,BlackRock,GOLD,0.25,8.8444,12.163,0.8949,6965200,1-3
2716,IAU,-1.195211,-0.54115,81.76,2025-12-17,iShares Gold Trust,BlackRock,GOLD,0.25,8.2473,-57.241,0.8977,10268800,1-2
2717,IAU,-1.204091,0.164478,81.63,2025-12-18,iShares Gold Trust,BlackRock,GOLD,0.25,8.1871,22.142,0.9002,8053100,1-3
2718,IAU,-1.215858,-0.375395,81.71,2025-12-19,iShares Gold Trust,BlackRock,GOLD,0.25,8.1072,-38.594,0.8998,5202600,1-2
2719,IAU,-1.238316,0.143837,83.59,2025-12-22,iShares Gold Trust,BlackRock,GOLD,0.25,7.9549,19.82,0.9085,6309800,1-3
2720,IAU,-1.403867,0.564786,84.68,2025-12-23,iShares Gold Trust,BlackRock,GOLD,0.25,6.8318,67.176,0.9071,7327000,1-4
2721,IAU,-1.564325,0.297541,84.34,2025-12-24,iShares Gold Trust,BlackRock,GOLD,0.25,5.7433,37.111,0.9073,6549300,1-3
2722,IAU,-1.56484,0.468497,85.34,2025-12-26,iShares Gold Trust,BlackRock,GOLD,0.25,5.7398,56.344,0.91,8989300,1-3
2723,IAU,-1.553551,0.584407,81.61,2025-12-29,iShares Gold Trust,BlackRock,GOLD,0.25,5.8164,69.384,0.921,16442800,1-4
2724,IAU,-1.443955,-0.646966,81.71,2025-12-30,iShares Gold Trust,BlackRock,GOLD,0.25,6.5599,-69.146,0.9176,8333700,1-1
2725,IAU,-1.469523,-0.867797,81.17,2025-12-31,iShares Gold Trust,BlackRock,GOLD,0.25,6.3864,-93.989,0.9125,9044600,1-1
2726,IAU,-1.411999,0.086285,81.56,2026-01-02,iShares Gold Trust,BlackRock,GOLD,0.25,6.7766,13.345,0.9111,9679200,1-3
2727,IAU,-1.420369,-0.04513,83.71,2026-01-05,iShares Gold Trust,BlackRock,GOLD,0.25,6.7199,-1.439,0.9111,9385200,1-2
2728,IAU,-1.428009,0.286794,84.62,2026-01-06,iShares Gold Trust,BlackRock,GOLD,0.25,6.668,35.902,0.9179,8729000,1-3
2729,IAU,-1.423131,0.768802,83.81,2026-01-07,iShares Gold Trust,BlackRock,GOLD,0.25,6.7011,90.128,0.9186,8631600,1-4
2730,IAU,-1.385873,1.017681,84.28,2026-01-08,iShares Gold Trust,BlackRock,GOLD,0.25,6.9539,118.127,0.931,5575800,1-4
2731,IAU,-1.43493,0.271854,84.89,2026-01-09,iShares Gold Trust,BlackRock,GOLD,0.25,6.6211,34.222,0.93,10736000,1-3
2732,IAU,-1.503062,-0.161136,86.49,2026-01-12,iShares Gold Trust,BlackRock,GOLD,0.25,6.1589,-14.49,0.9187,10978300,1-2
2733,IAU,-1.508644,-0.159214,86.36,2026-01-13,iShares Gold Trust,BlackRock,GOLD,0.25,6.121,-14.274,0.9175,13273100,1-2
2734,IAU,-1.500918,0.326868,87.23,2026-01-14,iShares Gold Trust,BlackRock,GOLD,0.25,6.1734,40.411,0.9199,11856400,1-3
2735,IAU,-1.47211,-0.519005,86.71,2026-01-15,iShares Gold Trust,BlackRock,GOLD,0.25,6.3689,-54.75,0.9111,8795500,1-2
2736,IAU,-1.472978,-0.406159,86.27,2026-01-16,iShares Gold Trust,BlackRock,GOLD,0.25,6.363,-42.055,0.8449,20024200,1-2
2737,IAU,-1.436454,0.45017,89.55,2026-01-20,iShares Gold Trust,BlackRock,GOLD,0.25,6.6107,54.282,0.8747,17969900,1-3
2738,IAU,-1.461754,0.412559,90.87,2026-01-21,iShares Gold Trust,BlackRock,GOLD,0.25,6.4391,50.051,0.8998,26241200,1-3
2739,IAU,-1.480273,0.547688,92.56,2026-01-22,iShares Gold Trust,BlackRock,GOLD,0.25,6.3135,65.253,0.9038,11020500,1-4
2740,IAU,-1.514245,0.992491,93.79,2026-01-23,iShares Gold Trust,BlackRock,GOLD,0.25,6.083,115.293,0.895,18623600,1-4
2741,IAU,-1.51437,0.672257,95.18,2026-01-26,iShares Gold Trust,BlackRock,GOLD,0.25,6.0822,79.267,0.888,25297400,1-4
2742,IAU,-0.891536,2.322813,97.48,2026-01-27,iShares Gold Trust,BlackRock,GOLD,0.25,10.3074,264.954,0.8785,20377800,1-4
2743,IAU,-0.904353,2.269026,101.25,2026-01-28,iShares Gold Trust,BlackRock,GOLD,0.25,10.2204,258.903,0.877,42995600,1-4
2744,IAU,-1.00394,1.935514,101.57,2026-01-29,iShares Gold Trust,BlackRock,GOLD,0.25,9.5449,221.383,0.8755,69839500,1-4
2745,IAU,-0.998222,1.805998,91.2,2026-01-30,iShares Gold Trust,BlackRock,GOLD,0.25,9.5836,206.813,0.8887,76121500,1-4
2746,IAU,-0.523134,0.087272,87.57,2026-02-02,iShares Gold Trust,BlackRock,GOLD,0.25,12.8066,13.456,0.9046,31833100,2-3
2747,IAU,-0.497734,-1.46687,93.03,2026-02-03,iShares Gold Trust,BlackRock,GOLD,0.25,12.9789,-161.385,0.9165,36182400,2-1
2748,IAU,-0.480574,-1.89177,92.92,2026-02-04,iShares Gold Trust,BlackRock,GOLD,0.25,13.0953,-209.186,0.9164,24594400,2-1
2749,IAU,-0.324723,-3.251346,90.53,2026-02-05,iShares Gold Trust,BlackRock,GOLD,0.25,14.1526,-362.138,0.9241,20972500,2-1
2750,IAU,-0.239834,-2.101161,93.24,2026-02-06,iShares Gold Trust,BlackRock,GOLD,0.25,14.7284,-232.742,0.9297,11782600,2-1
2751,IAU,-0.21521,0.529144,95.63,2026-02-09,iShares Gold Trust,BlackRock,GOLD,0.25,14.8955,63.167,0.9341,11434800,2-3
2752,IAU,-0.230244,-0.113408,94.71,2026-02-10,iShares Gold Trust,BlackRock,GOLD,0.25,14.7935,-9.12,0.939,10306400,2-2
2753,IAU,-0.227357,0.12749,95.76,2026-02-11,iShares Gold Trust,BlackRock,GOLD,0.25,14.8131,17.981,0.9372,8020300,2-3
2754,IAU,-0.197408,0.850594,92.48,2026-02-12,iShares Gold Trust,BlackRock,GOLD,0.25,15.0163,99.33,0.9487,22578200,2-4
2755,IAU,-0.192746,0.228104,94.75,2026-02-13,iShares Gold Trust,BlackRock,GOLD,0.25,15.0479,29.3,0.9497,10225100,2-3
2756,IAU,-0.176468,-0.771282,91.82,2026-02-17,iShares Gold Trust,BlackRock,GOLD,0.25,15.1583,-83.131,0.9561,10112000,2-1
2757,IAU,-0.19118,-0.536363,93.85,2026-02-18,iShares Gold Trust,BlackRock,GOLD,0.25,15.0585,-56.703,0.9571,9099900,2-2
2758,IAU,-0.177745,0.041337,94.12,2026-02-19,iShares Gold Trust,BlackRock,GOLD,0.25,15.1497,8.288,0.9576,7521800,2-3
2759,IAU,-0.181332,0.937968,95.95,2026-02-20,iShares Gold Trust,BlackRock,GOLD,0.25,15.1253,109.159,0.9592,10079400,2-4
2760,IAU,-0.181451,0.430711,98.57,2026-02-23,iShares Gold Trust,BlackRock,GOLD,0.25,15.1245,52.093,0.9589,8340400,2-3
2761,IAU,-0.173759,0.4002,97.2,2026-02-24,iShares Gold Trust,BlackRock,GOLD,0.25,15.1767,48.66,0.9637,6546000,2-3
2762,IAU,-0.506828,-0.802523,96.97,2026-02-25,iShares Gold Trust,BlackRock,GOLD,0.25,12.9172,-86.646,0.9613,7040800,2-1
2763,IAU,-0.342083,-0.000414,97.79,2026-02-26,iShares Gold Trust,BlackRock,GOLD,0.25,14.0348,3.591,0.9573,5642900,2-3
2764,IAU,-0.332578,-0.022567,99.07,2026-02-27,iShares Gold Trust,BlackRock,GOLD,0.25,14.0993,1.099,0.9579,9228800,2-2
2765,IAU,-0.329322,0.128457,100.38,2026-03-02,iShares Gold Trust,BlackRock,GOLD,0.25,14.1214,18.089,0.9609,17985000,2-3
2766,IAU,-0.633128,-0.363663,95.92,2026-03-03,iShares Gold Trust,BlackRock,GOLD,0.25,12.0604,-37.274,0.9737,19212800,2-2
2767,IAU,-0.644628,1.138788,96.65,2026-03-04,iShares Gold Trust,BlackRock,GOLD,0.25,11.9824,131.751,0.9736,11314400,2-4
2768,IAU,-0.658321,-0.211942,95.52,2026-03-05,iShares Gold Trust,BlackRock,GOLD,0.25,11.8895,-20.205,0.9739,17814400,2-2
2769,IAU,-0.862977,-0.507079,96.98,2026-03-06,iShares Gold Trust,BlackRock,GOLD,0.25,10.5011,-53.408,0.9748,11701100,1-2
2770,IAU,-0.94053,0.099937,96.78,2026-03-09,iShares Gold Trust,BlackRock,GOLD,0.25,9.975,14.881,0.9714,6813800,1-3
2771,IAU,-0.777816,-0.286176,97.85,2026-03-10,iShares Gold Trust,BlackRock,GOLD,0.25,11.0788,-28.557,0.9624,8889300,1-2
2772,IAU,-0.712006,0.009899,97.55,2026-03-11,iShares Gold Trust,BlackRock,GOLD,0.25,11.5253,4.752,0.9634,5155500,1-3
2773,IAU,-0.635157,-0.763566,95.65,2026-03-12,iShares Gold Trust,BlackRock,GOLD,0.25,12.0466,-82.263,0.9672,47696600,2-1
2774,IAU,-0.668501,-0.857837,94.38,2026-03-13,iShares Gold Trust,BlackRock,GOLD,0.25,11.8204,-92.869,0.9677,12220900,1-1
2775,IAU,-0.59971,-0.645087,94.33,2026-03-16,iShares Gold Trust,BlackRock,GOLD,0.25,12.2871,-68.934,0.9635,9700300,2-1
2776,IAU,-0.602851,0.303282,94.07,2026-03-17,iShares Gold Trust,BlackRock,GOLD,0.25,12.2658,37.757,0.9639,8925500,2-3
2777,IAU,-0.529968,-1.343395,91.12,2026-03-18,iShares Gold Trust,BlackRock,GOLD,0.25,12.7602,-147.494,0.9709,18426400,2-1
2778,IAU,-0.366631,0.924549,87.37,2026-03-19,iShares Gold Trust,BlackRock,GOLD,0.25,13.8683,107.65,0.9445,32763000,2-4
2779,IAU,-0.000403,-1.161017,84.7,2026-03-20,iShares Gold Trust,BlackRock,GOLD,0.25,16.3527,-126.976,0.9468,23870000,3-1
2780,IAU,0.094802,-1.070526,82.78,2026-03-23,iShares Gold Trust,BlackRock,GOLD,0.25,16.9986,-116.796,0.9345,30403200,3-1
2781,IAU,0.085389,-0.636061,82.76,2026-03-24,iShares Gold Trust,BlackRock,GOLD,0.25,16.9347,-67.919,0.9345,14571600,3-1
2782,IAU,0.008345,0.123878,85.27,2026-03-25,iShares Gold Trust,BlackRock,GOLD,0.25,16.4121,17.574,0.9328,12478900,3-3
2783,IAU,-0.115548,-1.399294,82.09,2026-03-26,iShares Gold Trust,BlackRock,GOLD,0.25,15.5716,-153.782,0.9324,15659300,2-1
2784,IAU,-0.060318,1.650861,84.95,2026-03-27,iShares Gold Trust,BlackRock,GOLD,0.25,15.9463,189.36,0.9405,15166000,2-4
2785,IAU,-0.035781,-0.040872,84.93,2026-03-30,iShares Gold Trust,BlackRock,GOLD,0.25,16.1127,-0.96,0.94,11160200,3-2
2786,IAU,-0.003823,0.973792,88.16,2026-03-31,iShares Gold Trust,BlackRock,GOLD,0.25,16.3295,113.19,0.948,12762400,3-4
2787,IAU,0.037777,0.219278,89.68,2026-04-01,iShares Gold Trust,BlackRock,GOLD,0.25,16.6117,28.307,0.9417,14442600,3-3
2788,IAU,0.064735,0.943886,87.94,2026-04-02,iShares Gold Trust,BlackRock,GOLD,0.25,16.7946,109.825,0.937,6147000,3-4
2789,IAU,0.077121,-0.33255,87.61,2026-04-06,iShares Gold Trust,BlackRock,GOLD,0.25,16.8786,-33.774,0.9364,4424300,3-2
2790,IAU,0.090963,1.171289,88.46,2026-04-07,iShares Gold Trust,BlackRock,GOLD,0.25,16.9725,135.408,0.9364,8178500,3-4
2791,IAU,0.045079,-0.958216,89.04,2026-04-08,iShares Gold Trust,BlackRock,GOLD,0.25,16.6613,-104.161,0.9315,9977200,3-1
2792,IAU,-0.000809,-0.137123,89.72,2026-04-09,iShares Gold Trust,BlackRock,GOLD,0.25,16.35,-11.788,0.9339,4029700,3-2
2793,IAU,-0.046749,-0.35331,89.56,2026-04-10,iShares Gold Trust,BlackRock,GOLD,0.25,16.0383,-36.109,0.9334,3469000,2-2
2794,IAU,-0.048056,0.067914,89.21,2026-04-13,iShares Gold Trust,BlackRock,GOLD,0.25,16.0294,11.278,0.933,5074100,2-3
2795,IAU,-0.098025,-0.278419,91.18,2026-04-14,iShares Gold Trust,BlackRock,GOLD,0.25,15.6905,-27.684,0.9349,5290600,2-2
2796,IAU,-0.089855,0.278275,90.24,2026-04-15,iShares Gold Trust,BlackRock,GOLD,0.25,15.7459,34.944,0.9358,4392800,2-3
2797,IAU,-0.153747,0.518855,90.16,2026-04-16,iShares Gold Trust,BlackRock,GOLD,0.25,15.3124,62.009,0.933,3996000,2-3
2798,IAU,-0.311653,0.065847,91.34,2026-04-17,iShares Gold Trust,BlackRock,GOLD,0.25,14.2412,11.046,0.9325,4141000,2-3
2799,IAU,-0.799687,0.19425,90.57,2026-04-20,iShares Gold Trust,BlackRock,GOLD,0.25,10.9305,25.491,0.9307,4826400,1-3
2800,IAU,-0.86238,-0.940018,88.04,2026-04-21,iShares Gold Trust,BlackRock,GOLD,0.25,10.5052,-102.114,0.9342,8510300,1-1
2801,IAU,-0.829175,0.099776,89.19,2026-04-22,iShares Gold Trust,BlackRock,GOLD,0.25,10.7304,14.863,0.9378,3151800,1-3
2802,IAU,-0.814639,-0.44137,88.34,2026-04-23,iShares Gold Trust,BlackRock,GOLD,0.25,10.829,-46.016,0.9375,4056400,1-2
2803,IAU,-0.816769,-0.249125,88.75,2026-04-24,iShares Gold Trust,BlackRock,GOLD,0.25,10.8146,-24.389,0.9396,3065300,1-2
2804,IAU,-0.89689,-0.220281,88.07,2026-04-27,iShares Gold Trust,BlackRock,GOLD,0.25,10.2711,-21.144,0.9391,2337600,1-2
2805,IAU,-0.948852,0.325178,86.46,2026-04-28,iShares Gold Trust,BlackRock,GOLD,0.25,9.9186,40.22,0.9678,4138600,1-3
2806,IAU,-1.105453,-0.30862,85.55,2026-04-29,iShares Gold Trust,BlackRock,GOLD,0.25,8.8562,-31.082,0.9518,8933300,1-2
2807,IAU,-1.215765,0.130739,86.85,2026-04-30,iShares Gold Trust,BlackRock,GOLD,0.25,8.1079,18.346,0.9404,4084600,1-3
2808,IAU,-1.247254,-0.384139,86.72,2026-05-01,iShares Gold Trust,BlackRock,GOLD,0.25,7.8942,-39.578,0.9404,9814900,1-2
2809,IAU,-1.266236,-0.348824,84.97,2026-05-04,iShares Gold Trust,BlackRock,GOLD,0.25,7.7655,-35.605,0.9309,7885300,1-2
2810,IAU,-1.394576,-0.170931,85.69,2026-05-05,iShares Gold Trust,BlackRock,GOLD,0.25,6.8948,-15.592,0.9203,4027600,1-2
2811,IAU,-1.566279,0.346463,88.3,2026-05-06,iShares Gold Trust,BlackRock,GOLD,0.25,5.73,42.615,0.92,6534300,1-3
2812,IAU,-1.561425,0.123532,88.46,2026-05-07,iShares Gold Trust,BlackRock,GOLD,0.25,5.763,17.535,0.9193,7072800,1-3
2813,IAU,-1.588198,0.584834,88.87,2026-05-08,iShares Gold Trust,BlackRock,GOLD,0.25,5.5813,69.432,0.9203,2861400,1-4
2814,IAU,-1.578942,0.618996,89.06,2026-05-11,iShares Gold Trust,BlackRock,GOLD,0.25,5.6441,73.275,0.9103,3017900,1-4
2815,IAU,-1.607527,0.875288,88.71,2026-05-12,iShares Gold Trust,BlackRock,GOLD,0.25,5.4502,102.108,0.9027,3211600,1-4
2816,IAU,-1.499831,-0.421725,88.19,2026-05-13,iShares Gold Trust,BlackRock,GOLD,0.25,6.1808,-43.806,0.8923,3350600,1-2
2817,IAU,-1.488594,-0.597917,87.54,2026-05-14,iShares Gold Trust,BlackRock,GOLD,0.25,6.257,-63.628,0.8892,2471200,1-1
2818,IAU,-1.488901,-0.643298,85.51,2026-05-15,iShares Gold Trust,BlackRock,GOLD,0.25,6.2549,-68.733,0.889,3923800,1-1
2819,IAU,-1.470354,-0.545778,85.76,2026-05-18,iShares Gold Trust,BlackRock,GOLD,0.25,6.3808,-57.762,0.8849,3198400,1-2
2820,IAU,-1.45164,-1.600954,84.32,2026-05-19,iShares Gold Trust,BlackRock,GOLD,0.25,6.5077,-176.469,0.8845,10805200,1-1
2821,IAU,-1.379282,0.092268,85.53,2026-05-20,iShares Gold Trust,BlackRock,GOLD,0.25,6.9986,14.018,0.8865,6017700,1-3
2822,IAU,-1.39171,0.166678,85.43,2026-05-21,iShares Gold Trust,BlackRock,GOLD,0.25,6.9143,22.389,0.8926,2808800,1-3
2823,IAU,-1.377818,-0.158377,84.81,2026-05-22,iShares Gold Trust,BlackRock,GOLD,0.25,7.0085,-14.179,0.8954,3236000,1-2
2824,IAU,-1.357434,-0.112667,84.81,2026-05-26,iShares Gold Trust,BlackRock,GOLD,0.25,7.1468,-9.037,0.8922,3854900,1-2
2825,IAU,-1.35217,0.387876,83.73,2026-05-27,iShares Gold Trust,BlackRock,GOLD,0.25,7.1825,47.274,0.891,6776600,1-3
2826,IAU,-1.352753,-0.426792,84.59,2026-05-28,iShares Gold Trust,BlackRock,GOLD,0.25,7.1786,-44.376,0.867,12929300,1-2
2827,IAU,-1.353063,-0.272071,85.49,2026-05-29,iShares Gold Trust,BlackRock,GOLD,0.25,7.1764,-26.97,0.8649,5948900,1-2
2828,IAU,-1.37548,0.213883,84.27,2026-06-01,iShares Gold Trust,BlackRock,GOLD,0.25,7.0244,27.7,0.8618,4816900,1-3
2829,IAU,-1.380436,-0.227259,84.42,2026-06-02,iShares Gold Trust,BlackRock,GOLD,0.25,6.9908,-21.929,0.8598,5892000,1-2
2830,IAU,-1.382193,-0.002165,83.59,2026-06-03,iShares Gold Trust,BlackRock,GOLD,0.25,6.9788,3.394,0.863,9057300,1-2
2831,IAU,-1.418811,0.023827,84.28,2026-06-04,iShares Gold Trust,BlackRock,GOLD,0.25,6.7304,6.319,0.8832,3051300,1-3
2832,IAU,-1.329457,-0.644209,81.22,2026-06-05,iShares Gold Trust,BlackRock,GOLD,0.25,7.3366,-68.835,0.9011,7787500,1-1
2833,IAU,-1.320648,-0.615993,81.38,2026-06-08,iShares Gold Trust,BlackRock,GOLD,0.25,7.3964,-65.661,0.8974,6513400,1-1
2834,IAU,-1.333648,-0.572306,80.07,2026-06-09,iShares Gold Trust,BlackRock,GOLD,0.25,7.3082,-60.746,0.8965,9210000,1-1
2835,IAU,-1.292569,-1.357107,76.79,2026-06-10,iShares Gold Trust,BlackRock,GOLD,0.25,7.5868,-149.036,0.9164,11399900,1-1
2836,IAU,-0.316968,1.624568,79.13,2026-06-11,iShares Gold Trust,BlackRock,GOLD,0.25,14.2052,186.402,0.9154,13527200,2-4
2837,IAU,0.077569,0.161206,79.19,2026-06-12,iShares Gold Trust,BlackRock,GOLD,0.25,16.8817,21.774,0.8604,9878300,3-3
2838,IAU,0.08018,0.136043,81.26,2026-06-15,iShares Gold Trust,BlackRock,GOLD,0.25,16.8994,18.943,0.9023,5130600,3-3
2839,IAU,0.075763,0.380189,81.5,2026-06-16,iShares Gold Trust,BlackRock,GOLD,0.25,16.8694,46.409,0.8943,3922100,3-3
2840,IAU,0.474021,-1.428247,79.64,2026-06-17,iShares Gold Trust,BlackRock,GOLD,0.25,19.5711,-157.04,0.9055,14275600,3-1
2841,IAU,0.701375,-2.396347,79.33,2026-06-18,iShares Gold Trust,BlackRock,GOLD,0.25,21.1135,-265.951,0.8603,8405500,4-1
2842,IAU,0.701365,0.001854,78.8,2026-06-22,iShares Gold Trust,BlackRock,GOLD,0.25,21.1134,3.846,0.8568,9674400,4-3
2843,IAU,0.724346,-0.89673,77.33,2026-06-23,iShares Gold Trust,BlackRock,GOLD,0.25,21.2693,-97.244,0.8516,4652100,4-1
2844,IAU,0.714591,-1.295497,74.99,2026-06-24,iShares Gold Trust,BlackRock,GOLD,0.25,21.2031,-142.105,0.8315,10609200,4-1
2845,IAU,0.715386,1.379267,75.71,2026-06-25,iShares Gold Trust,BlackRock,GOLD,0.25,21.2085,158.805,0.8366,6287200,4-4
2846,IAU,0.717383,-0.536732,76.56,2026-06-26,iShares Gold Trust,BlackRock,GOLD,0.25,21.2221,-56.744,0.8072,4671800,4-2
2847,IAU,0.718241,-0.89269,75.53,2026-06-29,iShares Gold Trust,BlackRock,GOLD,0.25,21.2279,-96.79,0.8216,4262200,4-1
2848,IAU,0.715053,-0.200479,75.51,2026-06-30,iShares Gold Trust,BlackRock,GOLD,0.25,21.2063,-18.916,0.8292,5512900,4-2
2849,IAU,0.717858,-0.307763,75.96,2026-07-01,iShares Gold Trust,BlackRock,GOLD,0.25,21.2253,-30.985,0.8274,6798100,4-2
2850,IAU,0.780727,0.576085,77.51,2026-07-02,iShares Gold Trust,BlackRock,GOLD,0.25,21.6518,68.447,0.8372,4674000,4-4
2851,IAU,0.781773,0.558245,78.3,2026-07-06,iShares Gold Trust,BlackRock,GOLD,0.25,21.6589,66.441,0.8553,11490500,4-4
2852,IAU,0.792285,-0.137243,77.37,2026-07-07,iShares Gold Trust,BlackRock,GOLD,0.25,21.7302,-11.802,0.8551,3420700,4-2
2853,IAU,0.814383,0.534086,76.74,2026-07-08,iShares Gold Trust,BlackRock,GOLD,0.25,21.8801,63.723,0.847,3337100,4-3
2854,IAU,0.816328,0.625884,77.51,2026-07-09,iShares Gold Trust,BlackRock,GOLD,0.25,21.8933,74.05,0.8445,5457000,4-4
2855,IAU,0.785302,-0.173157,77.26,2026-07-10,iShares Gold Trust,BlackRock,GOLD,0.25,21.6828,-15.842,0.8318,2748600,4-2
2856,IAU,0.193262,-0.669109,75.25,2026-07-13,iShares Gold Trust,BlackRock,GOLD,0.25,17.6665,-71.637,0.8376,4392400,3-1
2857,IAU,-0.149148,0.224441,76.27,2026-07-14,iShares Gold Trust,BlackRock,GOLD,0.25,15.3436,28.888,0.8385,3520800,2-3
2858,IAU,-0.142253,-0.086806,76.28,2026-07-15,iShares Gold Trust,BlackRock,GOLD,0.25,15.3904,-6.128,0.8369,2942300,2-2
2859,IAU,-0.118363,-0.532724,74.8,2026-07-16,iShares Gold Trust,BlackRock,GOLD,0.25,15.5525,-56.293,0.8432,5619200,2-2
2860,IAU,-0.714826,-0.395299,75.5,2026-07-17,iShares Gold Trust,BlackRock,GOLD,0.25,11.5062,-40.833,0.8331,6288100,1-2
2861,IAU,-1.237964,-0.153751,75.35,2026-07-20,iShares Gold Trust,BlackRock,GOLD,0.25,7.9573,-13.659,0.8274,7583800,1-2
2862,IAU,-1.184691,0.434684,76.82,2026-07-21,iShares Gold Trust,BlackRock,GOLD,0.25,8.3187,52.54,0.8359,3570000,1-3
2863,IAU,-1.245255,-0.249858,77.69,2026-07-22,iShares Gold Trust,BlackRock,GOLD,0.25,7.9078,-24.471,0.8294,7764900,1-2
2864,IAU,-1.251603,0.425533,76.15,2026-07-23,iShares Gold Trust,BlackRock,GOLD,0.25,7.8647,51.51,0.8288,4105300,1-3
2865,IAU,-1.239627,-0.186367,76.23,2026-07-24,iShares Gold Trust,BlackRock,GOLD,0.25,7.946,-17.328,0.8239,2593500,1-2
2866,IAU,-1.202776,0.461236,76.78,2026-07-27,iShares Gold Trust,BlackRock,GOLD,0.25,8.196,55.527,0.8244,2335300,1-3
2867,IAU,-1.159148,-0.707429,75.7,2026-07-28,iShares Gold Trust,BlackRock,GOLD,0.25,8.4919,-75.948,0.824,4775200,1-1
2868,IAU,-1.134126,0.079027,76.04,2026-07-29,iShares Gold Trust,BlackRock,GOLD,0.25,8.6617,12.529,0.8262,4203200,1-3
2869,IAU,-1.141688,0.328761,77.3,2026-07-30,iShares Gold Trust,BlackRock,GOLD,0.25,8.6104,40.624,0.8305,3534200,1-3
2870,IAU,-1.260623,0.231392,76.17,2026-07-31,iShares Gold Trust,BlackRock,GOLD,0.25,7.8035,29.67,0.8322,5262600,1-3
2871,IAU,-1.248,0.015617,76.19,2026-08-03,iShares Gold Trust,BlackRock,GOLD,0.25,7.8892,5.395,0.814,4316600,1-3
2872,IAU,-1.332656,0.077227,76.69,2026-08-04,iShares Gold Trust,BlackRock,GOLD,0.25,7.3149,12.326,0.8071,10095400,1-3
2873,IAU,-1.26624,0.554253,79.85,2026-08-05,iShares Gold Trust,BlackRock,GOLD,0.25,7.7655,65.991,0.8374,11119200,1-4
2874,IAU,-1.274415,0.369305,79.87,2026-08-06,iShares Gold Trust,BlackRock,GOLD,0.25,7.71,45.185,0.8372,7368800,1-3
2875,IAU,-1.269816,1.017192,81.68,2026-08-07,iShares Gold Trust,BlackRock,GOLD,0.25,7.7412,118.072,0.8448,8402700,1-4
2876,IAU,-1.265085,1.25015,82.51,2026-08-10,iShares Gold Trust,BlackRock,GOLD,0.25,7.7733,144.28,0.8507,3559900,1-4
2877,IAU,-1.170643,1.036657,82.18,2026-08-11,iShares Gold Trust,BlackRock,GOLD,0.25,8.414,120.262,0.8468,3718200,1-4
2878,IAU,-1.162014,0.549549,82.98,2026-08-12,iShares Gold Trust,BlackRock,GOLD,0.25,8.4725,65.462,0.8473,4824700,1-4
2879,IAU,-1.187999,-0.052818,81.78,2026-08-13,iShares Gold Trust,BlackRock,GOLD,0.25,8.2962,-2.304,0.8511,4245100,1-2
2880,IAU,-1.193079,-0.064942,82.28,2026-08-14,iShares Gold Trust,BlackRock,GOLD,0.25,8.2618,-3.668,0.8466,2145200,1-2
2881,IAU,-1.193701,-0.342901,83.11,2026-08-17,iShares Gold Trust,BlackRock,GOLD,0.25,8.2575,-34.938,0.8444,4936100,1-2
2882,IAU,-1.173814,-0.240526,81.71,2026-08-18,iShares Gold Trust,BlackRock,GOLD,0.25,8.3925,-23.421,0.8502,3153200,1-2
2883,IAU,-1.022902,0.515854,84.84,2026-08-19,iShares Gold Trust,BlackRock,GOLD,0.25,9.4162,61.671,0.8749,10875400,1-3
2884,IAU,-1.015339,0.867808,85.13,2026-08-20,iShares Gold Trust,BlackRock,GOLD,0.25,9.4675,101.266,0.8754,9100300,1-4
2885,IAU,-0.956994,-0.076916,86.79,2026-08-21,iShares Gold Trust,BlackRock,GOLD,0.25,9.8633,-5.015,0.8575,6101482,1-2
