,Ticker,Risk,Yield,Price,Date,Fund,Sponsor,Asset,Fee,SpreadBps,Illiquidity,ADV,Volume,Classifications
0,IBIT,-0.658451,0.425931,35.8,2024-09-20,iShares Bitcoin Trust ETF,BlackRock,BTC,0.25,46.62,-4.5555,853.37,15938400,2-3
1,IBIT,-0.681734,0.425931,36.04,2024-09-23,iShares Bitcoin Trust ETF,BlackRock,BTC,0.25,46.62,-4.5684,857.16,17294800,2-3
2,IBIT,-0.690567,0.58032,36.64,2024-09-24,iShares Bitcoin Trust ETF,BlackRock,BTC,0.25,49.898,-4.5733,802.37,19764100,2-4
3,IBIT,-0.649204,0.746875,35.97,2024-09-25,iShares Bitcoin Trust ETF,BlackRock,BTC,0.25,53.434,-4.5504,792.1,13547100,2-4
4,IBIT,-0.666851,0.746875,36.84,2024-09-26,iShares Bitcoin Trust ETF,BlackRock,BTC,0.25,53.434,-4.5602,831.99,41457100,2-4
5,IBIT,-0.710067,0.746875,37.39,2024-09-27,iShares Bitcoin Trust ETF,BlackRock,BTC,0.25,53.434,-4.5841,825.95,28884500,2-4
6,IBIT,-0.662767,0.746875,36.13,2024-09-30,iShares Bitcoin Trust ETF,BlackRock,BTC,0.25,53.434,-4.5579,829.69,23334200,2-4
7,IBIT,-0.655165,0.746875,35.13,2024-10-01,iShares Bitcoin Trust ETF,BlackRock,BTC,0.25,53.434,-4.5537,866.88,43920500,2-4
8,IBIT,-0.641256,0.45249,34.24,2024-10-02,iShares Bitcoin Trust ETF,BlackRock,BTC,0.25,47.184,-4.546,877.47,29353600,2-3
9,IBIT,-0.616837,0.59335,34.72,2024-10-03,iShares Bitcoin Trust ETF,BlackRock,BTC,0.25,50.174,-4.5324,876.95,18482500,2-4
10,IBIT,-0.65278,0.506279,35.52,2024-10-04,iShares Bitcoin Trust ETF,BlackRock,BTC,0.25,48.326,-4.5524,884.02,22625700,2-3
11,IBIT,-0.6768,0.506279,36.06,2024-10-07,iShares Bitcoin Trust ETF,BlackRock,BTC,0.25,48.326,-4.5657,861.66,21124100,2-3
12,IBIT,-0.768458,0.136029,35.4,2024-10-08,iShares Bitcoin Trust ETF,BlackRock,BTC,0.25,40.465,-4.6165,866.17,25203200,2-3
13,IBIT,-0.773663,0.136029,34.68,2024-10-09,iShares Bitcoin Trust ETF,BlackRock,BTC,0.25,40.465,-4.6194,876.42,18244000,2-3
14,IBIT,-0.750588,-0.225472,33.95,2024-10-10,iShares Bitcoin Trust ETF,BlackRock,BTC,0.25,32.789,-4.6066,886.38,25996500,2-2
15,IBIT,-0.718711,-0.225472,35.94,2024-10-11,iShares Bitcoin Trust ETF,BlackRock,BTC,0.25,32.789,-4.5889,918.47,33399400,2-2
16,IBIT,-0.710538,-0.225472,37.57,2024-10-14,iShares Bitcoin Trust ETF,BlackRock,BTC,0.25,32.789,-4.5844,944.48,44553100,2-2
17,IBIT,-0.767092,0.011919,38.17,2024-10-15,iShares Bitcoin Trust ETF,BlackRock,BTC,0.25,37.83,-4.6157,1008.93,53539000,2-3
18,IBIT,-0.789236,0.011919,38.58,2024-10-16,iShares Bitcoin Trust ETF,BlackRock,BTC,0.25,37.83,-4.628,993.14,26627500,2-3
19,IBIT,-0.762741,-0.74121,38.05,2024-10-17,iShares Bitcoin Trust ETF,BlackRock,BTC,0.25,21.839,-4.6133,981.84,19655500,2-1
20,IBIT,-0.828936,-0.74121,39.07,2024-10-18,iShares Bitcoin Trust ETF,BlackRock,BTC,0.25,21.839,-4.65,1012.72,39820500,2-1
21,IBIT,-0.82668,-0.919258,38.57,2024-10-21,iShares Bitcoin Trust ETF,BlackRock,BTC,0.25,18.059,-4.6487,1038.39,28773400,2-1
22,IBIT,-0.837061,-0.711913,38.41,2024-10-22,iShares Bitcoin Trust ETF,BlackRock,BTC,0.25,22.461,-4.6545,1052.56,23972900,2-1
23,IBIT,-0.848329,-0.866302,37.81,2024-10-23,iShares Bitcoin Trust ETF,BlackRock,BTC,0.25,19.183,-4.6607,1064.48,25771200,2-1
24,IBIT,-0.868303,-1.131206,38.87,2024-10-24,iShares Bitcoin Trust ETF,BlackRock,BTC,0.25,13.559,-4.6718,1091.28,27015500,1-1
25,IBIT,-0.875828,-0.981139,38.01,2024-10-25,iShares Bitcoin Trust ETF,BlackRock,BTC,0.25,16.745,-4.676,1112.21,51745600,1-1
26,IBIT,-0.865291,-0.981139,39.67,2024-10-28,iShares Bitcoin Trust ETF,BlackRock,BTC,0.25,16.745,-4.6701,1164.02,54652300,1-1
27,IBIT,-0.916701,-0.981139,41.33,2024-10-29,iShares Bitcoin Trust ETF,BlackRock,BTC,0.25,16.745,-4.6986,1284.4,81566300,1-1
28,IBIT,-0.935233,-0.808428,40.88,2024-10-30,iShares Bitcoin Trust ETF,BlackRock,BTC,0.25,20.412,-4.7089,1273.23,32004700,1-1
29,IBIT,-0.957024,-0.815331,39.78,2024-10-31,iShares Bitcoin Trust ETF,BlackRock,BTC,0.25,20.266,-4.721,1316.38,48039800,1-1
30,IBIT,-0.989942,-0.662925,39.37,2024-11-01,iShares Bitcoin Trust ETF,BlackRock,BTC,0.25,23.502,-4.7392,1379.42,49930200,1-2
31,IBIT,-1.005268,-0.662925,38.25,2024-11-04,iShares Bitcoin Trust ETF,BlackRock,BTC,0.25,23.502,-4.7477,1406.82,36048900,1-2
32,IBIT,-0.999926,-0.662925,39.51,2024-11-05,iShares Bitcoin Trust ETF,BlackRock,BTC,0.25,23.502,-4.7448,1439.52,36660400,1-2
33,IBIT,-0.996677,-0.662925,43.4,2024-11-06,iShares Bitcoin Trust ETF,BlackRock,BTC,0.25,23.502,-4.743,1597.78,97138100,1-2
34,IBIT,-1.060943,-0.339804,43.6,2024-11-07,iShares Bitcoin Trust ETF,BlackRock,BTC,0.25,30.362,-4.7786,1652.09,40670200,1-2
35,IBIT,-1.114349,-0.253175,43.69,2024-11-08,iShares Bitcoin Trust ETF,BlackRock,BTC,0.25,32.201,-4.8082,1701.99,44183700,1-2
36,IBIT,-1.166443,-0.253175,49.57,2024-11-11,iShares Bitcoin Trust ETF,BlackRock,BTC,0.25,32.201,-4.8371,1872.19,96319200,1-2
37,IBIT,-1.216858,-0.253175,51.05,2024-11-12,iShares Bitcoin Trust ETF,BlackRock,BTC,0.25,32.201,-4.865,1980.38,77294900,1-2
38,IBIT,-1.238246,-0.536696,51.04,2024-11-13,iShares Bitcoin Trust ETF,BlackRock,BTC,0.25,26.182,-4.8768,2134.18,103319300,1-2
39,IBIT,-1.243317,-0.536696,49.73,2024-11-14,iShares Bitcoin Trust ETF,BlackRock,BTC,0.25,26.182,-4.8797,2229.2,60782800,1-2
40,IBIT,-1.241154,0.348489,52.13,2024-11-15,iShares Bitcoin Trust ETF,BlackRock,BTC,0.25,44.976,-4.8785,2310.11,46939400,1-3
41,IBIT,-1.252412,0.348489,52.13,2024-11-18,iShares Bitcoin Trust ETF,BlackRock,BTC,0.25,44.976,-4.8847,2387.51,61022200,1-3
42,IBIT,-1.2801,0.348489,52.7,2024-11-19,iShares Bitcoin Trust ETF,BlackRock,BTC,0.25,44.976,-4.9,2537.64,80884000,1-3
43,IBIT,-1.278321,0.141144,53.72,2024-11-20,iShares Bitcoin Trust ETF,BlackRock,BTC,0.25,40.573,-4.8991,2673.25,70154500,1-3
44,IBIT,-1.305442,0.141144,55.9,2024-11-21,iShares Bitcoin Trust ETF,BlackRock,BTC,0.25,40.573,-4.9141,2876.96,93957600,1-3
45,IBIT,-1.384937,0.290975,56.49,2024-11-22,iShares Bitcoin Trust ETF,BlackRock,BTC,0.25,43.754,-4.9581,3004.55,66020400,1-3
46,IBIT,-1.382979,0.140908,54.02,2024-11-25,iShares Bitcoin Trust ETF,BlackRock,BTC,0.25,40.568,-4.9571,3089.4,69396700,1-3
47,IBIT,-1.408678,0.140908,51.7,2024-11-26,iShares Bitcoin Trust ETF,BlackRock,BTC,0.25,40.568,-4.9713,3152.15,67423300,1-3
48,IBIT,-1.386266,0.140908,55.03,2024-11-27,iShares Bitcoin Trust ETF,BlackRock,BTC,0.25,40.568,-4.9589,3153.53,61783500,1-3
49,IBIT,-1.40948,-0.031803,55.21,2024-11-29,iShares Bitcoin Trust ETF,BlackRock,BTC,0.25,36.901,-4.9717,3170.98,30337300,1-3
50,IBIT,-1.445658,-0.031803,54.48,2024-12-02,iShares Bitcoin Trust ETF,BlackRock,BTC,0.25,36.901,-4.9918,3216.49,52619400,1-3
51,IBIT,-1.465505,-0.14452,54.46,2024-12-03,iShares Bitcoin Trust ETF,BlackRock,BTC,0.25,34.508,-5.0028,3224.02,39000400,1-3
52,IBIT,-1.50699,-0.14452,56.42,2024-12-04,iShares Bitcoin Trust ETF,BlackRock,BTC,0.25,34.508,-5.0258,3315.95,58655300,1-3
53,IBIT,-1.605694,-0.14452,56.4,2024-12-05,iShares Bitcoin Trust ETF,BlackRock,BTC,0.25,34.508,-5.0805,3487.21,89447600,1-3
54,IBIT,-1.673601,0.379421,57.8,2024-12-06,iShares Bitcoin Trust ETF,BlackRock,BTC,0.25,45.632,-5.1181,3424.12,50017000,1-3
55,IBIT,-1.598539,0.0563,54.73,2024-12-09,iShares Bitcoin Trust ETF,BlackRock,BTC,0.25,38.772,-5.0765,3484.79,55677600,1-3
56,IBIT,-1.598123,-0.030328,54.9,2024-12-10,iShares Bitcoin Trust ETF,BlackRock,BTC,0.25,36.933,-5.0763,3520.47,48810000,1-3
57,IBIT,-1.639794,-0.030328,57.72,2024-12-11,iShares Bitcoin Trust ETF,BlackRock,BTC,0.25,36.933,-5.0994,3427.44,48872600,1-3
58,IBIT,-1.645419,0.312302,56.92,2024-12-12,iShares Bitcoin Trust ETF,BlackRock,BTC,0.25,44.207,-5.1025,3344.74,38811300,1-3
59,IBIT,-1.607538,0.71067,57.91,2024-12-13,iShares Bitcoin Trust ETF,BlackRock,BTC,0.25,52.665,-5.0815,3198.08,37881700,1-4
60,IBIT,-1.600255,0.71067,60.22,2024-12-16,iShares Bitcoin Trust ETF,BlackRock,BTC,0.25,52.665,-5.0775,3237.66,63994100,1-4
61,IBIT,-1.681417,0.054219,60.73,2024-12-17,iShares Bitcoin Trust ETF,BlackRock,BTC,0.25,38.728,-5.1225,3264.62,49617700,1-3
62,IBIT,-1.645,0.054219,57.18,2024-12-18,iShares Bitcoin Trust ETF,BlackRock,BTC,0.25,38.728,-5.1023,3303.37,69862700,1-3
63,IBIT,-1.610137,0.054219,54.72,2024-12-19,iShares Bitcoin Trust ETF,BlackRock,BTC,0.25,38.728,-5.083,3307.71,79563900,1-3
64,IBIT,-1.630938,0.054219,54.81,2024-12-20,iShares Bitcoin Trust ETF,BlackRock,BTC,0.25,38.728,-5.0945,3272.65,55327900,1-3
65,IBIT,-1.595864,0.054219,52.87,2024-12-23,iShares Bitcoin Trust ETF,BlackRock,BTC,0.25,38.728,-5.075,3134.65,44528500,1-3
66,IBIT,-1.447771,-0.095613,56.23,2024-12-24,iShares Bitcoin Trust ETF,BlackRock,BTC,0.25,35.546,-4.993,3031.21,27692700,1-3
67,IBIT,-1.403707,-0.095613,54.3,2024-12-26,iShares Bitcoin Trust ETF,BlackRock,BTC,0.25,35.546,-4.9685,2921.22,26500600,1-3
68,IBIT,-1.427126,-0.030902,53.68,2024-12-27,iShares Bitcoin Trust ETF,BlackRock,BTC,0.25,36.92,-4.9815,2847.21,35983000,1-3
69,IBIT,-1.491216,-0.030902,53.55,2024-12-30,iShares Bitcoin Trust ETF,BlackRock,BTC,0.25,36.92,-5.017,2785.62,39340000,1-3
70,IBIT,-1.476161,-0.030902,53.05,2024-12-31,iShares Bitcoin Trust ETF,BlackRock,BTC,0.25,36.92,-5.0087,2782.01,30143600,1-3
71,IBIT,-1.423892,-0.030902,55.37,2025-01-02,iShares Bitcoin Trust ETF,BlackRock,BTC,0.25,36.92,-4.9797,2753.68,41029200,1-3
72,IBIT,-1.404216,-0.194786,55.96,2025-01-03,iShares Bitcoin Trust ETF,BlackRock,BTC,0.25,33.441,-4.9688,2740.05,32839500,1-3
73,IBIT,-1.392538,-0.194786,58.17,2025-01-06,iShares Bitcoin Trust ETF,BlackRock,BTC,0.25,33.441,-4.9624,2713.54,47318400,1-3
74,IBIT,-1.329861,-0.194786,54.79,2025-01-07,iShares Bitcoin Trust ETF,BlackRock,BTC,0.25,33.441,-4.9276,2622.23,57081800,1-3
75,IBIT,-1.32294,-0.718727,53.34,2025-01-08,iShares Bitcoin Trust ETF,BlackRock,BTC,0.25,22.317,-4.9238,2604.13,47071000,1-1
76,IBIT,-1.36795,0.080091,53.84,2025-01-10,iShares Bitcoin Trust ETF,BlackRock,BTC,0.25,39.277,-4.9487,2571.82,43996100,1-3
77,IBIT,-1.355798,0.080091,53.22,2025-01-13,iShares Bitcoin Trust ETF,BlackRock,BTC,0.25,39.277,-4.942,2557.92,44866500,1-3
78,IBIT,-1.356103,0.080091,54.83,2025-01-14,iShares Bitcoin Trust ETF,BlackRock,BTC,0.25,39.277,-4.9422,2503.94,30772800,1-3
79,IBIT,-1.332633,-0.071695,56.64,2025-01-15,iShares Bitcoin Trust ETF,BlackRock,BTC,0.25,36.054,-4.9292,2512.36,42124700,1-3
80,IBIT,-1.34529,0.045866,57.09,2025-01-16,iShares Bitcoin Trust ETF,BlackRock,BTC,0.25,38.55,-4.9362,2504.53,35548000,1-3
81,IBIT,-1.344878,0.045866,59.62,2025-01-17,iShares Bitcoin Trust ETF,BlackRock,BTC,0.25,38.55,-4.9359,2521.93,70766100,1-3
82,IBIT,-1.342691,0.373382,60.42,2025-01-21,iShares Bitcoin Trust ETF,BlackRock,BTC,0.25,45.504,-4.9347,2560.88,63410700,1-3
83,IBIT,-1.366539,0.57347,59.38,2025-01-22,iShares Bitcoin Trust ETF,BlackRock,BTC,0.25,49.752,-4.9479,2477.17,37667900,1-4
84,IBIT,-1.395753,0.773462,58.79,2025-01-23,iShares Bitcoin Trust ETF,BlackRock,BTC,0.25,53.998,-4.9641,2600.74,118197600,1-4
85,IBIT,-1.378621,0.909541,59.7,2025-01-24,iShares Bitcoin Trust ETF,BlackRock,BTC,0.25,56.888,-4.9546,2587.34,46082300,1-4
86,IBIT,-1.397372,0.909541,57.67,2025-01-27,iShares Bitcoin Trust ETF,BlackRock,BTC,0.25,56.888,-4.965,2643.42,61243100,1-4
87,IBIT,-1.543295,0.909541,57.58,2025-01-28,iShares Bitcoin Trust ETF,BlackRock,BTC,0.25,56.888,-5.0459,2652.23,30257000,1-4
88,IBIT,-1.590035,1.274646,59.34,2025-01-29,iShares Bitcoin Trust ETF,BlackRock,BTC,0.25,64.639,-5.0718,2691.26,38059400,1-4
89,IBIT,-1.602248,1.209936,59.72,2025-01-30,iShares Bitcoin Trust ETF,BlackRock,BTC,0.25,63.265,-5.0786,2694.48,33479300,1-4
90,IBIT,-1.545912,1.209936,57.71,2025-01-31,iShares Bitcoin Trust ETF,BlackRock,BTC,0.25,63.265,-5.0474,2708.87,41738300,1-4
91,IBIT,-1.568438,1.209936,57.58,2025-02-03,iShares Bitcoin Trust ETF,BlackRock,BTC,0.25,63.265,-5.0598,2835.25,73864900,1-4
92,IBIT,-1.610179,1.50534,56.13,2025-02-04,iShares Bitcoin Trust ETF,BlackRock,BTC,0.25,69.537,-5.083,2856.97,48597700,1-4
93,IBIT,-1.589081,1.488676,55.33,2025-02-05,iShares Bitcoin Trust ETF,BlackRock,BTC,0.25,69.184,-5.0713,2834.55,24705000,1-4
94,IBIT,-1.641993,1.904289,55.12,2025-02-06,iShares Bitcoin Trust ETF,BlackRock,BTC,0.25,78.008,-5.1006,2777.82,28324400,1-4
95,IBIT,-1.71022,2.500171,54.47,2025-02-07,iShares Bitcoin Trust ETF,BlackRock,BTC,0.25,90.659,-5.1384,2736.48,41477300,1-4
96,IBIT,-1.693251,2.585649,55.38,2025-02-10,iShares Bitcoin Trust ETF,BlackRock,BTC,0.25,92.474,-5.129,2673.17,21331800,1-4
97,IBIT,-1.636927,1.786831,54.11,2025-02-11,iShares Bitcoin Trust ETF,BlackRock,BTC,0.25,75.514,-5.0978,2631.34,27542700,1-4
98,IBIT,-1.612699,2.305664,55.16,2025-02-12,iShares Bitcoin Trust ETF,BlackRock,BTC,0.25,86.53,-5.0844,2608.11,34445200,1-4
99,IBIT,-1.668553,2.454294,54.74,2025-02-13,iShares Bitcoin Trust ETF,BlackRock,BTC,0.25,89.685,-5.1153,2590.88,24211200,1-4
100,IBIT,-1.701186,2.26345,55.33,2025-02-14,iShares Bitcoin Trust ETF,BlackRock,BTC,0.25,85.633,-5.1334,2549.73,27505400,1-4
101,IBIT,-1.640357,1.747521,53.51,2025-02-18,iShares Bitcoin Trust ETF,BlackRock,BTC,0.25,74.679,-5.0997,2550.4,38190500,1-4
102,IBIT,-1.62642,1.884385,54.65,2025-02-19,iShares Bitcoin Trust ETF,BlackRock,BTC,0.25,77.585,-5.092,2425.13,29062100,1-4
103,IBIT,-1.564879,1.328135,56.04,2025-02-20,iShares Bitcoin Trust ETF,BlackRock,BTC,0.25,65.775,-5.0579,2311.57,25814900,1-4
104,IBIT,-1.535765,1.365468,53.92,2025-02-21,iShares Bitcoin Trust ETF,BlackRock,BTC,0.25,66.568,-5.0417,2329.82,48588600,1-4
105,IBIT,-1.522601,1.165476,53.41,2025-02-24,iShares Bitcoin Trust ETF,BlackRock,BTC,0.25,62.322,-5.0344,2095.85,38111600,1-4
106,IBIT,-1.494818,1.029397,50.03,2025-02-25,iShares Bitcoin Trust ETF,BlackRock,BTC,0.25,59.432,-5.019,2212.22,103835200,1-4
107,IBIT,-1.49295,1.123708,47.96,2025-02-26,iShares Bitcoin Trust ETF,BlackRock,BTC,0.25,61.435,-5.018,2239.87,85749300,1-4
108,IBIT,-1.47245,1.831848,47.35,2025-02-27,iShares Bitcoin Trust ETF,BlackRock,BTC,0.25,76.47,-5.0066,2254.65,43346500,1-4
109,IBIT,-1.508462,1.69935,47.9,2025-02-28,iShares Bitcoin Trust ETF,BlackRock,BTC,0.25,73.657,-5.0266,2283.16,59648300,1-4
110,IBIT,-1.502981,1.69935,48.9,2025-03-03,iShares Bitcoin Trust ETF,BlackRock,BTC,0.25,73.657,-5.0236,2402.81,92274100,1-4
111,IBIT,-1.54933,1.69935,49.39,2025-03-04,iShares Bitcoin Trust ETF,BlackRock,BTC,0.25,73.657,-5.0493,2458.3,72360100,1-4
112,IBIT,-1.486747,1.69935,51.44,2025-03-05,iShares Bitcoin Trust ETF,BlackRock,BTC,0.25,73.657,-5.0146,2375.92,49050700,1-4
113,IBIT,-1.499167,1.937823,50.64,2025-03-06,iShares Bitcoin Trust ETF,BlackRock,BTC,0.25,78.72,-5.0215,2367.26,50275000,1-4
114,IBIT,-1.508071,2.517752,49.43,2025-03-07,iShares Bitcoin Trust ETF,BlackRock,BTC,0.25,91.033,-5.0264,2441.87,59351100,1-4
115,IBIT,-1.423208,2.102139,44.91,2025-03-10,iShares Bitcoin Trust ETF,BlackRock,BTC,0.25,82.208,-4.9794,2549.9,85278800,1-4
116,IBIT,-1.365609,2.139657,47.24,2025-03-11,iShares Bitcoin Trust ETF,BlackRock,BTC,0.25,83.005,-4.9474,2551.56,48562700,1-4
117,IBIT,-1.409002,2.61139,47.15,2025-03-12,iShares Bitcoin Trust ETF,BlackRock,BTC,0.25,93.021,-4.9715,2567.59,32196200,1-4
118,IBIT,-1.400446,3.061257,45.52,2025-03-13,iShares Bitcoin Trust ETF,BlackRock,BTC,0.25,102.572,-4.9667,2589.55,42870400,1-4
119,IBIT,-1.345579,2.542423,48.14,2025-03-14,iShares Bitcoin Trust ETF,BlackRock,BTC,0.25,91.556,-4.9363,2599.41,43770200,1-4
120,IBIT,-1.360458,2.839978,48.06,2025-03-17,iShares Bitcoin Trust ETF,BlackRock,BTC,0.25,97.874,-4.9446,2602.66,28998300,1-4
121,IBIT,-1.329266,2.839978,46.81,2025-03-18,iShares Bitcoin Trust ETF,BlackRock,BTC,0.25,97.874,-4.9273,2605.19,33645500,1-4
122,IBIT,-1.320939,2.839978,48.61,2025-03-19,iShares Bitcoin Trust ETF,BlackRock,BTC,0.25,97.874,-4.9227,2602.35,40812800,1-4
123,IBIT,-1.328718,3.259096,47.85,2025-03-20,iShares Bitcoin Trust ETF,BlackRock,BTC,0.25,106.773,-4.927,2596.24,30509100,1-4
124,IBIT,-1.373277,3.259096,47.7,2025-03-21,iShares Bitcoin Trust ETF,BlackRock,BTC,0.25,106.773,-4.9517,2568.55,18141500,1-4
125,IBIT,-1.311857,3.021675,50.18,2025-03-24,iShares Bitcoin Trust ETF,BlackRock,BTC,0.25,101.732,-4.9176,2515.09,29833300,1-4
126,IBIT,-1.324117,3.216383,50.14,2025-03-25,iShares Bitcoin Trust ETF,BlackRock,BTC,0.25,105.866,-4.9244,2470.32,21846300,1-4
127,IBIT,-1.320701,3.216383,49.18,2025-03-26,iShares Bitcoin Trust ETF,BlackRock,BTC,0.25,105.866,-4.9225,2290.25,28741800,1-4
128,IBIT,-1.343004,3.517545,49.44,2025-03-27,iShares Bitcoin Trust ETF,BlackRock,BTC,0.25,112.26,-4.9349,2172.12,33004000,1-4
129,IBIT,-1.295168,2.809405,47.56,2025-03-28,iShares Bitcoin Trust ETF,BlackRock,BTC,0.25,97.225,-4.9084,2159.87,37749400,1-4
130,IBIT,-1.265226,2.576798,46.81,2025-03-31,iShares Bitcoin Trust ETF,BlackRock,BTC,0.25,92.286,-4.8918,2077.34,24010800,1-4
131,IBIT,-1.217426,2.576798,48.3,2025-04-01,iShares Bitcoin Trust ETF,BlackRock,BTC,0.25,92.286,-4.8653,1931.79,30139700,1-4
132,IBIT,-1.192895,2.576798,49.41,2025-04-02,iShares Bitcoin Trust ETF,BlackRock,BTC,0.25,92.286,-4.8517,1852.56,38654700,1-4
133,IBIT,-1.153757,2.576798,46.57,2025-04-03,iShares Bitcoin Trust ETF,BlackRock,BTC,0.25,92.286,-4.83,1822.61,40676000,1-4
134,IBIT,-1.150672,2.042922,47.71,2025-04-04,iShares Bitcoin Trust ETF,BlackRock,BTC,0.25,80.951,-4.8283,1857.39,68668800,1-4
135,IBIT,-1.132123,1.462992,44.27,2025-04-07,iShares Bitcoin Trust ETF,BlackRock,BTC,0.25,68.638,-4.818,1944.48,107582100,1-4
136,IBIT,-1.177449,2.440683,43.59,2025-04-08,iShares Bitcoin Trust ETF,BlackRock,BTC,0.25,89.396,-4.8432,1866.0,50053300,1-4
137,IBIT,-1.188298,2.348558,46.83,2025-04-09,iShares Bitcoin Trust ETF,BlackRock,BTC,0.25,87.44,-4.8492,1947.44,85507900,1-4
138,IBIT,-1.146683,2.388985,45.17,2025-04-10,iShares Bitcoin Trust ETF,BlackRock,BTC,0.25,88.299,-4.8261,1973.55,45745700,1-4
139,IBIT,-1.139685,1.939118,47.67,2025-04-11,iShares Bitcoin Trust ETF,BlackRock,BTC,0.25,78.747,-4.8222,2003.71,54223500,1-4
140,IBIT,-1.186815,1.939118,48.28,2025-04-14,iShares Bitcoin Trust ETF,BlackRock,BTC,0.25,78.747,-4.8483,1978.12,32514400,1-4
141,IBIT,-1.164445,1.860394,47.74,2025-04-15,iShares Bitcoin Trust ETF,BlackRock,BTC,0.25,77.076,-4.8359,1966.32,24001700,1-4
142,IBIT,-1.199066,2.027089,47.96,2025-04-16,iShares Bitcoin Trust ETF,BlackRock,BTC,0.25,80.615,-4.8551,1954.05,27463000,1-4
143,IBIT,-1.236367,2.425647,48.26,2025-04-17,iShares Bitcoin Trust ETF,BlackRock,BTC,0.25,89.077,-4.8758,1914.64,23963600,1-4
144,IBIT,-1.237212,1.869665,49.72,2025-04-21,iShares Bitcoin Trust ETF,BlackRock,BTC,0.25,77.273,-4.8763,1980.38,57126900,1-4
145,IBIT,-1.217794,1.869665,52.08,2025-04-22,iShares Bitcoin Trust ETF,BlackRock,BTC,0.25,77.273,-4.8655,2146.85,83738100,1-4
146,IBIT,-1.296331,1.869665,53.2,2025-04-23,iShares Bitcoin Trust ETF,BlackRock,BTC,0.25,77.273,-4.909,2229.99,60960500,1-4
147,IBIT,-1.296285,1.811144,53.26,2025-04-24,iShares Bitcoin Trust ETF,BlackRock,BTC,0.25,76.03,-4.909,2250.05,28476600,1-4
148,IBIT,-1.316205,1.811144,54.27,2025-04-25,iShares Bitcoin Trust ETF,BlackRock,BTC,0.25,76.03,-4.9201,2307.39,48231000,1-4
149,IBIT,-1.314074,1.476785,53.88,2025-04-28,iShares Bitcoin Trust ETF,BlackRock,BTC,0.25,68.931,-4.9189,2317.32,34157200,1-4
150,IBIT,-1.371464,1.476785,54.22,2025-04-29,iShares Bitcoin Trust ETF,BlackRock,BTC,0.25,68.931,-4.9507,2312.42,31214000,1-4
151,IBIT,-1.394919,1.476785,53.51,2025-04-30,iShares Bitcoin Trust ETF,BlackRock,BTC,0.25,68.931,-4.9637,2346.02,34189600,1-4
152,IBIT,-1.438576,1.476785,54.95,2025-05-01,iShares Bitcoin Trust ETF,BlackRock,BTC,0.25,68.931,-4.9879,2414.86,52802600,1-4
153,IBIT,-1.476031,1.505008,55.19,2025-05-02,iShares Bitcoin Trust ETF,BlackRock,BTC,0.25,69.53,-5.0086,2438.1,43449000,1-4
154,IBIT,-1.514362,1.505008,53.63,2025-05-05,iShares Bitcoin Trust ETF,BlackRock,BTC,0.25,69.53,-5.0299,2411.64,24957700,1-4
155,IBIT,-1.521153,1.763881,53.97,2025-05-06,iShares Bitcoin Trust ETF,BlackRock,BTC,0.25,75.027,-5.0336,2308.51,20578700,1-4
156,IBIT,-1.552601,1.763881,54.68,2025-05-07,iShares Bitcoin Trust ETF,BlackRock,BTC,0.25,75.027,-5.0511,2158.86,29627400,1-4
157,IBIT,-1.51452,0.78619,57.62,2025-05-08,iShares Bitcoin Trust ETF,BlackRock,BTC,0.25,54.269,-5.03,2207.11,55449000,1-4
158,IBIT,-1.553665,0.244916,58.66,2025-05-09,iShares Bitcoin Trust ETF,BlackRock,BTC,0.25,42.776,-5.0517,2118.39,36503700,1-3
159,IBIT,-1.606926,-0.209146,57.88,2025-05-12,iShares Bitcoin Trust ETF,BlackRock,BTC,0.25,33.136,-5.0812,2142.24,44350600,1-3
160,IBIT,-1.643168,-0.141747,59.62,2025-05-13,iShares Bitcoin Trust ETF,BlackRock,BTC,0.25,34.567,-5.1013,2127.92,38312000,1-3
161,IBIT,-1.650383,0.063797,58.74,2025-05-14,iShares Bitcoin Trust ETF,BlackRock,BTC,0.25,38.931,-5.1053,2160.85,38499400,1-3
162,IBIT,-1.69545,-0.118282,58.67,2025-05-15,iShares Bitcoin Trust ETF,BlackRock,BTC,0.25,35.065,-5.1302,2200.06,33563800,1-3
163,IBIT,-1.692554,-0.284977,59.2,2025-05-16,iShares Bitcoin Trust ETF,BlackRock,BTC,0.25,31.526,-5.1286,2242.64,37353600,1-2
164,IBIT,-1.697724,-0.556433,59.99,2025-05-19,iShares Bitcoin Trust ETF,BlackRock,BTC,0.25,25.763,-5.1315,2332.19,50625100,1-2
165,IBIT,-1.725867,-0.556433,60.91,2025-05-20,iShares Bitcoin Trust ETF,BlackRock,BTC,0.25,25.763,-5.1471,2341.3,49771100,1-2
166,IBIT,-1.770486,-0.556433,61.79,2025-05-21,iShares Bitcoin Trust ETF,BlackRock,BTC,0.25,25.763,-5.1718,2424.34,98801900,1-2
167,IBIT,-1.776528,-0.556433,63.23,2025-05-22,iShares Bitcoin Trust ETF,BlackRock,BTC,0.25,25.763,-5.1752,2470.28,66549500,1-2
168,IBIT,-1.748547,-0.692621,61.83,2025-05-23,iShares Bitcoin Trust ETF,BlackRock,BTC,0.25,22.871,-5.1597,2580.52,61971400,1-1
169,IBIT,-1.768724,-0.622762,62.5,2025-05-27,iShares Bitcoin Trust ETF,BlackRock,BTC,0.25,24.354,-5.1709,2603.32,49538600,1-2
170,IBIT,-1.73413,-0.683876,60.79,2025-05-28,iShares Bitcoin Trust ETF,BlackRock,BTC,0.25,23.057,-5.1517,2643.75,44241900,1-1
171,IBIT,-1.737148,-0.682631,59.99,2025-05-29,iShares Bitcoin Trust ETF,BlackRock,BTC,0.25,23.083,-5.1533,2763.58,70159800,1-1
172,IBIT,-1.758348,-0.682631,59.46,2025-05-30,iShares Bitcoin Trust ETF,BlackRock,BTC,0.25,23.083,-5.1651,2805.8,45680000,1-1
173,IBIT,-1.804598,-0.541339,59.36,2025-06-02,iShares Bitcoin Trust ETF,BlackRock,BTC,0.25,26.083,-5.1907,2754.51,30733500,1-2
174,IBIT,-1.771304,-0.569561,60.4,2025-06-03,iShares Bitcoin Trust ETF,BlackRock,BTC,0.25,25.484,-5.1723,2747.84,37381600,1-2
175,IBIT,-1.858432,-0.569561,59.64,2025-06-04,iShares Bitcoin Trust ETF,BlackRock,BTC,0.25,25.484,-5.2206,2776.02,32365300,1-2
176,IBIT,-1.838314,-0.701856,57.87,2025-06-05,iShares Bitcoin Trust ETF,BlackRock,BTC,0.25,22.675,-5.2094,2882.95,57995000,1-1
177,IBIT,-1.81715,-0.551847,59.26,2025-06-06,iShares Bitcoin Trust ETF,BlackRock,BTC,0.25,25.86,-5.1977,2903.09,34477600,1-2
178,IBIT,-1.823716,-0.551847,61.77,2025-06-09,iShares Bitcoin Trust ETF,BlackRock,BTC,0.25,25.86,-5.2013,2880.23,43950300,1-2
179,IBIT,-1.849419,-0.551847,62.29,2025-06-10,iShares Bitcoin Trust ETF,BlackRock,BTC,0.25,25.86,-5.2156,2875.83,32894300,1-2
180,IBIT,-1.857738,-0.29803,61.84,2025-06-11,iShares Bitcoin Trust ETF,BlackRock,BTC,0.25,31.249,-5.2202,2842.93,30336900,1-2
181,IBIT,-1.886882,-0.365429,60.7,2025-06-12,iShares Bitcoin Trust ETF,BlackRock,BTC,0.25,29.818,-5.2363,2840.28,36713600,1-2
182,IBIT,-1.888433,-0.570972,59.74,2025-06-13,iShares Bitcoin Trust ETF,BlackRock,BTC,0.25,25.454,-5.2372,2852.44,42127800,1-2
183,IBIT,-1.812781,-0.756354,61.8,2025-06-16,iShares Bitcoin Trust ETF,BlackRock,BTC,0.25,21.518,-5.1953,2883.49,42415200,1-1
184,IBIT,-1.768656,-0.756354,59.5,2025-06-17,iShares Bitcoin Trust ETF,BlackRock,BTC,0.25,21.518,-5.1708,2930.9,53900700,1-1
185,IBIT,-1.771911,-0.554853,58.97,2025-06-18,iShares Bitcoin Trust ETF,BlackRock,BTC,0.25,25.796,-5.1726,2899.08,40166400,1-2
186,IBIT,-1.786228,-0.325114,58.67,2025-06-20,iShares Bitcoin Trust ETF,BlackRock,BTC,0.25,30.674,-5.1806,2853.23,35261800,1-2
187,IBIT,-1.761397,-0.325114,58.67,2025-06-23,iShares Bitcoin Trust ETF,BlackRock,BTC,0.25,30.674,-5.1668,2740.61,63747200,1-2
188,IBIT,-1.737721,-0.325114,60.06,2025-06-24,iShares Bitcoin Trust ETF,BlackRock,BTC,0.25,30.674,-5.1537,2655.74,40387200,1-2
189,IBIT,-1.725728,-0.325114,61.275,2025-06-25,iShares Bitcoin Trust ETF,BlackRock,BTC,0.25,30.674,-5.147,2592.37,40812500,1-2
190,IBIT,-1.738224,-0.284632,61.14,2025-06-26,iShares Bitcoin Trust ETF,BlackRock,BTC,0.25,31.533,-5.1539,2530.63,29434600,1-2
191,IBIT,-1.779088,-0.064141,60.72,2025-06-27,iShares Bitcoin Trust ETF,BlackRock,BTC,0.25,36.215,-5.1766,2505.6,35637900,1-3
192,IBIT,-1.77501,0.11346,61.21,2025-06-30,iShares Bitcoin Trust ETF,BlackRock,BTC,0.25,39.985,-5.1743,2404.79,34174000,1-3
193,IBIT,-1.733039,0.11346,59.84,2025-07-01,iShares Bitcoin Trust ETF,BlackRock,BTC,0.25,39.985,-5.1511,2376.82,35575500,1-3
194,IBIT,-1.682867,-0.027833,62.42,2025-07-02,iShares Bitcoin Trust ETF,BlackRock,BTC,0.25,36.986,-5.1233,2485.83,65900200,1-3
195,IBIT,-1.714053,-0.027833,62.19,2025-07-03,iShares Bitcoin Trust ETF,BlackRock,BTC,0.25,36.986,-5.1405,2475.04,32662400,1-3
196,IBIT,-1.719764,-0.027833,61.4,2025-07-07,iShares Bitcoin Trust ETF,BlackRock,BTC,0.25,36.986,-5.1437,2493.62,37793400,1-3
197,IBIT,-1.748854,-0.154411,61.82,2025-07-08,iShares Bitcoin Trust ETF,BlackRock,BTC,0.25,34.298,-5.1598,2420.57,29471500,1-3
198,IBIT,-1.771061,-0.304421,63.58,2025-07-09,iShares Bitcoin Trust ETF,BlackRock,BTC,0.25,31.113,-5.1721,2495.77,56974400,1-2
199,IBIT,-1.848323,-0.304421,64.5,2025-07-10,iShares Bitcoin Trust ETF,BlackRock,BTC,0.25,31.113,-5.215,2624.94,84144900,1-2
200,IBIT,-1.824545,-0.304421,67.21,2025-07-11,iShares Bitcoin Trust ETF,BlackRock,BTC,0.25,31.113,-5.2018,2777.11,78031900,1-2
201,IBIT,-1.829497,-0.701814,68.18,2025-07-14,iShares Bitcoin Trust ETF,BlackRock,BTC,0.25,22.676,-5.2045,2909.82,68391600,1-1
202,IBIT,-1.847338,-0.701814,66.16,2025-07-15,iShares Bitcoin Trust ETF,BlackRock,BTC,0.25,22.676,-5.2144,3062.29,82079400,1-1
203,IBIT,-1.847705,-0.701814,67.83,2025-07-16,iShares Bitcoin Trust ETF,BlackRock,BTC,0.25,22.676,-5.2146,3131.55,58547500,1-1
204,IBIT,-1.929304,-0.418077,67.65,2025-07-17,iShares Bitcoin Trust ETF,BlackRock,BTC,0.25,28.7,-5.2598,3152.69,45310300,1-2
205,IBIT,-1.98528,-0.231292,66.68,2025-07-18,iShares Bitcoin Trust ETF,BlackRock,BTC,0.25,32.666,-5.2909,3161.94,51010400,1-2
206,IBIT,-2.001462,-0.214065,66.33,2025-07-21,iShares Bitcoin Trust ETF,BlackRock,BTC,0.25,33.032,-5.2998,3197.86,47080800,1-3
207,IBIT,-1.965179,-0.375289,67.82,2025-07-22,iShares Bitcoin Trust ETF,BlackRock,BTC,0.25,29.609,-5.2797,3245.91,45383900,1-2
208,IBIT,-1.97886,-0.308724,67.29,2025-07-23,iShares Bitcoin Trust ETF,BlackRock,BTC,0.25,31.022,-5.2873,3179.58,34878700,1-2
209,IBIT,-2.032855,-0.305468,67.66,2025-07-24,iShares Bitcoin Trust ETF,BlackRock,BTC,0.25,31.091,-5.3172,3171.2,33249900,1-2
210,IBIT,-2.053214,-0.305468,66.36,2025-07-25,iShares Bitcoin Trust ETF,BlackRock,BTC,0.25,31.091,-5.3285,3222.74,53995700,1-2
211,IBIT,-2.029412,-0.415809,67.1,2025-07-28,iShares Bitcoin Trust ETF,BlackRock,BTC,0.25,28.748,-5.3153,3260.85,38748000,1-2
212,IBIT,-2.036465,-0.402225,66.71,2025-07-29,iShares Bitcoin Trust ETF,BlackRock,BTC,0.25,29.037,-5.3192,3279.82,38407300,1-2
213,IBIT,-2.05187,-0.355059,66.37,2025-07-30,iShares Bitcoin Trust ETF,BlackRock,BTC,0.25,30.038,-5.3278,3309.48,40903100,1-2
214,IBIT,-2.138731,-0.062583,66.32,2025-07-31,iShares Bitcoin Trust ETF,BlackRock,BTC,0.25,36.248,-5.3759,3339.05,41463100,1-3
215,IBIT,-2.16659,-0.062583,64.22,2025-08-01,iShares Bitcoin Trust ETF,BlackRock,BTC,0.25,36.248,-5.3914,3356.72,69829700,1-3
216,IBIT,-2.113921,0.17717,65.2,2025-08-04,iShares Bitcoin Trust ETF,BlackRock,BTC,0.25,41.338,-5.3622,3353.09,29985200,1-3
217,IBIT,-2.118701,0.17717,64.55,2025-08-05,iShares Bitcoin Trust ETF,BlackRock,BTC,0.25,41.338,-5.3648,3338.88,31327700,1-3
218,IBIT,-2.079537,0.17717,65.51,2025-08-06,iShares Bitcoin Trust ETF,BlackRock,BTC,0.25,41.338,-5.3431,3335.93,26866700,1-3
219,IBIT,-2.083931,0.17717,66.83,2025-08-07,iShares Bitcoin Trust ETF,BlackRock,BTC,0.25,41.338,-5.3455,3295.07,41363900,1-3
220,IBIT,-2.060949,0.428849,66.13,2025-08-08,iShares Bitcoin Trust ETF,BlackRock,BTC,0.25,46.682,-5.3328,3128.33,29121400,1-3
221,IBIT,-2.061862,0.428849,67.64,2025-08-11,iShares Bitcoin Trust ETF,BlackRock,BTC,0.25,46.682,-5.3333,3017.6,43158500,1-3
222,IBIT,-2.070445,0.667267,67.95,2025-08-12,iShares Bitcoin Trust ETF,BlackRock,BTC,0.25,51.744,-5.3381,2903.82,33459300,1-4
223,IBIT,-2.057334,0.667267,69.84,2025-08-13,iShares Bitcoin Trust ETF,BlackRock,BTC,0.25,51.744,-5.3308,2827.57,54824600,1-4
224,IBIT,-2.038948,0.667267,67.03,2025-08-14,iShares Bitcoin Trust ETF,BlackRock,BTC,0.25,51.744,-5.3206,2865.72,71199600,1-4
225,IBIT,-2.01971,0.49394,66.44,2025-08-15,iShares Bitcoin Trust ETF,BlackRock,BTC,0.25,48.064,-5.31,2845.0,39585100,1-3
226,IBIT,-2.032135,0.307155,66.05,2025-08-18,iShares Bitcoin Trust ETF,BlackRock,BTC,0.25,44.098,-5.3168,2789.71,33918500,1-3
227,IBIT,-1.985685,-0.038674,64.19,2025-08-19,iShares Bitcoin Trust ETF,BlackRock,BTC,0.25,36.755,-5.2911,2813.87,56556200,1-3
228,IBIT,-2.008352,0.073106,64.9,2025-08-20,iShares Bitcoin Trust ETF,BlackRock,BTC,0.25,39.129,-5.3037,2793.39,40798800,1-3
229,IBIT,-1.969531,0.260135,63.69,2025-08-21,iShares Bitcoin Trust ETF,BlackRock,BTC,0.25,43.1,-5.2821,2785.31,34187100,1-3
230,IBIT,-1.924576,0.434329,66.25,2025-08-22,iShares Bitcoin Trust ETF,BlackRock,BTC,0.25,46.798,-5.2572,2888.73,66739200,1-3
231,IBIT,-1.863291,0.434329,62.88,2025-08-25,iShares Bitcoin Trust ETF,BlackRock,BTC,0.25,46.798,-5.2233,2885.38,55863400,1-3
232,IBIT,-1.881793,0.434329,63.1,2025-08-26,iShares Bitcoin Trust ETF,BlackRock,BTC,0.25,46.798,-5.2335,2886.17,41469300,1-3
233,IBIT,-1.870637,0.200254,63.65,2025-08-27,iShares Bitcoin Trust ETF,BlackRock,BTC,0.25,41.828,-5.2273,2866.62,33800800,1-3
234,IBIT,-1.879007,-0.025758,63.58,2025-08-28,iShares Bitcoin Trust ETF,BlackRock,BTC,0.25,37.03,-5.232,2830.88,30895800,1-3
235,IBIT,-1.815976,-0.318234,61.44,2025-08-29,iShares Bitcoin Trust ETF,BlackRock,BTC,0.25,30.82,-5.197,2853.97,52647000,1-2
236,IBIT,-1.808767,-0.318234,62.97,2025-09-02,iShares Bitcoin Trust ETF,BlackRock,BTC,0.25,30.82,-5.193,2779.73,46457400,1-2
237,IBIT,-1.820264,-0.557986,63.77,2025-09-03,iShares Bitcoin Trust ETF,BlackRock,BTC,0.25,25.73,-5.1994,2790.54,34218100,1-2
238,IBIT,-1.785248,-0.557986,62.35,2025-09-04,iShares Bitcoin Trust ETF,BlackRock,BTC,0.25,25.73,-5.18,2791.57,32780400,1-2
239,IBIT,-1.801161,-0.557986,63.42,2025-09-05,iShares Bitcoin Trust ETF,BlackRock,BTC,0.25,25.73,-5.1888,2852.48,47921800,1-2
240,IBIT,-1.832644,-0.459235,63.7,2025-09-08,iShares Bitcoin Trust ETF,BlackRock,BTC,0.25,27.826,-5.2063,2833.48,37129800,1-2
241,IBIT,-1.845698,-0.57942,63.22,2025-09-09,iShares Bitcoin Trust ETF,BlackRock,BTC,0.25,25.274,-5.2135,2850.59,36145400,1-2
242,IBIT,-1.849978,-0.57942,64.53,2025-09-10,iShares Bitcoin Trust ETF,BlackRock,BTC,0.25,25.274,-5.2159,2850.42,45183000,1-2
243,IBIT,-1.841355,-0.775839,65.03,2025-09-11,iShares Bitcoin Trust ETF,BlackRock,BTC,0.25,21.104,-5.2111,2849.48,34658200,1-1
244,IBIT,-1.846161,-0.775839,66.38,2025-09-12,iShares Bitcoin Trust ETF,BlackRock,BTC,0.25,21.104,-5.2138,2820.61,48551100,1-1
245,IBIT,-1.862291,-0.775839,65.5,2025-09-15,iShares Bitcoin Trust ETF,BlackRock,BTC,0.25,21.104,-5.2227,2699.45,34018400,1-1
246,IBIT,-1.846869,-0.886249,66.37,2025-09-16,iShares Bitcoin Trust ETF,BlackRock,BTC,0.25,18.76,-5.2142,2681.42,33920600,1-1
247,IBIT,-1.841632,-0.597549,65.67,2025-09-17,iShares Bitcoin Trust ETF,BlackRock,BTC,0.25,24.89,-5.2113,2719.51,46293700,1-2
248,IBIT,-1.850899,-0.597549,66.75,2025-09-18,iShares Bitcoin Trust ETF,BlackRock,BTC,0.25,24.89,-5.2164,2668.95,38481200,1-2
249,IBIT,-1.817635,-0.777845,65.37,2025-09-19,iShares Bitcoin Trust ETF,BlackRock,BTC,0.25,21.062,-5.198,2645.55,32989400,1-1
250,IBIT,-1.81053,-1.031439,63.65,2025-09-22,iShares Bitcoin Trust ETF,BlackRock,BTC,0.25,15.677,-5.194,2670.69,42504100,1-1
251,IBIT,-1.855107,-0.999551,63.41,2025-09-23,iShares Bitcoin Trust ETF,BlackRock,BTC,0.25,16.354,-5.2187,2581.37,40145000,1-1
252,IBIT,-1.899199,-0.999551,64.42,2025-09-24,iShares Bitcoin Trust ETF,BlackRock,BTC,0.25,16.354,-5.2432,2509.12,30977600,1-1
253,IBIT,-1.8491,-0.999551,62.1,2025-09-25,iShares Bitcoin Trust ETF,BlackRock,BTC,0.25,16.354,-5.2154,2573.24,63817400,1-1
254,IBIT,-1.868837,-0.786375,61.94,2025-09-26,iShares Bitcoin Trust ETF,BlackRock,BTC,0.25,20.88,-5.2263,2614.8,48826000,1-1
255,IBIT,-1.786454,-0.786375,64.97,2025-09-29,iShares Bitcoin Trust ETF,BlackRock,BTC,0.25,20.88,-5.1807,2679.36,51102300,1-1
256,IBIT,-1.847598,-0.570447,65.0,2025-09-30,iShares Bitcoin Trust ETF,BlackRock,BTC,0.25,25.465,-5.2146,2643.26,38099900,1-2
257,IBIT,-1.857185,-0.570447,66.74,2025-10-01,iShares Bitcoin Trust ETF,BlackRock,BTC,0.25,25.465,-5.2199,2687.59,57783300,1-2
258,IBIT,-1.849708,-0.570447,68.77,2025-10-02,iShares Bitcoin Trust ETF,BlackRock,BTC,0.25,25.465,-5.2157,2787.55,62252200,1-2
259,IBIT,-1.903219,-0.570447,69.81,2025-10-03,iShares Bitcoin Trust ETF,BlackRock,BTC,0.25,25.465,-5.2454,2966.95,83244100,1-2
260,IBIT,-1.911935,-0.570447,71.29,2025-10-06,iShares Bitcoin Trust ETF,BlackRock,BTC,0.25,25.465,-5.2502,3055.71,68777400,1-2
261,IBIT,-1.88848,-0.669198,69.13,2025-10-07,iShares Bitcoin Trust ETF,BlackRock,BTC,0.25,23.368,-5.2372,3211.96,81680200,1-2
262,IBIT,-1.887153,-0.487641,70.06,2025-10-08,iShares Bitcoin Trust ETF,BlackRock,BTC,0.25,27.223,-5.2365,3284.12,54245600,1-2
263,IBIT,-1.900592,-0.477431,68.74,2025-10-09,iShares Bitcoin Trust ETF,BlackRock,BTC,0.25,27.44,-5.2439,3327.79,55757600,1-2
264,IBIT,-1.887648,-0.453461,66.2,2025-10-10,iShares Bitcoin Trust ETF,BlackRock,BTC,0.25,27.949,-5.2368,3551.31,104949200,1-2
265,IBIT,-1.921358,-0.453461,65.81,2025-10-13,iShares Bitcoin Trust ETF,BlackRock,BTC,0.25,27.949,-5.2554,3623.09,71877400,1-2
266,IBIT,-1.92092,-0.453461,63.91,2025-10-14,iShares Bitcoin Trust ETF,BlackRock,BTC,0.25,27.949,-5.2552,3747.4,75710400,1-2
267,IBIT,-1.935436,-0.151909,63.17,2025-10-15,iShares Bitcoin Trust ETF,BlackRock,BTC,0.25,34.351,-5.2632,3789.3,49569100,1-3
268,IBIT,-1.924455,-0.440609,61.43,2025-10-16,iShares Bitcoin Trust ETF,BlackRock,BTC,0.25,28.222,-5.2572,3905.12,89080600,1-2
269,IBIT,-1.948994,-0.440609,60.47,2025-10-17,iShares Bitcoin Trust ETF,BlackRock,BTC,0.25,28.222,-5.2708,4053.63,94055300,1-2
270,IBIT,-1.931426,-0.440609,62.93,2025-10-20,iShares Bitcoin Trust ETF,BlackRock,BTC,0.25,28.222,-5.261,4106.08,51770200,1-2
271,IBIT,-1.98899,-0.295252,63.49,2025-10-21,iShares Bitcoin Trust ETF,BlackRock,BTC,0.25,31.308,-5.2929,4225.2,82011100,1-2
272,IBIT,-1.940957,-0.504589,61.21,2025-10-22,iShares Bitcoin Trust ETF,BlackRock,BTC,0.25,26.863,-5.2663,4315.16,72451100,1-2
273,IBIT,-1.937756,-0.504589,62.56,2025-10-23,iShares Bitcoin Trust ETF,BlackRock,BTC,0.25,26.863,-5.2645,4344.03,41591300,1-2
274,IBIT,-1.991282,-0.285036,62.83,2025-10-24,iShares Bitcoin Trust ETF,BlackRock,BTC,0.25,31.525,-5.2942,4274.94,39980900,1-2
275,IBIT,-1.914149,-0.498212,65.28,2025-10-27,iShares Bitcoin Trust ETF,BlackRock,BTC,0.25,26.999,-5.2514,4284.17,49298000,1-2
276,IBIT,-1.986783,-0.353429,64.49,2025-10-28,iShares Bitcoin Trust ETF,BlackRock,BTC,0.25,30.073,-5.2917,4272.28,47609800,1-2
277,IBIT,-1.947755,-0.569358,62.75,2025-10-29,iShares Bitcoin Trust ETF,BlackRock,BTC,0.25,25.488,-5.2701,4384.26,76944400,1-2
278,IBIT,-1.919313,-0.569358,60.4,2025-10-30,iShares Bitcoin Trust ETF,BlackRock,BTC,0.25,25.488,-5.2543,4365.59,57355600,1-2
279,IBIT,-1.896126,-0.569358,62.3,2025-10-31,iShares Bitcoin Trust ETF,BlackRock,BTC,0.25,25.488,-5.2415,4302.05,47300700,1-2
280,IBIT,-1.854283,-0.569358,60.53,2025-11-03,iShares Bitcoin Trust ETF,BlackRock,BTC,0.25,25.488,-5.2183,4174.69,51820400,1-2
281,IBIT,-1.822993,-0.569358,57.18,2025-11-04,iShares Bitcoin Trust ETF,BlackRock,BTC,0.25,25.488,-5.2009,4227.98,105318000,1-2
282,IBIT,-1.797154,-0.27457,58.92,2025-11-05,iShares Bitcoin Trust ETF,BlackRock,BTC,0.25,31.747,-5.1866,4103.55,51487200,1-2
283,IBIT,-1.765799,-0.587621,57.26,2025-11-06,iShares Bitcoin Trust ETF,BlackRock,BTC,0.25,25.1,-5.1692,4072.21,54876200,1-2
284,IBIT,-1.752479,-0.213888,58.88,2025-11-07,iShares Bitcoin Trust ETF,BlackRock,BTC,0.25,33.035,-5.1618,4069.2,64022300,1-3
285,IBIT,-1.743089,-0.279859,60.19,2025-11-10,iShares Bitcoin Trust ETF,BlackRock,BTC,0.25,31.635,-5.1566,3884.64,51036700,1-2
286,IBIT,-1.669562,-0.279859,58.35,2025-11-11,iShares Bitcoin Trust ETF,BlackRock,BTC,0.25,31.635,-5.1159,3753.84,33993800,1-2
287,IBIT,-1.67244,-0.036217,57.59,2025-11-12,iShares Bitcoin Trust ETF,BlackRock,BTC,0.25,36.808,-5.1175,3637.67,41656400,1-3
288,IBIT,-1.651196,-0.337769,55.59,2025-11-13,iShares Bitcoin Trust ETF,BlackRock,BTC,0.25,30.405,-5.1057,3695.77,78277800,1-2
289,IBIT,-1.638942,-0.337769,53.475,2025-11-14,iShares Bitcoin Trust ETF,BlackRock,BTC,0.25,30.405,-5.0989,3675.11,94217100,1-2
290,IBIT,-1.626563,-0.337769,52.1,2025-11-17,iShares Bitcoin Trust ETF,BlackRock,BTC,0.25,30.405,-5.0921,3632.64,92045900,1-2
291,IBIT,-1.671925,0.032491,52.66,2025-11-18,iShares Bitcoin Trust ETF,BlackRock,BTC,0.25,38.266,-5.1172,3667.15,75629000,1-3
292,IBIT,-1.64282,-0.112866,50.73,2025-11-19,iShares Bitcoin Trust ETF,BlackRock,BTC,0.25,35.18,-5.1011,3648.08,94744600,1-3
293,IBIT,-1.653839,0.129744,48.96,2025-11-20,iShares Bitcoin Trust ETF,BlackRock,BTC,0.25,40.331,-5.1072,3722.41,122462500,1-3
294,IBIT,-1.682302,0.129744,47.97,2025-11-21,iShares Bitcoin Trust ETF,BlackRock,BTC,0.25,40.331,-5.123,3982.76,168213500,1-3
295,IBIT,-1.630108,-0.08981,50.57,2025-11-24,iShares Bitcoin Trust ETF,BlackRock,BTC,0.25,35.67,-5.094,4062.43,82759100,1-3
296,IBIT,-1.656634,0.209446,49.56,2025-11-25,iShares Bitcoin Trust ETF,BlackRock,BTC,0.25,42.023,-5.1087,4062.71,65052800,1-3
297,IBIT,-1.634672,0.064663,51.03,2025-11-26,iShares Bitcoin Trust ETF,BlackRock,BTC,0.25,38.949,-5.0966,4078.11,66507200,1-3
298,IBIT,-1.641741,0.064663,51.55,2025-11-28,iShares Bitcoin Trust ETF,BlackRock,BTC,0.25,38.949,-5.1005,3964.39,47334600,1-3
299,IBIT,-1.627414,0.064663,48.5,2025-12-01,iShares Bitcoin Trust ETF,BlackRock,BTC,0.25,38.949,-5.0925,4005.51,89232100,1-3
300,IBIT,-1.598712,0.064663,51.67,2025-12-02,iShares Bitcoin Trust ETF,BlackRock,BTC,0.25,38.949,-5.0766,4044.2,72757600,1-3
301,IBIT,-1.609418,0.064663,52.74,2025-12-03,iShares Bitcoin Trust ETF,BlackRock,BTC,0.25,38.949,-5.0826,4038.37,57151700,1-3
302,IBIT,-1.643558,0.209984,52.51,2025-12-04,iShares Bitcoin Trust ETF,BlackRock,BTC,0.25,42.035,-5.1015,3853.05,40571700,1-3
303,IBIT,-1.631214,-0.084803,50.69,2025-12-05,iShares Bitcoin Trust ETF,BlackRock,BTC,0.25,35.776,-5.0946,3842.75,55578500,1-3
304,IBIT,-1.639537,0.162226,51.52,2025-12-08,iShares Bitcoin Trust ETF,BlackRock,BTC,0.25,41.021,-5.0993,3798.91,43121800,1-3
305,IBIT,-1.633812,-0.174421,52.85,2025-12-09,iShares Bitcoin Trust ETF,BlackRock,BTC,0.25,33.873,-5.0961,3760.1,55905900,1-3
306,IBIT,-1.656708,0.331624,52.49,2025-12-10,iShares Bitcoin Trust ETF,BlackRock,BTC,0.25,44.617,-5.1088,3754.34,56217000,1-3
307,IBIT,-1.720654,0.331624,52.1,2025-12-11,iShares Bitcoin Trust ETF,BlackRock,BTC,0.25,44.617,-5.1442,3784.85,50372600,1-3
308,IBIT,-1.711749,0.511237,51.2,2025-12-12,iShares Bitcoin Trust ETF,BlackRock,BTC,0.25,48.431,-5.1393,3786.07,47356200,1-4
309,IBIT,-1.680618,0.511237,48.66,2025-12-15,iShares Bitcoin Trust ETF,BlackRock,BTC,0.25,48.431,-5.122,3748.32,73130500,1-4
310,IBIT,-1.680816,0.633892,49.71,2025-12-16,iShares Bitcoin Trust ETF,BlackRock,BTC,0.25,51.035,-5.1221,3641.14,56074700,1-4
311,IBIT,-1.681567,0.7494,48.71,2025-12-17,iShares Bitcoin Trust ETF,BlackRock,BTC,0.25,53.488,-5.1225,3596.05,79012800,1-4
312,IBIT,-1.672523,1.09127,47.96,2025-12-18,iShares Bitcoin Trust ETF,BlackRock,BTC,0.25,60.746,-5.1175,3569.77,71534600,1-4
313,IBIT,-1.648635,1.461564,49.91,2025-12-19,iShares Bitcoin Trust ETF,BlackRock,BTC,0.25,68.608,-5.1043,3490.0,62739200,1-4
314,IBIT,-1.670214,1.243744,50.09,2025-12-22,iShares Bitcoin Trust ETF,BlackRock,BTC,0.25,63.983,-5.1163,3323.8,50019100,1-4
315,IBIT,-1.66279,1.243744,49.65,2025-12-23,iShares Bitcoin Trust ETF,BlackRock,BTC,0.25,63.983,-5.1121,3043.01,43757600,1-4
316,IBIT,-1.708573,1.386917,49.46,2025-12-24,iShares Bitcoin Trust ETF,BlackRock,BTC,0.25,67.023,-5.1375,2897.32,22759300,1-4
317,IBIT,-1.732838,1.165469,49.61,2025-12-26,iShares Bitcoin Trust ETF,BlackRock,BTC,0.25,62.321,-5.151,2834.35,38333100,1-4
318,IBIT,-1.763521,1.335588,49.38,2025-12-29,iShares Bitcoin Trust ETF,BlackRock,BTC,0.25,65.933,-5.168,2748.62,32269300,1-4
319,IBIT,-1.763653,1.335588,49.83,2025-12-30,iShares Bitcoin Trust ETF,BlackRock,BTC,0.25,65.933,-5.168,2737.0,44071800,1-4
320,IBIT,-1.832155,1.410975,49.65,2025-12-31,iShares Bitcoin Trust ETF,BlackRock,BTC,0.25,67.534,-5.206,2610.91,33834300,1-4
321,IBIT,-1.889414,1.410975,50.94,2026-01-02,iShares Bitcoin Trust ETF,BlackRock,BTC,0.25,67.534,-5.2377,2591.91,65968800,1-4
322,IBIT,-1.857811,1.410975,53.46,2026-01-05,iShares Bitcoin Trust ETF,BlackRock,BTC,0.25,67.534,-5.2202,2643.25,76547400,1-4
323,IBIT,-1.829987,1.498291,52.45,2026-01-06,iShares Bitcoin Trust ETF,BlackRock,BTC,0.25,69.388,-5.2048,2678.94,54907400,1-4
324,IBIT,-1.859645,1.498291,51.54,2026-01-07,iShares Bitcoin Trust ETF,BlackRock,BTC,0.25,69.388,-5.2212,2653.67,44367000,1-4
325,IBIT,-1.905255,1.251261,51.52,2026-01-08,iShares Bitcoin Trust ETF,BlackRock,BTC,0.25,64.143,-5.2465,2652.85,42787300,1-4
326,IBIT,-1.940068,1.41194,51.16,2026-01-09,iShares Bitcoin Trust ETF,BlackRock,BTC,0.25,67.554,-5.2658,2608.84,39688400,1-4
327,IBIT,-1.911635,1.27151,51.87,2026-01-12,iShares Bitcoin Trust ETF,BlackRock,BTC,0.25,64.573,-5.2501,2568.93,40729100,1-4
328,IBIT,-1.870767,1.27151,53.57,2026-01-13,iShares Bitcoin Trust ETF,BlackRock,BTC,0.25,64.573,-5.2274,2611.54,65696700,1-4
329,IBIT,-1.870648,0.848254,55.44,2026-01-14,iShares Bitcoin Trust ETF,BlackRock,BTC,0.25,55.586,-5.2273,2722.84,85891200,1-4
330,IBIT,-1.900509,1.065499,54.0,2026-01-15,iShares Bitcoin Trust ETF,BlackRock,BTC,0.25,60.199,-5.2439,2683.29,50521000,1-4
331,IBIT,-1.939203,0.942844,54.24,2026-01-16,iShares Bitcoin Trust ETF,BlackRock,BTC,0.25,57.595,-5.2653,2662.37,43292300,1-4
332,IBIT,-1.862016,0.827336,50.76,2026-01-20,iShares Bitcoin Trust ETF,BlackRock,BTC,0.25,55.142,-5.2226,2663.97,76481100,1-4
333,IBIT,-1.878418,0.115206,51.11,2026-01-21,iShares Bitcoin Trust ETF,BlackRock,BTC,0.25,40.023,-5.2316,2671.27,70127800,1-3
334,IBIT,-1.939599,-0.060708,50.67,2026-01-22,iShares Bitcoin Trust ETF,BlackRock,BTC,0.25,36.288,-5.2656,2640.64,49100900,1-3
335,IBIT,-1.947853,0.130197,50.7,2026-01-23,iShares Bitcoin Trust ETF,BlackRock,BTC,0.25,40.341,-5.2701,2637.28,48026600,1-3
336,IBIT,-1.910368,0.130197,49.65,2026-01-26,iShares Bitcoin Trust ETF,BlackRock,BTC,0.25,40.341,-5.2494,2637.79,43973100,1-3
337,IBIT,-1.884042,0.282452,50.63,2026-01-27,iShares Bitcoin Trust ETF,BlackRock,BTC,0.25,43.573,-5.2348,2709.17,51840700,1-3
338,IBIT,-1.887239,0.204645,50.51,2026-01-28,iShares Bitcoin Trust ETF,BlackRock,BTC,0.25,41.921,-5.2365,2721.87,42931400,1-3
339,IBIT,-1.837248,0.034526,47.6,2026-01-29,iShares Bitcoin Trust ETF,BlackRock,BTC,0.25,38.31,-5.2088,2904.27,113944200,1-3
340,IBIT,-1.858398,0.034526,47.49,2026-01-30,iShares Bitcoin Trust ETF,BlackRock,BTC,0.25,38.31,-5.2205,2963.3,72346100,1-3
341,IBIT,-1.781726,-0.040861,44.22,2026-02-02,iShares Bitcoin Trust ETF,BlackRock,BTC,0.25,36.709,-5.1781,3107.62,106528100,1-3
342,IBIT,-1.803238,-0.040861,43.3,2026-02-03,iShares Bitcoin Trust ETF,BlackRock,BTC,0.25,36.709,-5.19,3207.03,125821800,1-3
343,IBIT,-1.820518,0.13516,41.57,2026-02-04,iShares Bitcoin Trust ETF,BlackRock,BTC,0.25,40.446,-5.1996,3231.76,110932700,1-3
344,IBIT,-1.779542,-0.097477,36.1,2026-02-05,iShares Bitcoin Trust ETF,BlackRock,BTC,0.25,35.507,-5.1768,3583.47,284371500,1-3
345,IBIT,-1.741614,0.175535,39.68,2026-02-06,iShares Bitcoin Trust ETF,BlackRock,BTC,0.25,41.303,-5.1558,3783.3,163384200,1-3
346,IBIT,-1.724232,0.756626,40.11,2026-02-09,iShares Bitcoin Trust ETF,BlackRock,BTC,0.25,53.641,-5.1462,3826.4,77526100,1-4
347,IBIT,-1.680658,0.68562,38.97,2026-02-10,iShares Bitcoin Trust ETF,BlackRock,BTC,0.25,52.133,-5.122,3843.85,61505400,1-4
348,IBIT,-1.680945,0.320007,38.29,2026-02-11,iShares Bitcoin Trust ETF,BlackRock,BTC,0.25,44.371,-5.1222,3872.9,71103800,1-3
349,IBIT,-1.656364,1.030149,37.05,2026-02-12,iShares Bitcoin Trust ETF,BlackRock,BTC,0.25,59.448,-5.1086,3815.6,62511900,1-4
350,IBIT,-1.598331,1.030149,38.97,2026-02-13,iShares Bitcoin Trust ETF,BlackRock,BTC,0.25,59.448,-5.0764,3710.49,65553100,1-4
351,IBIT,-1.609668,0.991071,38.39,2026-02-17,iShares Bitcoin Trust ETF,BlackRock,BTC,0.25,58.619,-5.0827,3680.91,54882700,1-4
352,IBIT,-1.5657,1.39499,37.54,2026-02-18,iShares Bitcoin Trust ETF,BlackRock,BTC,0.25,67.194,-5.0583,3658.64,50091300,1-4
353,IBIT,-1.604284,1.621777,38.07,2026-02-19,iShares Bitcoin Trust ETF,BlackRock,BTC,0.25,72.01,-5.0797,3554.6,44587900,1-4
354,IBIT,-1.595757,1.621777,38.42,2026-02-20,iShares Bitcoin Trust ETF,BlackRock,BTC,0.25,72.01,-5.075,3497.72,62202100,1-4
355,IBIT,-1.517464,1.427397,36.55,2026-02-23,iShares Bitcoin Trust ETF,BlackRock,BTC,0.25,67.883,-5.0316,3487.05,61935300,1-4
356,IBIT,-1.517162,1.211702,36.53,2026-02-24,iShares Bitcoin Trust ETF,BlackRock,BTC,0.25,63.303,-5.0314,3452.97,47064700,1-4
357,IBIT,-1.46608,1.211702,39.23,2026-02-25,iShares Bitcoin Trust ETF,BlackRock,BTC,0.25,63.303,-5.0031,3498.3,79921100,1-4
358,IBIT,-1.446954,1.270341,38.26,2026-02-26,iShares Bitcoin Trust ETF,BlackRock,BTC,0.25,64.548,-4.9925,3467.95,51941100,1-4
359,IBIT,-1.395156,1.270341,37.19,2026-02-27,iShares Bitcoin Trust ETF,BlackRock,BTC,0.25,64.548,-4.9638,3450.75,48597800,1-4
360,IBIT,-1.387344,1.270341,39.195,2026-03-02,iShares Bitcoin Trust ETF,BlackRock,BTC,0.25,64.548,-4.9595,3381.52,101283200,1-4
361,IBIT,-1.373952,1.940172,38.7,2026-03-03,iShares Bitcoin Trust ETF,BlackRock,BTC,0.25,78.77,-4.9521,3348.14,70667500,1-4
362,IBIT,-1.376799,1.940172,41.44,2026-03-04,iShares Bitcoin Trust ETF,BlackRock,BTC,0.25,78.77,-4.9536,3351.71,115483500,1-4
363,IBIT,-1.355333,2.001016,40.39,2026-03-05,iShares Bitcoin Trust ETF,BlackRock,BTC,0.25,80.061,-4.9417,3210.38,61402200,1-4
364,IBIT,-1.318114,1.824995,38.6,2026-03-06,iShares Bitcoin Trust ETF,BlackRock,BTC,0.25,76.324,-4.9211,3095.96,57220300,1-4
365,IBIT,-1.346661,1.881832,39.13,2026-03-09,iShares Bitcoin Trust ETF,BlackRock,BTC,0.25,77.531,-4.9369,2744.28,73613500,1-4
366,IBIT,-1.375252,1.60882,39.71,2026-03-10,iShares Bitcoin Trust ETF,BlackRock,BTC,0.25,71.734,-4.9528,2554.62,62965500,1-4
367,IBIT,-1.370655,1.414972,40.07,2026-03-11,iShares Bitcoin Trust ETF,BlackRock,BTC,0.25,67.619,-4.9502,2495.27,46499500,1-4
368,IBIT,-1.405566,1.363909,39.95,2026-03-12,iShares Bitcoin Trust ETF,BlackRock,BTC,0.25,66.535,-4.9696,2461.9,42455300,1-4
369,IBIT,-1.417302,1.363909,40.37,2026-03-13,iShares Bitcoin Trust ETF,BlackRock,BTC,0.25,66.535,-4.9761,2492.01,83099400,1-4
370,IBIT,-1.414885,0.653767,41.94,2026-03-16,iShares Bitcoin Trust ETF,BlackRock,BTC,0.25,51.457,-4.9747,2503.66,61056300,1-4
371,IBIT,-1.470629,0.843753,42.27,2026-03-17,iShares Bitcoin Trust ETF,BlackRock,BTC,0.25,55.491,-5.0056,2465.06,41259400,1-4
372,IBIT,-1.42731,0.665586,40.26,2026-03-18,iShares Bitcoin Trust ETF,BlackRock,BTC,0.25,51.708,-4.9816,2487.48,64030000,1-4
373,IBIT,-1.45354,0.261667,39.82,2026-03-19,iShares Bitcoin Trust ETF,BlackRock,BTC,0.25,43.132,-4.9962,2509.39,58778600,1-3
374,IBIT,-1.482287,0.31017,39.77,2026-03-20,iShares Bitcoin Trust ETF,BlackRock,BTC,0.25,44.162,-5.0121,2523.88,50329600,1-3
375,IBIT,-1.483266,0.31017,40.05,2026-03-23,iShares Bitcoin Trust ETF,BlackRock,BTC,0.25,44.162,-5.0126,2503.54,49007900,1-3
376,IBIT,-1.53477,0.31017,39.28,2026-03-24,iShares Bitcoin Trust ETF,BlackRock,BTC,0.25,44.162,-5.0412,2497.71,54512900,1-3
377,IBIT,-1.483061,0.31017,40.17,2026-03-25,iShares Bitcoin Trust ETF,BlackRock,BTC,0.25,44.162,-5.0125,2495.77,41787900,1-3
378,IBIT,-1.492991,0.31017,38.82,2026-03-26,iShares Bitcoin Trust ETF,BlackRock,BTC,0.25,44.162,-5.018,2427.16,43649100,1-3
379,IBIT,-1.484135,-0.043897,37.4,2026-03-27,iShares Bitcoin Trust ETF,BlackRock,BTC,0.25,36.645,-5.0131,2451.72,66924500,1-3
380,IBIT,-1.527249,-0.043897,37.68,2026-03-30,iShares Bitcoin Trust ETF,BlackRock,BTC,0.25,36.645,-5.037,2439.85,41352900,1-3
381,IBIT,-1.541243,0.336832,38.42,2026-03-31,iShares Bitcoin Trust ETF,BlackRock,BTC,0.25,44.728,-5.0448,2345.18,51580700,1-3
382,IBIT,-1.542645,-0.332999,38.64,2026-04-01,iShares Bitcoin Trust ETF,BlackRock,BTC,0.25,30.506,-5.0456,2278.06,34296500,1-2
383,IBIT,-1.546174,-0.332999,37.97,2026-04-02,iShares Bitcoin Trust ETF,BlackRock,BTC,0.25,30.506,-5.0475,2112.13,34264400,1-2
384,IBIT,-1.487277,-0.393843,39.52,2026-04-06,iShares Bitcoin Trust ETF,BlackRock,BTC,0.25,29.215,-5.0149,2070.11,40428400,1-2
385,IBIT,-1.533256,-0.393843,39.1,2026-04-07,iShares Bitcoin Trust ETF,BlackRock,BTC,0.25,29.215,-5.0403,2021.73,30502000,1-2
386,IBIT,-1.49793,-0.450679,40.42,2026-04-08,iShares Bitcoin Trust ETF,BlackRock,BTC,0.25,28.008,-5.0208,2001.17,60582600,1-2
387,IBIT,-1.486148,0.132221,40.91,2026-04-09,iShares Bitcoin Trust ETF,BlackRock,BTC,0.25,40.384,-5.0142,1946.45,33030900,1-3
388,IBIT,-1.463137,-0.255022,41.56,2026-04-10,iShares Bitcoin Trust ETF,BlackRock,BTC,0.25,32.162,-5.0015,1926.59,34798000,1-2
389,IBIT,-1.468264,-0.06962,41.59,2026-04-13,iShares Bitcoin Trust ETF,BlackRock,BTC,0.25,36.098,-5.0043,1930.96,42989000,1-3
390,IBIT,-1.46318,-0.06962,42.13,2026-04-14,iShares Bitcoin Trust ETF,BlackRock,BTC,0.25,36.098,-5.0015,1908.62,68489800,1-3
391,IBIT,-1.494463,0.151683,42.56,2026-04-15,iShares Bitcoin Trust ETF,BlackRock,BTC,0.25,40.797,-5.0188,1858.75,35561300,1-3
392,IBIT,-1.502238,0.389943,42.73,2026-04-16,iShares Bitcoin Trust ETF,BlackRock,BTC,0.25,45.856,-5.0232,1851.37,37189200,1-3
393,IBIT,-1.546736,0.389943,43.94,2026-04-17,iShares Bitcoin Trust ETF,BlackRock,BTC,0.25,45.856,-5.0478,1896.76,80357500,1-3
394,IBIT,-1.526256,0.389943,43.25,2026-04-20,iShares Bitcoin Trust ETF,BlackRock,BTC,0.25,45.856,-5.0365,1863.19,37820900,1-3
395,IBIT,-1.477058,0.589311,42.51,2026-04-21,iShares Bitcoin Trust ETF,BlackRock,BTC,0.25,50.089,-5.0092,1830.43,30898300,1-4
396,IBIT,-1.408688,0.589311,44.75,2026-04-22,iShares Bitcoin Trust ETF,BlackRock,BTC,0.25,50.089,-4.9713,1846.53,51415300,1-4
397,IBIT,-1.409233,0.589311,44.05,2026-04-23,iShares Bitcoin Trust ETF,BlackRock,BTC,0.25,50.089,-4.9716,1828.82,40169200,1-4
398,IBIT,-1.455327,0.770124,44.02,2026-04-24,iShares Bitcoin Trust ETF,BlackRock,BTC,0.25,53.928,-4.9972,1808.91,28637100,1-4
399,IBIT,-1.503637,0.892857,43.56,2026-04-27,iShares Bitcoin Trust ETF,BlackRock,BTC,0.25,56.533,-5.0239,1794.6,31999800,1-4
400,IBIT,-1.537457,0.892857,43.27,2026-04-28,iShares Bitcoin Trust ETF,BlackRock,BTC,0.25,56.533,-5.0427,1724.4,23774400,1-4
401,IBIT,-1.523044,1.008721,42.75,2026-04-29,iShares Bitcoin Trust ETF,BlackRock,BTC,0.25,58.993,-5.0347,1719.4,33991100,1-4
402,IBIT,-1.509025,0.698298,43.32,2026-04-30,iShares Bitcoin Trust ETF,BlackRock,BTC,0.25,52.403,-5.0269,1672.4,22965200,1-4
403,IBIT,-1.476148,0.698298,44.47,2026-05-01,iShares Bitcoin Trust ETF,BlackRock,BTC,0.25,52.403,-5.0087,1707.03,46151400,1-4
404,IBIT,-1.500105,0.698298,45.4,2026-05-04,iShares Bitcoin Trust ETF,BlackRock,BTC,0.25,52.403,-5.022,1781.08,62909400,1-4
405,IBIT,-1.56392,0.698298,46.28,2026-05-05,iShares Bitcoin Trust ETF,BlackRock,BTC,0.25,52.403,-5.0573,1801.96,43996200,1-4
406,IBIT,-1.597812,0.792123,46.19,2026-05-06,iShares Bitcoin Trust ETF,BlackRock,BTC,0.25,54.395,-5.0761,1824.46,36051300,1-4
407,IBIT,-1.605117,0.792123,45.4,2026-05-07,iShares Bitcoin Trust ETF,BlackRock,BTC,0.25,54.395,-5.0802,1776.75,31868200,1-4
408,IBIT,-1.641552,0.401961,45.45,2026-05-08,iShares Bitcoin Trust ETF,BlackRock,BTC,0.25,46.111,-5.1004,1765.62,24590800,1-3
409,IBIT,-1.620866,0.401961,46.47,2026-05-11,iShares Bitcoin Trust ETF,BlackRock,BTC,0.25,46.111,-5.0889,1765.57,31097100,1-3
410,IBIT,-1.571335,0.130653,45.8,2026-05-12,iShares Bitcoin Trust ETF,BlackRock,BTC,0.25,40.35,-5.0615,1740.21,27407800,1-3
411,IBIT,-1.546978,0.130653,45.12,2026-05-13,iShares Bitcoin Trust ETF,BlackRock,BTC,0.25,40.35,-5.048,1672.46,32419900,1-3
412,IBIT,-1.528672,-0.090649,46.17,2026-05-14,iShares Bitcoin Trust ETF,BlackRock,BTC,0.25,35.652,-5.0378,1698.6,44670300,1-3
413,IBIT,-1.473203,-0.518895,44.82,2026-05-15,iShares Bitcoin Trust ETF,BlackRock,BTC,0.25,26.56,-5.0071,1707.91,39817900,1-2
414,IBIT,-1.457825,-0.518895,43.53,2026-05-18,iShares Bitcoin Trust ETF,BlackRock,BTC,0.25,26.56,-4.9985,1655.63,55893800,1-2
415,IBIT,-1.492234,-0.286406,43.5,2026-05-19,iShares Bitcoin Trust ETF,BlackRock,BTC,0.25,31.496,-5.0176,1630.35,25399900,1-2
416,IBIT,-1.498003,-0.761065,43.99,2026-05-20,iShares Bitcoin Trust ETF,BlackRock,BTC,0.25,21.418,-5.0208,1613.55,21838300,1-1
417,IBIT,-1.589756,-0.539025,44.0,2026-05-21,iShares Bitcoin Trust ETF,BlackRock,BTC,0.25,26.132,-5.0717,1558.01,25781200,1-2
418,IBIT,-1.548569,-0.539025,42.96,2026-05-22,iShares Bitcoin Trust ETF,BlackRock,BTC,0.25,26.132,-5.0488,1535.25,30066000,1-2
419,IBIT,-1.55002,-0.364546,42.99,2026-05-26,iShares Bitcoin Trust ETF,BlackRock,BTC,0.25,29.837,-5.0496,1647.36,84084900,1-2
420,IBIT,-1.546126,-0.487279,42.45,2026-05-27,iShares Bitcoin Trust ETF,BlackRock,BTC,0.25,27.231,-5.0475,1652.05,35159200,1-2
421,IBIT,-1.523671,-0.487279,41.56,2026-05-28,iShares Bitcoin Trust ETF,BlackRock,BTC,0.25,27.231,-5.035,1687.39,42607600,1-2
422,IBIT,-1.553819,-0.339061,41.63,2026-05-29,iShares Bitcoin Trust ETF,BlackRock,BTC,0.25,30.378,-5.0517,1697.64,40077700,1-2
423,IBIT,-1.556937,-0.409366,40.49,2026-06-01,iShares Bitcoin Trust ETF,BlackRock,BTC,0.25,28.885,-5.0535,1755.42,54539200,1-2
424,IBIT,-1.521865,-0.409366,38.05,2026-06-02,iShares Bitcoin Trust ETF,BlackRock,BTC,0.25,28.885,-5.034,1796.88,76815200,1-2
425,IBIT,-1.494152,-0.409366,37.0,2026-06-03,iShares Bitcoin Trust ETF,BlackRock,BTC,0.25,28.885,-5.0187,1754.47,53124100,1-2
426,IBIT,-1.491363,-0.409366,36.02,2026-06-04,iShares Bitcoin Trust ETF,BlackRock,BTC,0.25,28.885,-5.0171,1783.5,73453900,1-2
427,IBIT,-1.44288,-0.503191,34.14,2026-06-05,iShares Bitcoin Trust ETF,BlackRock,BTC,0.25,26.893,-4.9903,1885.83,111720800,1-2
428,IBIT,-1.399084,-0.503191,35.89,2026-06-08,iShares Bitcoin Trust ETF,BlackRock,BTC,0.25,26.893,-4.966,1915.02,57393000,1-2
429,IBIT,-1.363786,-0.69593,35.14,2026-06-09,iShares Bitcoin Trust ETF,BlackRock,BTC,0.25,22.801,-4.9464,1949.64,52492700,1-1
430,IBIT,-1.411567,-0.564021,35.08,2026-06-10,iShares Bitcoin Trust ETF,BlackRock,BTC,0.25,25.601,-4.9729,1943.18,37326900,1-2
431,IBIT,-1.390868,-0.564021,36.05,2026-06-11,iShares Bitcoin Trust ETF,BlackRock,BTC,0.25,25.601,-4.9614,1957.4,43105800,1-2
432,IBIT,-1.425831,-0.538619,36.04,2026-06-12,iShares Bitcoin Trust ETF,BlackRock,BTC,0.25,26.141,-4.9808,1950.27,36430100,1-2
433,IBIT,-1.384424,-0.538619,37.74,2026-06-15,iShares Bitcoin Trust ETF,BlackRock,BTC,0.25,26.141,-4.9579,1947.22,52951400,1-2
434,IBIT,-1.388838,-0.538619,37.17,2026-06-16,iShares Bitcoin Trust ETF,BlackRock,BTC,0.25,26.141,-4.9603,1909.51,26710500,1-2
435,IBIT,-1.381332,-0.396012,36.36,2026-06-17,iShares Bitcoin Trust ETF,BlackRock,BTC,0.25,29.169,-4.9561,1867.45,42620000,1-2
436,IBIT,-1.34373,-0.628501,35.62,2026-06-18,iShares Bitcoin Trust ETF,BlackRock,BTC,0.25,24.232,-4.9353,1896.14,47932100,1-2
437,IBIT,-1.324016,-0.628501,36.5,2026-06-22,iShares Bitcoin Trust ETF,BlackRock,BTC,0.25,24.232,-4.9244,1915.42,37416700,1-2
438,IBIT,-1.242452,-0.850542,35.31,2026-06-23,iShares Bitcoin Trust ETF,BlackRock,BTC,0.25,19.518,-4.8792,1918.56,33989000,1-1
439,IBIT,-1.253658,-0.850542,33.87,2026-06-24,iShares Bitcoin Trust ETF,BlackRock,BTC,0.25,19.518,-4.8854,1993.02,84306600,1-1
440,IBIT,-1.242353,-0.870867,33.52,2026-06-25,iShares Bitcoin Trust ETF,BlackRock,BTC,0.25,19.087,-4.8791,1939.61,74376700,1-1
441,IBIT,-1.252575,-0.451544,33.85,2026-06-26,iShares Bitcoin Trust ETF,BlackRock,BTC,0.25,27.989,-4.8848,1964.25,59375800,1-2
442,IBIT,-1.270166,0.097576,34.18,2026-06-29,iShares Bitcoin Trust ETF,BlackRock,BTC,0.25,39.648,-4.8945,1958.39,48208200,1-3
443,IBIT,-1.234629,-0.166507,33.29,2026-06-30,iShares Bitcoin Trust ETF,BlackRock,BTC,0.25,34.041,-4.8748,1972.49,59015100,1-3
444,IBIT,-1.237923,-0.166507,34.0,2026-07-01,iShares Bitcoin Trust ETF,BlackRock,BTC,0.25,34.041,-4.8767,1955.5,54454400,1-3
445,IBIT,-1.254125,-0.166507,34.87,2026-07-02,iShares Bitcoin Trust ETF,BlackRock,BTC,0.25,34.041,-4.8856,1893.66,46578000,1-3
446,IBIT,-1.241257,-0.071514,36.12,2026-07-06,iShares Bitcoin Trust ETF,BlackRock,BTC,0.25,36.058,-4.8785,1889.45,51974500,1-3
447,IBIT,-1.268341,0.083285,36.15,2026-07-07,iShares Bitcoin Trust ETF,BlackRock,BTC,0.25,39.345,-4.8935,1819.24,32400400,1-3
448,IBIT,-1.246304,0.083285,35.23,2026-07-08,iShares Bitcoin Trust ETF,BlackRock,BTC,0.25,39.345,-4.8813,1694.16,33708800,1-3
449,IBIT,-1.269469,0.083285,35.81,2026-07-09,iShares Bitcoin Trust ETF,BlackRock,BTC,0.25,39.345,-4.8942,1643.99,28097900,1-3
450,IBIT,-1.272319,0.083285,36.23,2026-07-10,iShares Bitcoin Trust ETF,BlackRock,BTC,0.25,39.345,-4.8957,1609.15,30720600,1-3
451,IBIT,-1.216278,-0.048623,35.22,2026-07-13,iShares Bitcoin Trust ETF,BlackRock,BTC,0.25,36.544,-4.8647,1610.61,38048900,1-3
452,IBIT,-1.20406,-0.048623,36.58,2026-07-14,iShares Bitcoin Trust ETF,BlackRock,BTC,0.25,36.544,-4.8579,1618.4,46954100,1-3
453,IBIT,-1.191305,-0.074026,36.81,2026-07-15,iShares Bitcoin Trust ETF,BlackRock,BTC,0.25,36.005,-4.8508,1615.68,34112000,1-3
454,IBIT,-1.21459,-0.074026,36.39,2026-07-16,iShares Bitcoin Trust ETF,BlackRock,BTC,0.25,36.005,-4.8637,1558.47,21905800,1-3
455,IBIT,-1.25599,-0.074026,36.35,2026-07-17,iShares Bitcoin Trust ETF,BlackRock,BTC,0.25,36.005,-4.8867,1608.43,56170600,1-3
456,IBIT,-1.262305,-0.216633,36.89,2026-07-20,iShares Bitcoin Trust ETF,BlackRock,BTC,0.25,32.977,-4.8902,1593.0,33229400,1-2
457,IBIT,-1.260726,-0.216633,37.67,2026-07-21,iShares Bitcoin Trust ETF,BlackRock,BTC,0.25,32.977,-4.8893,1590.85,44121300,1-2
458,IBIT,-1.283537,-0.216633,37.34,2026-07-22,iShares Bitcoin Trust ETF,BlackRock,BTC,0.25,32.977,-4.9019,1567.32,23341200,1-2
459,IBIT,-1.325007,-0.216633,36.65,2026-07-23,iShares Bitcoin Trust ETF,BlackRock,BTC,0.25,32.977,-4.9249,1573.38,36217500,1-2
460,IBIT,-1.34967,-0.216633,36.35,2026-07-24,iShares Bitcoin Trust ETF,BlackRock,BTC,0.25,32.977,-4.9386,1494.56,33023200,1-2
461,IBIT,-1.327786,-0.551599,36.77,2026-07-27,iShares Bitcoin Trust ETF,BlackRock,BTC,0.25,25.865,-4.9265,1425.5,28359300,1-2
462,IBIT,-1.292274,-0.970922,36.14,2026-07-28,iShares Bitcoin Trust ETF,BlackRock,BTC,0.25,16.962,-4.9068,1379.95,29147000,1-1
463,IBIT,-1.301265,-1.520042,36.0,2026-07-29,iShares Bitcoin Trust ETF,BlackRock,BTC,0.25,5.304,-4.9118,1364.82,36943100,1-1
464,IBIT,-1.298301,-1.520042,36.7,2026-07-30,iShares Bitcoin Trust ETF,BlackRock,BTC,0.25,5.304,-4.9101,1334.93,36428500,1-1
465,IBIT,-1.288171,-1.520042,35.64,2026-07-31,iShares Bitcoin Trust ETF,BlackRock,BTC,0.25,5.304,-4.9045,1341.33,55718400,1-1
466,IBIT,-1.306294,-1.15867,36.16,2026-08-03,iShares Bitcoin Trust ETF,BlackRock,BTC,0.25,12.976,-4.9146,1336.02,41836300,1-1
467,IBIT,-1.349188,-1.253663,36.39,2026-08-04,iShares Bitcoin Trust ETF,BlackRock,BTC,0.25,10.959,-4.9383,1305.34,33883500,1-1
468,IBIT,-1.326211,-1.399298,36.74,2026-08-05,iShares Bitcoin Trust ETF,BlackRock,BTC,0.25,7.867,-4.9256,1307.18,32932800,1-1
469,IBIT,-1.375756,-1.157758,36.49,2026-08-06,iShares Bitcoin Trust ETF,BlackRock,BTC,0.25,12.995,-4.9531,1301.15,29071400,1-1
470,IBIT,-1.408857,-1.157758,36.8,2026-08-07,iShares Bitcoin Trust ETF,BlackRock,BTC,0.25,12.995,-4.9714,1314.72,35087400,1-1
471,IBIT,-1.407867,-1.157758,36.23,2026-08-10,iShares Bitcoin Trust ETF,BlackRock,BTC,0.25,12.995,-4.9709,1330.81,40044000,1-1
472,IBIT,-1.458027,-1.157758,35.94,2026-08-11,iShares Bitcoin Trust ETF,BlackRock,BTC,0.25,12.995,-4.9987,1320.34,31174500,1-1
473,IBIT,-1.538362,-0.923101,35.89,2026-08-12,iShares Bitcoin Trust ETF,BlackRock,BTC,0.25,17.978,-5.0432,1281.8,25304900,1-1
474,IBIT,-1.557911,-0.777927,35.88,2026-08-13,iShares Bitcoin Trust ETF,BlackRock,BTC,0.25,21.06,-5.054,1265.19,25273500,1-1
475,IBIT,-1.583907,-0.777927,35.63,2026-08-14,iShares Bitcoin Trust ETF,BlackRock,BTC,0.25,21.06,-5.0684,1267.13,23516700,1-1
476,IBIT,-1.527,-0.777927,36.42,2026-08-17,iShares Bitcoin Trust ETF,BlackRock,BTC,0.25,21.06,-5.0369,1244.22,42854200,1-1
477,IBIT,-1.557361,-0.777927,36.6,2026-08-18,iShares Bitcoin Trust ETF,BlackRock,BTC,0.25,21.06,-5.0537,1235.82,28668700,1-1
478,IBIT,-1.565827,-0.777927,38.78,2026-08-19,iShares Bitcoin Trust ETF,BlackRock,BTC,0.25,21.06,-5.0584,1416.71,140814800,1-1
479,IBIT,-1.551071,-0.777927,41.2,2026-08-20,iShares Bitcoin Trust ETF,BlackRock,BTC,0.25,21.06,-5.0502,1587.39,108151800,1-1
480,IBIT,-1.560798,-0.777927,43.68,2026-08-21,iShares Bitcoin Trust ETF,BlackRock,BTC,0.25,21.06,-5.0556,1761.19,113948027,1-1
481,FBTC,0.25287,0.295336,54.945,2024-09-20,Fidelity Wise Origin Bitcoin Fund,Fidelity,BTC,0.25,43.847,-4.0504,289.41,2750300,3-3
482,FBTC,0.242521,0.295336,55.38,2024-09-23,Fidelity Wise Origin Bitcoin Fund,Fidelity,BTC,0.25,43.847,-4.0562,289.32,2207500,3-3
483,FBTC,0.236832,0.440172,56.26,2024-09-24,Fidelity Wise Origin Bitcoin Fund,Fidelity,BTC,0.25,46.922,-4.0593,272.72,3010500,3-3
484,FBTC,0.286484,0.603811,55.25,2024-09-25,Fidelity Wise Origin Bitcoin Fund,Fidelity,BTC,0.25,50.396,-4.0318,270.48,2115800,3-4
485,FBTC,0.281371,0.603811,56.61,2024-09-26,Fidelity Wise Origin Bitcoin Fund,Fidelity,BTC,0.25,50.396,-4.0346,275.93,6350700,3-4
486,FBTC,0.257365,0.603811,57.43,2024-09-27,Fidelity Wise Origin Bitcoin Fund,Fidelity,BTC,0.25,50.396,-4.0479,265.85,4917900,3-4
487,FBTC,0.31623,0.603811,55.53,2024-09-30,Fidelity Wise Origin Bitcoin Fund,Fidelity,BTC,0.25,50.396,-4.0153,257.23,3724000,3-4
488,FBTC,0.329604,0.603811,53.98,2024-10-01,Fidelity Wise Origin Bitcoin Fund,Fidelity,BTC,0.25,50.396,-4.0079,260.73,8087700,3-4
489,FBTC,0.360523,0.298942,52.62,2024-10-02,Fidelity Wise Origin Bitcoin Fund,Fidelity,BTC,0.25,43.924,-3.9908,253.41,4410400,3-3
490,FBTC,0.388063,0.454343,53.35,2024-10-03,Fidelity Wise Origin Bitcoin Fund,Fidelity,BTC,0.25,47.223,-3.9755,245.26,3221000,3-3
491,FBTC,0.401056,0.410732,54.56,2024-10-04,Fidelity Wise Origin Bitcoin Fund,Fidelity,BTC,0.25,46.297,-3.9683,237.56,2706900,3-3
492,FBTC,0.400126,0.410732,55.42,2024-10-07,Fidelity Wise Origin Bitcoin Fund,Fidelity,BTC,0.25,46.297,-3.9688,220.49,3381500,3-3
493,FBTC,0.379005,0.045054,54.4,2024-10-08,Fidelity Wise Origin Bitcoin Fund,Fidelity,BTC,0.25,38.533,-3.9805,210.14,2871100,3-3
494,FBTC,0.387805,0.045054,53.28,2024-10-09,Fidelity Wise Origin Bitcoin Fund,Fidelity,BTC,0.25,38.533,-3.9756,211.23,2466500,3-3
495,FBTC,0.421868,-0.341524,52.15,2024-10-10,Fidelity Wise Origin Bitcoin Fund,Fidelity,BTC,0.25,30.325,-3.9568,207.21,3312900,3-2
496,FBTC,0.436608,-0.341524,55.23,2024-10-11,Fidelity Wise Origin Bitcoin Fund,Fidelity,BTC,0.25,30.325,-3.9486,218.22,6377400,3-2
497,FBTC,0.446533,-0.341524,57.68,2024-10-14,Fidelity Wise Origin Bitcoin Fund,Fidelity,BTC,0.25,30.325,-3.9431,222.93,5664800,3-2
498,FBTC,0.38218,-0.103377,58.62,2024-10-15,Fidelity Wise Origin Bitcoin Fund,Fidelity,BTC,0.25,35.382,-3.9788,234.57,6520700,3-3
499,FBTC,0.365203,-0.103377,59.24,2024-10-16,Fidelity Wise Origin Bitcoin Fund,Fidelity,BTC,0.25,35.382,-3.9882,227.95,3518800,3-3
500,FBTC,0.395257,-0.819519,58.41,2024-10-17,Fidelity Wise Origin Bitcoin Fund,Fidelity,BTC,0.25,20.177,-3.9715,223.77,2713600,3-1
501,FBTC,0.354072,-0.819519,60.03,2024-10-18,Fidelity Wise Origin Bitcoin Fund,Fidelity,BTC,0.25,20.177,-3.9943,223.98,3849500,3-1
502,FBTC,0.354976,-0.959808,59.235,2024-10-21,Fidelity Wise Origin Bitcoin Fund,Fidelity,BTC,0.25,17.198,-3.9938,229.83,4624900,3-1
503,FBTC,0.340607,-0.760223,58.98,2024-10-22,Fidelity Wise Origin Bitcoin Fund,Fidelity,BTC,0.25,21.436,-4.0018,231.97,2834800,3-1
504,FBTC,0.334024,-0.905059,58.07,2024-10-23,Fidelity Wise Origin Bitcoin Fund,Fidelity,BTC,0.25,18.361,-4.0055,233.7,3542500,3-1
505,FBTC,0.342445,-1.165622,59.72,2024-10-24,Fidelity Wise Origin Bitcoin Fund,Fidelity,BTC,0.25,12.828,-4.0008,235.66,2645000,3-1
506,FBTC,0.34503,-1.026714,58.39,2024-10-25,Fidelity Wise Origin Bitcoin Fund,Fidelity,BTC,0.25,15.778,-3.9994,232.92,5173000,3-1
507,FBTC,0.375441,-1.026714,60.93,2024-10-28,Fidelity Wise Origin Bitcoin Fund,Fidelity,BTC,0.25,15.778,-3.9825,234.59,5209700,3-1
508,FBTC,0.342647,-1.026714,63.45,2024-10-29,Fidelity Wise Origin Bitcoin Fund,Fidelity,BTC,0.25,15.778,-4.0007,251.15,8740100,3-1
509,FBTC,0.331461,-0.86325,62.79,2024-10-30,Fidelity Wise Origin Bitcoin Fund,Fidelity,BTC,0.25,19.248,-4.0069,244.53,4740500,3-1
510,FBTC,0.313187,-0.86325,61.07,2024-10-31,Fidelity Wise Origin Bitcoin Fund,Fidelity,BTC,0.25,19.248,-4.017,254.71,7299500,3-1
511,FBTC,0.289532,-0.741827,60.47,2024-11-01,Fidelity Wise Origin Bitcoin Fund,Fidelity,BTC,0.25,21.826,-4.0301,269.88,8111600,3-1
512,FBTC,0.264581,-0.741827,58.77,2024-11-04,Fidelity Wise Origin Bitcoin Fund,Fidelity,BTC,0.25,21.826,-4.0439,277.86,5364500,3-1
513,FBTC,0.263828,-0.741827,60.66,2024-11-05,Fidelity Wise Origin Bitcoin Fund,Fidelity,BTC,0.25,21.826,-4.0444,287.4,6392300,3-1
514,FBTC,0.261178,-0.741827,66.7,2024-11-06,Fidelity Wise Origin Bitcoin Fund,Fidelity,BTC,0.25,21.826,-4.0458,320.13,12645900,3-1
515,FBTC,0.196695,-0.421796,66.98,2024-11-07,Fidelity Wise Origin Bitcoin Fund,Fidelity,BTC,0.25,28.621,-4.0816,335.98,6930700,3-2
516,FBTC,0.142713,-0.352756,67.18,2024-11-08,Fidelity Wise Origin Bitcoin Fund,Fidelity,BTC,0.25,30.087,-4.1115,345.02,5398900,2-2
517,FBTC,0.119904,-0.352756,76.145,2024-11-11,Fidelity Wise Origin Bitcoin Fund,Fidelity,BTC,0.25,30.087,-4.1241,379.54,14144000,2-2
518,FBTC,0.072931,-0.352756,78.38,2024-11-12,Fidelity Wise Origin Bitcoin Fund,Fidelity,BTC,0.25,30.087,-4.1502,397.55,8996400,2-2
519,FBTC,0.050906,-0.601982,78.48,2024-11-13,Fidelity Wise Origin Bitcoin Fund,Fidelity,BTC,0.25,24.795,-4.1624,434.47,14747600,2-2
520,FBTC,0.048153,-0.601982,76.4,2024-11-14,Fidelity Wise Origin Bitcoin Fund,Fidelity,BTC,0.25,24.795,-4.1639,452.71,7743500,2-2
521,FBTC,0.04862,0.270069,80.06,2024-11-15,Fidelity Wise Origin Bitcoin Fund,Fidelity,BTC,0.25,43.311,-4.1636,469.96,6503000,2-3
522,FBTC,-0.017986,0.270069,80.12,2024-11-18,Fidelity Wise Origin Bitcoin Fund,Fidelity,BTC,0.25,43.311,-4.2005,495.21,9503400,2-3
523,FBTC,-0.036624,0.270069,80.95,2024-11-19,Fidelity Wise Origin Bitcoin Fund,Fidelity,BTC,0.25,43.311,-4.2109,510.11,7250000,2-3
524,FBTC,-0.031963,0.070484,82.54,2024-11-20,Fidelity Wise Origin Bitcoin Fund,Fidelity,BTC,0.25,39.073,-4.2083,529.79,7032100,2-3
525,FBTC,-0.045736,0.070484,85.88,2024-11-21,Fidelity Wise Origin Bitcoin Fund,Fidelity,BTC,0.25,39.073,-4.2159,555.67,8725100,2-3
526,FBTC,-0.151746,0.175451,86.73,2024-11-22,Fidelity Wise Origin Bitcoin Fund,Fidelity,BTC,0.25,41.302,-4.2747,577.93,7209100,2-3
527,FBTC,-0.157258,0.036543,82.97,2024-11-25,Fidelity Wise Origin Bitcoin Fund,Fidelity,BTC,0.25,38.352,-4.2777,595.16,8003200,2-3
528,FBTC,-0.203276,0.036543,79.45,2024-11-26,Fidelity Wise Origin Bitcoin Fund,Fidelity,BTC,0.25,38.352,-4.3032,609.14,7689800,2-3
529,FBTC,-0.159302,0.036543,84.51,2024-11-27,Fidelity Wise Origin Bitcoin Fund,Fidelity,BTC,0.25,38.352,-4.2789,604.78,5477500,2-3
530,FBTC,-0.172906,-0.126921,84.91,2024-11-29,Fidelity Wise Origin Bitcoin Fund,Fidelity,BTC,0.25,34.882,-4.2864,604.56,3451600,2-3
531,FBTC,-0.190531,-0.126921,83.7,2024-12-02,Fidelity Wise Origin Bitcoin Fund,Fidelity,BTC,0.25,34.882,-4.2962,601.24,4494500,2-3
532,FBTC,-0.204077,-0.214711,83.64,2024-12-03,Fidelity Wise Origin Bitcoin Fund,Fidelity,BTC,0.25,33.018,-4.3037,595.56,4438500,2-3
533,FBTC,-0.235884,-0.214711,86.64,2024-12-04,Fidelity Wise Origin Bitcoin Fund,Fidelity,BTC,0.25,33.018,-4.3213,614.84,8311600,2-3
534,FBTC,-0.302079,-0.214711,86.61,2024-12-05,Fidelity Wise Origin Bitcoin Fund,Fidelity,BTC,0.25,33.018,-4.358,632.5,8759000,2-3
535,FBTC,-0.346494,0.295122,88.92,2024-12-06,Fidelity Wise Origin Bitcoin Fund,Fidelity,BTC,0.25,43.842,-4.3826,612.62,4790900,2-3
536,FBTC,-0.259595,-0.024908,84.02,2024-12-09,Fidelity Wise Origin Bitcoin Fund,Fidelity,BTC,0.25,37.048,-4.3345,614.82,6073500,2-3
537,FBTC,-0.261147,-0.093949,84.28,2024-12-10,Fidelity Wise Origin Bitcoin Fund,Fidelity,BTC,0.25,35.582,-4.3353,620.91,5821800,2-3
538,FBTC,-0.258313,-0.093949,88.62,2024-12-11,Fidelity Wise Origin Bitcoin Fund,Fidelity,BTC,0.25,35.582,-4.3337,589.58,4728700,2-3
539,FBTC,-0.258665,0.246107,87.44,2024-12-12,Fidelity Wise Origin Bitcoin Fund,Fidelity,BTC,0.25,42.802,-4.3339,571.73,3776900,2-3
540,FBTC,-0.221483,0.640164,88.94,2024-12-13,Fidelity Wise Origin Bitcoin Fund,Fidelity,BTC,0.25,51.168,-4.3133,533.35,3951200,2-4
541,FBTC,-0.201152,0.640164,92.46,2024-12-16,Fidelity Wise Origin Bitcoin Fund,Fidelity,BTC,0.25,51.168,-4.3021,530.77,5811700,2-4
542,FBTC,-0.254809,-0.032046,93.33,2024-12-17,Fidelity Wise Origin Bitcoin Fund,Fidelity,BTC,0.25,36.896,-4.3318,527.67,4882700,2-3
543,FBTC,-0.190156,-0.032046,87.86,2024-12-18,Fidelity Wise Origin Bitcoin Fund,Fidelity,BTC,0.25,36.896,-4.296,525.21,8076500,2-3
544,FBTC,-0.169265,-0.032046,84.13,2024-12-19,Fidelity Wise Origin Bitcoin Fund,Fidelity,BTC,0.25,36.896,-4.2844,541.91,11145900,2-3
545,FBTC,-0.192167,-0.032046,84.2,2024-12-20,Fidelity Wise Origin Bitcoin Fund,Fidelity,BTC,0.25,36.896,-4.2971,533.26,4735000,2-3
546,FBTC,-0.174735,-0.032046,81.16,2024-12-23,Fidelity Wise Origin Bitcoin Fund,Fidelity,BTC,0.25,36.896,-4.2874,520.38,5901400,2-3
547,FBTC,-0.019438,-0.137012,86.42,2024-12-24,Fidelity Wise Origin Bitcoin Fund,Fidelity,BTC,0.25,34.668,-4.2014,502.42,2869600,2-3
548,FBTC,0.030796,-0.137012,83.45,2024-12-26,Fidelity Wise Origin Bitcoin Fund,Fidelity,BTC,0.25,34.668,-4.1735,481.6,2717800,2-3
549,FBTC,0.007027,-0.092268,82.52,2024-12-27,Fidelity Wise Origin Bitcoin Fund,Fidelity,BTC,0.25,35.617,-4.1867,470.99,4702700,2-3
550,FBTC,-0.070074,-0.092268,82.32,2024-12-30,Fidelity Wise Origin Bitcoin Fund,Fidelity,BTC,0.25,35.617,-4.2294,470.53,5508000,2-3
551,FBTC,-0.052316,-0.092268,81.58,2024-12-31,Fidelity Wise Origin Bitcoin Fund,Fidelity,BTC,0.25,35.617,-4.2196,466.24,2487700,2-3
552,FBTC,0.00117,-0.092268,85.08,2025-01-02,Fidelity Wise Origin Bitcoin Fund,Fidelity,BTC,0.25,35.617,-4.1899,464.0,3868700,2-3
553,FBTC,0.021935,-0.281302,86.01,2025-01-03,Fidelity Wise Origin Bitcoin Fund,Fidelity,BTC,0.25,31.604,-4.1784,459.82,3296100,2-2
554,FBTC,0.042232,-0.281302,89.33,2025-01-06,Fidelity Wise Origin Bitcoin Fund,Fidelity,BTC,0.25,31.604,-4.1672,446.63,4960200,2-2
555,FBTC,0.105854,-0.281302,84.19,2025-01-07,Fidelity Wise Origin Bitcoin Fund,Fidelity,BTC,0.25,31.604,-4.1319,433.77,5801800,2-2
556,FBTC,0.107226,-0.791136,82.02,2025-01-08,Fidelity Wise Origin Bitcoin Fund,Fidelity,BTC,0.25,20.779,-4.1312,432.76,4935900,2-1
557,FBTC,0.062007,0.004042,82.69,2025-01-10,Fidelity Wise Origin Bitcoin Fund,Fidelity,BTC,0.25,37.662,-4.1562,424.59,4096600,2-3
558,FBTC,0.075821,0.004042,81.79,2025-01-13,Fidelity Wise Origin Bitcoin Fund,Fidelity,BTC,0.25,37.662,-4.1486,417.33,4134300,2-3
559,FBTC,0.08766,0.004042,84.21,2025-01-14,Fidelity Wise Origin Bitcoin Fund,Fidelity,BTC,0.25,37.662,-4.142,407.11,2429400,2-3
560,FBTC,0.124224,-0.336013,87.01,2025-01-15,Fidelity Wise Origin Bitcoin Fund,Fidelity,BTC,0.25,30.442,-4.1217,405.18,3329000,2-2
561,FBTC,0.114648,-0.448651,87.71,2025-01-16,Fidelity Wise Origin Bitcoin Fund,Fidelity,BTC,0.25,28.051,-4.127,401.55,3136100,2-2
562,FBTC,0.123056,-0.448651,91.66,2025-01-17,Fidelity Wise Origin Bitcoin Fund,Fidelity,BTC,0.25,28.051,-4.1224,399.49,5391300,2-2
563,FBTC,0.125368,-0.102396,92.8,2025-01-21,Fidelity Wise Origin Bitcoin Fund,Fidelity,BTC,0.25,35.402,-4.1211,401.12,5278500,2-3
564,FBTC,0.11288,0.089505,91.17,2025-01-22,Fidelity Wise Origin Bitcoin Fund,Fidelity,BTC,0.25,39.477,-4.128,381.39,3240000,2-3
565,FBTC,0.095368,0.281096,90.28,2025-01-23,Fidelity Wise Origin Bitcoin Fund,Fidelity,BTC,0.25,43.545,-4.1377,376.66,9286100,2-3
566,FBTC,0.118355,0.406153,91.67,2025-01-24,Fidelity Wise Origin Bitcoin Fund,Fidelity,BTC,0.25,46.2,-4.125,372.96,3500700,2-3
567,FBTC,0.109331,0.406153,88.48,2025-01-27,Fidelity Wise Origin Bitcoin Fund,Fidelity,BTC,0.25,46.2,-4.13,378.86,6814200,2-3
568,FBTC,-0.027924,0.406153,88.39,2025-01-28,Fidelity Wise Origin Bitcoin Fund,Fidelity,BTC,0.25,46.2,-4.2061,382.79,3738800,2-3
569,FBTC,-0.068347,0.764988,91.09,2025-01-29,Fidelity Wise Origin Bitcoin Fund,Fidelity,BTC,0.25,53.818,-4.2285,388.18,3732500,2-4
570,FBTC,-0.075543,0.720244,91.71,2025-01-30,Fidelity Wise Origin Bitcoin Fund,Fidelity,BTC,0.25,52.868,-4.2324,388.12,4218100,2-4
571,FBTC,-0.018388,0.720244,88.64,2025-01-31,Fidelity Wise Origin Bitcoin Fund,Fidelity,BTC,0.25,52.868,-4.2008,383.01,3904000,2-4
572,FBTC,-0.043396,0.720244,88.47,2025-02-03,Fidelity Wise Origin Bitcoin Fund,Fidelity,BTC,0.25,52.868,-4.2146,404.34,7359100,2-4
573,FBTC,-0.082255,1.013416,86.26,2025-02-04,Fidelity Wise Origin Bitcoin Fund,Fidelity,BTC,0.25,59.093,-4.2362,407.02,4467500,2-4
574,FBTC,-0.070254,1.013416,85.02,2025-02-05,Fidelity Wise Origin Bitcoin Fund,Fidelity,BTC,0.25,59.093,-4.2295,405.58,2979400,2-4
575,FBTC,-0.119773,1.420393,84.69,2025-02-06,Fidelity Wise Origin Bitcoin Fund,Fidelity,BTC,0.25,67.734,-4.257,403.64,4750300,2-4
576,FBTC,-0.181193,2.022098,83.64,2025-02-07,Fidelity Wise Origin Bitcoin Fund,Fidelity,BTC,0.25,80.509,-4.291,398.0,4424500,2-4
577,FBTC,-0.164736,2.108556,85.07,2025-02-10,Fidelity Wise Origin Bitcoin Fund,Fidelity,BTC,0.25,82.345,-4.2819,387.97,2282500,2-4
578,FBTC,-0.130555,1.313379,83.15,2025-02-11,Fidelity Wise Origin Bitcoin Fund,Fidelity,BTC,0.25,65.462,-4.2629,386.74,3763800,2-4
579,FBTC,-0.097143,1.832313,84.72,2025-02-12,Fidelity Wise Origin Bitcoin Fund,Fidelity,BTC,0.25,76.48,-4.2444,381.47,2682900,2-4
580,FBTC,-0.164388,1.976676,84.08,2025-02-13,Fidelity Wise Origin Bitcoin Fund,Fidelity,BTC,0.25,79.545,-4.2817,379.9,2042300,2-4
581,FBTC,-0.216551,1.976676,85.02,2025-02-14,Fidelity Wise Origin Bitcoin Fund,Fidelity,BTC,0.25,79.545,-4.3106,378.65,3097000,2-4
582,FBTC,-0.156202,1.695257,82.19,2025-02-18,Fidelity Wise Origin Bitcoin Fund,Fidelity,BTC,0.25,73.57,-4.2772,380.02,3698700,2-4
583,FBTC,-0.127906,1.803224,83.98,2025-02-19,Fidelity Wise Origin Bitcoin Fund,Fidelity,BTC,0.25,75.862,-4.2615,364.39,1974500,2-4
584,FBTC,-0.039217,1.257127,86.05,2025-02-20,Fidelity Wise Origin Bitcoin Fund,Fidelity,BTC,0.25,64.267,-4.2123,348.17,1735400,2-4
585,FBTC,-0.031402,1.299244,82.81,2025-02-21,Fidelity Wise Origin Bitcoin Fund,Fidelity,BTC,0.25,65.162,-4.208,359.18,6357500,2-4
586,FBTC,-0.024454,1.107653,82.06,2025-02-24,Fidelity Wise Origin Bitcoin Fund,Fidelity,BTC,0.25,61.094,-4.2041,337.86,4761100,2-4
587,FBTC,-0.017722,0.982596,76.87,2025-02-25,Fidelity Wise Origin Bitcoin Fund,Fidelity,BTC,0.25,58.439,-4.2004,375.37,14421300,2-4
588,FBTC,-0.011881,1.057862,73.62,2025-02-26,Fidelity Wise Origin Bitcoin Fund,Fidelity,BTC,0.25,60.037,-4.1972,376.62,8547600,2-4
589,FBTC,0.010947,1.765276,72.75,2025-02-27,Fidelity Wise Origin Bitcoin Fund,Fidelity,BTC,0.25,75.056,-4.1845,374.2,3844400,2-4
590,FBTC,-0.02577,1.628807,73.5,2025-02-28,Fidelity Wise Origin Bitcoin Fund,Fidelity,BTC,0.25,72.159,-4.2049,377.06,5441700,2-4
591,FBTC,-0.010568,1.628807,75.13,2025-03-03,Fidelity Wise Origin Bitcoin Fund,Fidelity,BTC,0.25,72.159,-4.1964,382.81,6757800,2-4
592,FBTC,-0.054498,1.628807,75.91,2025-03-04,Fidelity Wise Origin Bitcoin Fund,Fidelity,BTC,0.25,72.159,-4.2208,385.58,5323600,2-4
593,FBTC,0.025303,1.628807,79.03,2025-03-05,Fidelity Wise Origin Bitcoin Fund,Fidelity,BTC,0.25,72.159,-4.1766,368.44,3683700,2-4
594,FBTC,0.015738,1.888675,77.77,2025-03-06,Fidelity Wise Origin Bitcoin Fund,Fidelity,BTC,0.25,77.676,-4.1819,365.81,4245400,2-4
595,FBTC,0.014334,2.480547,75.95,2025-03-07,Fidelity Wise Origin Bitcoin Fund,Fidelity,BTC,0.25,90.243,-4.1826,374.37,5701300,2-4
596,FBTC,0.111953,2.073571,68.98,2025-03-10,Fidelity Wise Origin Bitcoin Fund,Fidelity,BTC,0.25,81.602,-4.1285,379.01,7244400,2-4
597,FBTC,0.192257,2.106923,72.52,2025-03-11,Fidelity Wise Origin Bitcoin Fund,Fidelity,BTC,0.25,82.31,-4.084,373.17,3411600,3-4
598,FBTC,0.155214,2.556318,72.41,2025-03-12,Fidelity Wise Origin Bitcoin Fund,Fidelity,BTC,0.25,91.851,-4.1046,373.69,2832300,3-4
599,FBTC,0.184365,2.994005,69.98,2025-03-13,Fidelity Wise Origin Bitcoin Fund,Fidelity,BTC,0.25,101.144,-4.0884,370.78,3599700,3-4
600,FBTC,0.222268,2.47507,73.93,2025-03-14,Fidelity Wise Origin Bitcoin Fund,Fidelity,BTC,0.25,90.126,-4.0674,375.59,4442000,3-4
601,FBTC,0.205953,2.758847,73.83,2025-03-17,Fidelity Wise Origin Bitcoin Fund,Fidelity,BTC,0.25,96.151,-4.0764,376.48,2578900,3-4
602,FBTC,0.246481,2.758847,71.89,2025-03-18,Fidelity Wise Origin Bitcoin Fund,Fidelity,BTC,0.25,96.151,-4.054,373.29,2729500,3-4
603,FBTC,0.268772,2.758847,74.66,2025-03-19,Fidelity Wise Origin Bitcoin Fund,Fidelity,BTC,0.25,96.151,-4.0416,369.73,3071400,3-4
604,FBTC,0.262842,3.213305,73.49,2025-03-20,Fidelity Wise Origin Bitcoin Fund,Fidelity,BTC,0.25,105.8,-4.0449,368.35,1860100,3-4
605,FBTC,0.204296,3.213305,73.28,2025-03-21,Fidelity Wise Origin Bitcoin Fund,Fidelity,BTC,0.25,105.8,-4.0774,366.33,1461000,3-4
606,FBTC,0.286072,2.979287,77.09,2025-03-24,Fidelity Wise Origin Bitcoin Fund,Fidelity,BTC,0.25,100.832,-4.032,350.33,2469800,3-4
607,FBTC,0.28108,3.166597,77.0,2025-03-25,Fidelity Wise Origin Bitcoin Fund,Fidelity,BTC,0.25,104.809,-4.0348,336.83,1391900,3-4
608,FBTC,0.298738,3.166597,75.56,2025-03-26,Fidelity Wise Origin Bitcoin Fund,Fidelity,BTC,0.25,104.809,-4.025,292.76,2423100,3-4
609,FBTC,0.281986,3.474642,75.96,2025-03-27,Fidelity Wise Origin Bitcoin Fund,Fidelity,BTC,0.25,111.349,-4.0343,272.2,2601600,3-4
610,FBTC,0.355861,2.767227,73.12,2025-03-28,Fidelity Wise Origin Bitcoin Fund,Fidelity,BTC,0.25,96.329,-3.9934,266.63,2223700,3-4
611,FBTC,0.379468,2.544862,71.97,2025-03-31,Fidelity Wise Origin Bitcoin Fund,Fidelity,BTC,0.25,91.608,-3.9803,255.89,2424200,3-4
612,FBTC,0.40203,2.544862,74.2,2025-04-01,Fidelity Wise Origin Bitcoin Fund,Fidelity,BTC,0.25,91.608,-3.9678,245.24,3829200,3-4
613,FBTC,0.423422,2.544862,75.88,2025-04-02,Fidelity Wise Origin Bitcoin Fund,Fidelity,BTC,0.25,91.608,-3.9559,238.09,3347100,3-4
614,FBTC,0.453176,2.544862,71.55,2025-04-03,Fidelity Wise Origin Bitcoin Fund,Fidelity,BTC,0.25,91.608,-3.9394,236.49,3596800,3-4
615,FBTC,0.452283,1.991822,73.39,2025-04-04,Fidelity Wise Origin Bitcoin Fund,Fidelity,BTC,0.25,79.866,-3.9399,247.09,7532900,3-4
616,FBTC,0.468356,1.399949,68.14,2025-04-07,Fidelity Wise Origin Bitcoin Fund,Fidelity,BTC,0.25,67.3,-3.931,260.24,10407300,3-4
617,FBTC,0.422469,2.350015,67.0,2025-04-08,Fidelity Wise Origin Bitcoin Fund,Fidelity,BTC,0.25,87.471,-3.9564,251.71,4785800,3-4
618,FBTC,0.391399,2.258734,71.89,2025-04-09,Fidelity Wise Origin Bitcoin Fund,Fidelity,BTC,0.25,85.533,-3.9737,269.87,8746700,3-4
619,FBTC,0.416264,2.314615,69.36,2025-04-10,Fidelity Wise Origin Bitcoin Fund,Fidelity,BTC,0.25,86.72,-3.9599,281.61,6510500,3-4
620,FBTC,0.405373,1.876928,73.24,2025-04-11,Fidelity Wise Origin Bitcoin Fund,Fidelity,BTC,0.25,77.427,-3.9659,294.61,7165700,3-4
621,FBTC,0.36126,1.876928,74.21,2025-04-14,Fidelity Wise Origin Bitcoin Fund,Fidelity,BTC,0.25,77.427,-3.9904,293.58,4136100,3-4
622,FBTC,0.377281,1.815837,73.38,2025-04-15,Fidelity Wise Origin Bitcoin Fund,Fidelity,BTC,0.25,76.13,-3.9815,294.93,2978600,3-4
623,FBTC,0.334301,1.967169,73.66,2025-04-16,Fidelity Wise Origin Bitcoin Fund,Fidelity,BTC,0.25,79.343,-4.0053,295.26,2759300,3-4
624,FBTC,0.287094,2.349372,74.16,2025-04-17,Fidelity Wise Origin Bitcoin Fund,Fidelity,BTC,0.25,87.458,-4.0315,291.73,2092900,3-4
625,FBTC,0.277897,1.786947,76.38,2025-04-21,Fidelity Wise Origin Bitcoin Fund,Fidelity,BTC,0.25,75.516,-4.0366,300.36,4163300,3-4
626,FBTC,0.308264,1.786947,79.89,2025-04-22,Fidelity Wise Origin Bitcoin Fund,Fidelity,BTC,0.25,75.516,-4.0197,316.04,5459700,3-4
627,FBTC,0.226481,1.786947,81.66,2025-04-23,Fidelity Wise Origin Bitcoin Fund,Fidelity,BTC,0.25,75.516,-4.0651,322.47,3985500,3-4
628,FBTC,0.224906,1.725459,81.76,2025-04-24,Fidelity Wise Origin Bitcoin Fund,Fidelity,BTC,0.25,74.211,-4.0659,325.38,2059100,3-4
629,FBTC,0.215691,1.725459,83.3,2025-04-25,Fidelity Wise Origin Bitcoin Fund,Fidelity,BTC,0.25,74.211,-4.071,327.5,2731300,3-4
630,FBTC,0.21589,1.409645,82.77,2025-04-28,Fidelity Wise Origin Bitcoin Fund,Fidelity,BTC,0.25,67.506,-4.0709,329.27,2838100,3-4
631,FBTC,0.125865,1.409645,83.24,2025-04-29,Fidelity Wise Origin Bitcoin Fund,Fidelity,BTC,0.25,67.506,-4.1208,328.14,1668200,2-4
632,FBTC,0.110738,1.409645,82.18,2025-04-30,Fidelity Wise Origin Bitcoin Fund,Fidelity,BTC,0.25,67.506,-4.1292,329.93,2579400,2-4
633,FBTC,0.105332,1.409645,84.34,2025-05-01,Fidelity Wise Origin Bitcoin Fund,Fidelity,BTC,0.25,67.506,-4.1322,329.18,3181900,2-4
634,FBTC,0.070399,1.433752,84.7,2025-05-02,Fidelity Wise Origin Bitcoin Fund,Fidelity,BTC,0.25,68.017,-4.1516,326.92,2438500,2-4
635,FBTC,0.030697,1.433752,82.37,2025-05-05,Fidelity Wise Origin Bitcoin Fund,Fidelity,BTC,0.25,68.017,-4.1736,323.23,2183000,2-4
636,FBTC,0.035667,1.68028,82.92,2025-05-06,Fidelity Wise Origin Bitcoin Fund,Fidelity,BTC,0.25,73.252,-4.1708,302.67,1462200,2-4
637,FBTC,0.017257,1.68028,83.96,2025-05-07,Fidelity Wise Origin Bitcoin Fund,Fidelity,BTC,0.25,73.252,-4.181,277.18,2068800,2-4
638,FBTC,0.08798,0.730215,88.48,2025-05-08,Fidelity Wise Origin Bitcoin Fund,Fidelity,BTC,0.25,53.08,-4.1418,275.53,3232100,2-4
639,FBTC,0.079337,0.186438,90.12,2025-05-09,Fidelity Wise Origin Bitcoin Fund,Fidelity,BTC,0.25,41.535,-4.1466,254.75,2135900,2-3
640,FBTC,0.059842,-0.256279,88.91,2025-05-12,Fidelity Wise Origin Bitcoin Fund,Fidelity,BTC,0.25,32.135,-4.1574,248.38,3575400,2-2
641,FBTC,0.062288,-0.193637,91.57,2025-05-13,Fidelity Wise Origin Bitcoin Fund,Fidelity,BTC,0.25,33.465,-4.1561,236.36,2973000,2-3
642,FBTC,0.086156,0.016837,90.22,2025-05-14,Fidelity Wise Origin Bitcoin Fund,Fidelity,BTC,0.25,37.934,-4.1428,229.76,1866300,2-3
643,FBTC,0.061537,-0.187377,90.11,2025-05-15,Fidelity Wise Origin Bitcoin Fund,Fidelity,BTC,0.25,33.598,-4.1565,231.68,2873600,2-3
644,FBTC,0.075839,-0.338709,90.88,2025-05-16,Fidelity Wise Origin Bitcoin Fund,Fidelity,BTC,0.25,30.385,-4.1485,230.86,2048000,2-2
645,FBTC,0.082312,-0.593172,92.16,2025-05-19,Fidelity Wise Origin Bitcoin Fund,Fidelity,BTC,0.25,24.982,-4.145,235.37,2712000,2-2
646,FBTC,0.068613,-0.593172,93.51,2025-05-20,Fidelity Wise Origin Bitcoin Fund,Fidelity,BTC,0.25,24.982,-4.1526,230.62,2331800,2-2
647,FBTC,0.025178,-0.593172,94.91,2025-05-21,Fidelity Wise Origin Bitcoin Fund,Fidelity,BTC,0.25,24.982,-4.1766,240.2,6716400,2-2
648,FBTC,0.012589,-0.593172,97.06,2025-05-22,Fidelity Wise Origin Bitcoin Fund,Fidelity,BTC,0.25,24.982,-4.1836,248.38,5123100,2-2
649,FBTC,0.041314,-0.718994,94.98,2025-05-23,Fidelity Wise Origin Bitcoin Fund,Fidelity,BTC,0.25,22.311,-4.1677,257.95,3889100,2-1
650,FBTC,0.012528,-0.644151,95.98,2025-05-27,Fidelity Wise Origin Bitcoin Fund,Fidelity,BTC,0.25,23.9,-4.1836,263.45,3573800,2-2
651,FBTC,0.039676,-0.711648,93.39,2025-05-28,Fidelity Wise Origin Bitcoin Fund,Fidelity,BTC,0.25,22.467,-4.1686,269.48,3870700,2-1
652,FBTC,0.038506,-0.699045,92.21,2025-05-29,Fidelity Wise Origin Bitcoin Fund,Fidelity,BTC,0.25,22.735,-4.1692,278.53,3567700,2-1
653,FBTC,0.023338,-0.699045,91.38,2025-05-30,Fidelity Wise Origin Bitcoin Fund,Fidelity,BTC,0.25,22.735,-4.1776,281.41,2980900,2-1
654,FBTC,-0.027749,-0.569497,91.2,2025-06-02,Fidelity Wise Origin Bitcoin Fund,Fidelity,BTC,0.25,25.485,-4.206,279.51,2504900,2-2
655,FBTC,-3.9e-05,-0.593603,92.76,2025-06-03,Fidelity Wise Origin Bitcoin Fund,Fidelity,BTC,0.25,24.973,-4.1906,281.61,2702200,2-2
656,FBTC,-0.055724,-0.593603,91.65,2025-06-04,Fidelity Wise Origin Bitcoin Fund,Fidelity,BTC,0.25,24.973,-4.2215,282.26,2110100,2-2
657,FBTC,-0.031913,-0.715537,88.96,2025-06-05,Fidelity Wise Origin Bitcoin Fund,Fidelity,BTC,0.25,22.384,-4.2083,291.61,3570200,2-1
658,FBTC,-0.02604,-0.564643,91.05,2025-06-06,Fidelity Wise Origin Bitcoin Fund,Fidelity,BTC,0.25,25.588,-4.205,296.9,3127900,2-2
659,FBTC,-0.046917,-0.564643,94.86,2025-06-09,Fidelity Wise Origin Bitcoin Fund,Fidelity,BTC,0.25,25.588,-4.2166,296.39,2901800,2-2
660,FBTC,-0.077655,-0.564643,95.67,2025-06-10,Fidelity Wise Origin Bitcoin Fund,Fidelity,BTC,0.25,25.588,-4.2336,295.96,1917400,2-2
661,FBTC,-0.07657,-0.321826,94.99,2025-06-11,Fidelity Wise Origin Bitcoin Fund,Fidelity,BTC,0.25,30.744,-4.233,288.5,1698100,2-2
662,FBTC,-0.084945,-0.384468,93.23,2025-06-12,Fidelity Wise Origin Bitcoin Fund,Fidelity,BTC,0.25,29.414,-4.2377,284.89,2106500,2-2
663,FBTC,-0.099362,-0.594941,91.79,2025-06-13,Fidelity Wise Origin Bitcoin Fund,Fidelity,BTC,0.25,24.945,-4.2456,288.09,2567100,2-2
664,FBTC,0.005695,-0.757775,94.93,2025-06-16,Fidelity Wise Origin Bitcoin Fund,Fidelity,BTC,0.25,21.488,-4.1874,284.87,2015000,2-1
665,FBTC,0.05569,-0.757775,91.42,2025-06-17,Fidelity Wise Origin Bitcoin Fund,Fidelity,BTC,0.25,21.488,-4.1597,289.24,3039800,2-1
666,FBTC,0.049724,-0.562194,90.63,2025-06-18,Fidelity Wise Origin Bitcoin Fund,Fidelity,BTC,0.25,25.64,-4.163,286.54,2131300,2-2
667,FBTC,0.027517,-0.336281,90.08,2025-06-20,Fidelity Wise Origin Bitcoin Fund,Fidelity,BTC,0.25,30.437,-4.1753,287.14,2561600,2-2
668,FBTC,0.014981,-0.336281,90.11,2025-06-23,Fidelity Wise Origin Bitcoin Fund,Fidelity,BTC,0.25,30.437,-4.1823,271.81,3500300,2-2
669,FBTC,0.036689,-0.336281,92.23,2025-06-24,Fidelity Wise Origin Bitcoin Fund,Fidelity,BTC,0.25,30.437,-4.1702,261.34,3008100,2-2
670,FBTC,0.039595,-0.336281,94.13,2025-06-25,Fidelity Wise Origin Bitcoin Fund,Fidelity,BTC,0.25,30.437,-4.1686,258.94,3389200,2-2
671,FBTC,0.030068,-0.304758,93.95,2025-06-26,Fidelity Wise Origin Bitcoin Fund,Fidelity,BTC,0.25,31.106,-4.1739,249.45,1529200,2-2
672,FBTC,0.007011,-0.104921,93.28,2025-06-27,Fidelity Wise Origin Bitcoin Fund,Fidelity,BTC,0.25,35.349,-4.1867,242.01,2199900,2-3
673,FBTC,0.004234,0.057111,93.99,2025-06-30,Fidelity Wise Origin Bitcoin Fund,Fidelity,BTC,0.25,38.789,-4.1882,237.02,2385500,2-3
674,FBTC,0.047113,0.057111,91.95,2025-07-01,Fidelity Wise Origin Bitcoin Fund,Fidelity,BTC,0.25,38.789,-4.1645,233.57,2174100,2-3
675,FBTC,0.093393,-0.072436,95.82,2025-07-02,Fidelity Wise Origin Bitcoin Fund,Fidelity,BTC,0.25,36.039,-4.1388,243.11,4476400,2-3
676,FBTC,0.071565,-0.072436,95.45,2025-07-03,Fidelity Wise Origin Bitcoin Fund,Fidelity,BTC,0.25,36.039,-4.1509,238.33,1573500,2-3
677,FBTC,0.070906,-0.072436,94.33,2025-07-07,Fidelity Wise Origin Bitcoin Fund,Fidelity,BTC,0.25,36.039,-4.1513,238.33,2051200,2-3
678,FBTC,0.041902,-0.197031,94.98,2025-07-08,Fidelity Wise Origin Bitcoin Fund,Fidelity,BTC,0.25,33.393,-4.1674,231.4,1810500,2-3
679,FBTC,0.04648,-0.347925,97.65,2025-07-09,Fidelity Wise Origin Bitcoin Fund,Fidelity,BTC,0.25,30.189,-4.1648,232.52,3157700,2-2
680,FBTC,-0.013266,-0.347925,99.04,2025-07-10,Fidelity Wise Origin Bitcoin Fund,Fidelity,BTC,0.25,30.189,-4.1979,234.9,3284800,2-2
681,FBTC,0.005802,-0.347925,103.16,2025-07-11,Fidelity Wise Origin Bitcoin Fund,Fidelity,BTC,0.25,30.189,-4.1874,250.69,4991900,2-2
682,FBTC,-0.003462,-0.73976,104.72,2025-07-14,Fidelity Wise Origin Bitcoin Fund,Fidelity,BTC,0.25,21.87,-4.1925,268.36,5084400,2-1
683,FBTC,-0.0229,-0.73976,101.64,2025-07-15,Fidelity Wise Origin Bitcoin Fund,Fidelity,BTC,0.25,21.87,-4.2033,281.87,4722100,2-1
684,FBTC,-0.031615,-0.73976,104.14,2025-07-16,Fidelity Wise Origin Bitcoin Fund,Fidelity,BTC,0.25,21.87,-4.2081,293.11,4529200,2-1
685,FBTC,-0.14038,-0.479653,103.88,2025-07-17,Fidelity Wise Origin Bitcoin Fund,Fidelity,BTC,0.25,27.393,-4.2684,300.3,3296400,2-2
686,FBTC,-0.219417,-0.29227,102.47,2025-07-18,Fidelity Wise Origin Bitcoin Fund,Fidelity,BTC,0.25,31.371,-4.3122,311.2,4945700,2-2
687,FBTC,-0.242118,-0.265002,101.88,2025-07-21,Fidelity Wise Origin Bitcoin Fund,Fidelity,BTC,0.25,31.95,-4.3248,319.51,3607700,2-2
688,FBTC,-0.218956,-0.436402,104.16,2025-07-22,Fidelity Wise Origin Bitcoin Fund,Fidelity,BTC,0.25,28.311,-4.3119,327.27,3780700,2-2
689,FBTC,-0.202604,-0.393497,103.38,2025-07-23,Fidelity Wise Origin Bitcoin Fund,Fidelity,BTC,0.25,29.222,-4.3029,328.06,3210300,2-2
690,FBTC,-0.256072,-0.393497,103.9,2025-07-24,Fidelity Wise Origin Bitcoin Fund,Fidelity,BTC,0.25,29.222,-4.3325,330.93,3250800,2-2
691,FBTC,-0.270576,-0.393497,101.97,2025-07-25,Fidelity Wise Origin Bitcoin Fund,Fidelity,BTC,0.25,29.222,-4.3405,335.14,3996700,2-2
692,FBTC,-0.257181,-0.499863,103.06,2025-07-28,Fidelity Wise Origin Bitcoin Fund,Fidelity,BTC,0.25,26.964,-4.3331,345.26,3456100,2-2
693,FBTC,-0.271984,-0.47002,102.5,2025-07-29,Fidelity Wise Origin Bitcoin Fund,Fidelity,BTC,0.25,27.597,-4.3413,351.1,3197100,2-2
694,FBTC,-0.285208,-0.423503,101.97,2025-07-30,Fidelity Wise Origin Bitcoin Fund,Fidelity,BTC,0.25,28.585,-4.3486,354.28,2855300,2-2
695,FBTC,-0.378782,-0.119385,101.84,2025-07-31,Fidelity Wise Origin Bitcoin Fund,Fidelity,BTC,0.25,35.042,-4.4005,360.53,3251800,2-3
696,FBTC,-0.422113,-0.119385,98.66,2025-08-01,Fidelity Wise Origin Bitcoin Fund,Fidelity,BTC,0.25,35.042,-4.4245,369.62,6280900,2-3
697,FBTC,-0.389506,0.100061,100.12,2025-08-04,Fidelity Wise Origin Bitcoin Fund,Fidelity,BTC,0.25,39.701,-4.4065,374.26,2472900,2-3
698,FBTC,-0.413775,0.100061,99.15,2025-08-05,Fidelity Wise Origin Bitcoin Fund,Fidelity,BTC,0.25,39.701,-4.4199,377.96,2736500,2-3
699,FBTC,-0.402614,0.100061,100.62,2025-08-06,Fidelity Wise Origin Bitcoin Fund,Fidelity,BTC,0.25,39.701,-4.4137,383.41,2846200,2-3
700,FBTC,-0.423066,0.100061,102.65,2025-08-07,Fidelity Wise Origin Bitcoin Fund,Fidelity,BTC,0.25,39.701,-4.4251,382.5,2818400,2-3
701,FBTC,-0.425002,0.347697,101.6,2025-08-08,Fidelity Wise Origin Bitcoin Fund,Fidelity,BTC,0.25,44.959,-4.4261,378.81,2438600,2-3
702,FBTC,-0.434328,0.347697,103.88,2025-08-11,Fidelity Wise Origin Bitcoin Fund,Fidelity,BTC,0.25,44.959,-4.4313,369.42,3059300,2-3
703,FBTC,-0.445629,0.577534,104.42,2025-08-12,Fidelity Wise Origin Bitcoin Fund,Fidelity,BTC,0.25,49.839,-4.4376,358.55,2912000,2-4
704,FBTC,-0.458451,0.577534,107.27,2025-08-13,Fidelity Wise Origin Bitcoin Fund,Fidelity,BTC,0.25,49.839,-4.4447,361.46,5045300,2-4
705,FBTC,-0.441015,0.577534,102.97,2025-08-14,Fidelity Wise Origin Bitcoin Fund,Fidelity,BTC,0.25,49.839,-4.435,367.45,5801100,2-4
706,FBTC,-0.416703,0.430099,102.03,2025-08-15,Fidelity Wise Origin Bitcoin Fund,Fidelity,BTC,0.25,46.708,-4.4215,364.96,2843900,2-3
707,FBTC,-0.421597,0.242716,101.47,2025-08-18,Fidelity Wise Origin Bitcoin Fund,Fidelity,BTC,0.25,42.73,-4.4242,352.73,2464000,2-3
708,FBTC,-0.376597,-0.107873,98.62,2025-08-19,Fidelity Wise Origin Bitcoin Fund,Fidelity,BTC,0.25,35.286,-4.3993,356.96,4626200,2-3
709,FBTC,-0.402598,-0.008224,99.68,2025-08-20,Fidelity Wise Origin Bitcoin Fund,Fidelity,BTC,0.25,37.402,-4.4137,355.83,3714500,2-3
710,FBTC,-0.367613,0.187751,97.79,2025-08-21,Fidelity Wise Origin Bitcoin Fund,Fidelity,BTC,0.25,41.563,-4.3943,355.32,3282600,2-3
711,FBTC,-0.327311,0.375294,101.79,2025-08-22,Fidelity Wise Origin Bitcoin Fund,Fidelity,BTC,0.25,45.545,-4.372,371.29,6612700,2-3
712,FBTC,-0.271003,0.375294,96.63,2025-08-25,Fidelity Wise Origin Bitcoin Fund,Fidelity,BTC,0.25,45.545,-4.3408,373.91,4787900,2-3
713,FBTC,-0.288716,0.375294,96.94,2025-08-26,Fidelity Wise Origin Bitcoin Fund,Fidelity,BTC,0.25,45.545,-4.3506,375.03,3917100,2-3
714,FBTC,-0.277205,0.145613,97.8,2025-08-27,Fidelity Wise Origin Bitcoin Fund,Fidelity,BTC,0.25,40.668,-4.3442,373.22,2962000,2-3
715,FBTC,-0.287252,-0.075538,97.67,2025-08-28,Fidelity Wise Origin Bitcoin Fund,Fidelity,BTC,0.25,35.973,-4.3498,370.48,2391800,2-3
716,FBTC,-0.228311,-0.379657,94.39,2025-08-29,Fidelity Wise Origin Bitcoin Fund,Fidelity,BTC,0.25,29.516,-4.3171,375.79,4689700,2-2
717,FBTC,-0.226067,-0.379657,96.67,2025-09-02,Fidelity Wise Origin Bitcoin Fund,Fidelity,BTC,0.25,29.516,-4.3159,367.29,4564200,2-2
718,FBTC,-0.233234,-0.599102,97.93,2025-09-03,Fidelity Wise Origin Bitcoin Fund,Fidelity,BTC,0.25,24.857,-4.3198,367.81,2639800,2-2
719,FBTC,-0.197432,-0.599102,95.79,2025-09-04,Fidelity Wise Origin Bitcoin Fund,Fidelity,BTC,0.25,24.857,-4.3,367.59,2782800,2-2
720,FBTC,-0.198867,-0.599102,97.36,2025-09-05,Fidelity Wise Origin Bitcoin Fund,Fidelity,BTC,0.25,24.857,-4.3008,369.6,3375800,2-2
721,FBTC,-0.238883,-0.504626,97.81,2025-09-08,Fidelity Wise Origin Bitcoin Fund,Fidelity,BTC,0.25,26.862,-4.323,368.94,2816400,2-2
722,FBTC,-0.254453,-0.626717,97.14,2025-09-09,Fidelity Wise Origin Bitcoin Fund,Fidelity,BTC,0.25,24.27,-4.3316,372.12,3237100,2-2
723,FBTC,-0.274925,-0.626717,99.11,2025-09-10,Fidelity Wise Origin Bitcoin Fund,Fidelity,BTC,0.25,24.27,-4.3429,378.42,4542400,2-2
724,FBTC,-0.259771,-0.808708,99.91,2025-09-11,Fidelity Wise Origin Bitcoin Fund,Fidelity,BTC,0.25,20.406,-4.3346,374.67,2256000,2-1
725,FBTC,-0.239992,-0.808708,101.99,2025-09-12,Fidelity Wise Origin Bitcoin Fund,Fidelity,BTC,0.25,20.406,-4.3236,362.05,2708100,2-1
726,FBTC,-0.260379,-0.808708,100.6,2025-09-15,Fidelity Wise Origin Bitcoin Fund,Fidelity,BTC,0.25,20.406,-4.3349,348.85,3180500,2-1
727,FBTC,-0.251847,-0.92138,101.93,2025-09-16,Fidelity Wise Origin Bitcoin Fund,Fidelity,BTC,0.25,18.014,-4.3302,349.84,3050600,2-1
728,FBTC,-0.249529,-0.681227,100.89,2025-09-17,Fidelity Wise Origin Bitcoin Fund,Fidelity,BTC,0.25,23.113,-4.3289,357.53,4078800,2-2
729,FBTC,-0.263002,-0.681227,102.47,2025-09-18,Fidelity Wise Origin Bitcoin Fund,Fidelity,BTC,0.25,23.113,-4.3363,352.01,3321500,2-2
730,FBTC,-0.232503,-0.83539,100.43,2025-09-19,Fidelity Wise Origin Bitcoin Fund,Fidelity,BTC,0.25,19.84,-4.3194,348.61,2975500,2-1
731,FBTC,-0.212718,-1.07427,97.81,2025-09-22,Fidelity Wise Origin Bitcoin Fund,Fidelity,BTC,0.25,14.768,-4.3085,348.07,3165800,2-1
732,FBTC,-0.246715,-1.06078,97.37,2025-09-23,Fidelity Wise Origin Bitcoin Fund,Fidelity,BTC,0.25,15.054,-4.3273,329.66,2942700,2-1
733,FBTC,-0.294035,-1.06078,98.95,2025-09-24,Fidelity Wise Origin Bitcoin Fund,Fidelity,BTC,0.25,15.054,-4.3535,321.68,2983300,2-1
734,FBTC,-0.248203,-1.06078,95.38,2025-09-25,Fidelity Wise Origin Bitcoin Fund,Fidelity,BTC,0.25,15.054,-4.3281,330.74,5975100,2-1
735,FBTC,-0.269238,-0.859446,95.21,2025-09-26,Fidelity Wise Origin Bitcoin Fund,Fidelity,BTC,0.25,19.329,-4.3398,336.42,4295800,2-1
736,FBTC,-0.193977,-0.859446,99.81,2025-09-29,Fidelity Wise Origin Bitcoin Fund,Fidelity,BTC,0.25,19.329,-4.2981,347.22,4611900,2-1
737,FBTC,-0.215141,-0.639348,99.81,2025-09-30,Fidelity Wise Origin Bitcoin Fund,Fidelity,BTC,0.25,24.002,-4.3098,340.13,2944300,2-2
738,FBTC,-0.216469,-0.639348,102.51,2025-10-01,Fidelity Wise Origin Bitcoin Fund,Fidelity,BTC,0.25,24.002,-4.3106,343.36,4965800,2-2
739,FBTC,-0.214626,-0.639348,105.54,2025-10-02,Fidelity Wise Origin Bitcoin Fund,Fidelity,BTC,0.25,24.002,-4.3095,357.52,5267600,2-2
740,FBTC,-0.265383,-0.639348,107.17,2025-10-03,Fidelity Wise Origin Bitcoin Fund,Fidelity,BTC,0.25,24.002,-4.3377,378.96,6688400,2-2
741,FBTC,-0.282202,-0.639348,109.44,2025-10-06,Fidelity Wise Origin Bitcoin Fund,Fidelity,BTC,0.25,24.002,-4.347,396.64,6395300,2-2
742,FBTC,-0.264726,-0.733824,106.12,2025-10-07,Fidelity Wise Origin Bitcoin Fund,Fidelity,BTC,0.25,21.996,-4.3373,423.14,7840000,2-1
743,FBTC,-0.260428,-0.554997,107.65,2025-10-08,Fidelity Wise Origin Bitcoin Fund,Fidelity,BTC,0.25,25.793,-4.3349,433.49,4940000,2-2
744,FBTC,-0.265194,-0.537898,105.56,2025-10-09,Fidelity Wise Origin Bitcoin Fund,Fidelity,BTC,0.25,26.156,-4.3376,436.0,4763700,2-2
745,FBTC,-0.263485,-0.529451,101.73,2025-10-10,Fidelity Wise Origin Bitcoin Fund,Fidelity,BTC,0.25,26.335,-4.3366,471.98,9642800,2-2
746,FBTC,-0.320876,-0.529451,101.05,2025-10-13,Fidelity Wise Origin Bitcoin Fund,Fidelity,BTC,0.25,26.335,-4.3684,492.32,6961100,2-2
747,FBTC,-0.326978,-0.529451,98.21,2025-10-14,Fidelity Wise Origin Bitcoin Fund,Fidelity,BTC,0.25,26.335,-4.3718,514.54,8008200,2-2
748,FBTC,-0.34542,-0.233436,97.03,2025-10-15,Fidelity Wise Origin Bitcoin Fund,Fidelity,BTC,0.25,32.62,-4.382,525.34,5542500,2-2
749,FBTC,-0.341583,-0.473589,94.37,2025-10-16,Fidelity Wise Origin Bitcoin Fund,Fidelity,BTC,0.25,27.521,-4.3799,551.39,10158600,2-2
750,FBTC,-0.370405,-0.473589,92.86,2025-10-17,Fidelity Wise Origin Bitcoin Fund,Fidelity,BTC,0.25,27.521,-4.3959,584.62,11178600,2-2
751,FBTC,-0.374309,-0.473589,96.69,2025-10-20,Fidelity Wise Origin Bitcoin Fund,Fidelity,BTC,0.25,27.521,-4.398,600.79,6603700,2-2
752,FBTC,-0.450479,-0.327395,97.55,2025-10-21,Fidelity Wise Origin Bitcoin Fund,Fidelity,BTC,0.25,30.625,-4.4402,623.43,8047400,2-2
753,FBTC,-0.418544,-0.528428,93.96,2025-10-22,Fidelity Wise Origin Bitcoin Fund,Fidelity,BTC,0.25,26.357,-4.4225,648.67,8689700,2-2
754,FBTC,-0.412203,-0.528428,96.14,2025-10-23,Fidelity Wise Origin Bitcoin Fund,Fidelity,BTC,0.25,26.357,-4.419,652.61,3932300,2-2
755,FBTC,-0.465826,-0.310411,96.48,2025-10-24,Fidelity Wise Origin Bitcoin Fund,Fidelity,BTC,0.25,30.986,-4.4488,637.42,2600400,2-2
756,FBTC,-0.351318,-0.511745,100.27,2025-10-27,Fidelity Wise Origin Bitcoin Fund,Fidelity,BTC,0.25,26.711,-4.3853,633.71,3303000,2-2
757,FBTC,-0.425131,-0.361359,99.09,2025-10-28,Fidelity Wise Origin Bitcoin Fund,Fidelity,BTC,0.25,29.904,-4.4262,631.6,4197700,2-2
758,FBTC,-0.421282,-0.581457,96.41,2025-10-29,Fidelity Wise Origin Bitcoin Fund,Fidelity,BTC,0.25,25.231,-4.4241,649.18,6876700,2-2
759,FBTC,-0.403286,-0.581457,92.74,2025-10-30,Fidelity Wise Origin Bitcoin Fund,Fidelity,BTC,0.25,25.231,-4.4141,651.04,5909900,2-2
760,FBTC,-0.386057,-0.581457,95.69,2025-10-31,Fidelity Wise Origin Bitcoin Fund,Fidelity,BTC,0.25,25.231,-4.4045,645.75,4649100,2-2
761,FBTC,-0.363406,-0.581457,92.89,2025-11-03,Fidelity Wise Origin Bitcoin Fund,Fidelity,BTC,0.25,25.231,-4.392,642.6,7004200,2-2
762,FBTC,-0.347288,-0.581457,87.81,2025-11-04,Fidelity Wise Origin Bitcoin Fund,Fidelity,BTC,0.25,25.231,-4.3831,665.48,13442700,2-2
763,FBTC,-0.307064,-0.29769,90.52,2025-11-05,Fidelity Wise Origin Bitcoin Fund,Fidelity,BTC,0.25,31.256,-4.3608,643.34,4054700,2-2
764,FBTC,-0.291771,-0.602062,87.95,2025-11-06,Fidelity Wise Origin Bitcoin Fund,Fidelity,BTC,0.25,24.794,-4.3523,648.53,7285300,2-2
765,FBTC,-0.282482,-0.234827,90.44,2025-11-07,Fidelity Wise Origin Bitcoin Fund,Fidelity,BTC,0.25,32.591,-4.3471,651.11,6159600,2-2
766,FBTC,-0.268548,-0.291121,92.43,2025-11-10,Fidelity Wise Origin Bitcoin Fund,Fidelity,BTC,0.25,31.396,-4.3394,623.37,4311500,2-2
767,FBTC,-0.179377,-0.291121,89.59,2025-11-11,Fidelity Wise Origin Bitcoin Fund,Fidelity,BTC,0.25,31.396,-4.29,601.73,2778300,2-2
768,FBTC,-0.185838,-0.047861,88.5,2025-11-12,Fidelity Wise Origin Bitcoin Fund,Fidelity,BTC,0.25,36.56,-4.2936,585.55,5047600,2-3
769,FBTC,-0.165852,-0.343876,85.43,2025-11-13,Fidelity Wise Origin Bitcoin Fund,Fidelity,BTC,0.25,30.275,-4.2825,593.52,8253600,2-2
770,FBTC,-0.148212,-0.343876,82.15,2025-11-14,Fidelity Wise Origin Bitcoin Fund,Fidelity,BTC,0.25,30.275,-4.2727,582.43,8834900,2-2
771,FBTC,-0.136325,-0.343876,80.02,2025-11-17,Fidelity Wise Origin Bitcoin Fund,Fidelity,BTC,0.25,30.275,-4.2661,571.29,10049000,2-2
772,FBTC,-0.169282,0.042038,80.9,2025-11-18,Fidelity Wise Origin Bitcoin Fund,Fidelity,BTC,0.25,38.469,-4.2844,572.57,8225700,2-3
773,FBTC,-0.141679,-0.104155,77.93,2025-11-19,Fidelity Wise Origin Bitcoin Fund,Fidelity,BTC,0.25,35.365,-4.2691,570.53,9523600,2-3
774,FBTC,-0.153706,0.135187,75.22,2025-11-20,Fidelity Wise Origin Bitcoin Fund,Fidelity,BTC,0.25,40.447,-4.2758,590.36,16389200,2-3
775,FBTC,-0.184107,0.135187,73.72,2025-11-21,Fidelity Wise Origin Bitcoin Fund,Fidelity,BTC,0.25,40.447,-4.2926,624.71,14913700,2-3
776,FBTC,-0.119017,-0.08283,77.69,2025-11-24,Fidelity Wise Origin Bitcoin Fund,Fidelity,BTC,0.25,35.818,-4.2565,636.15,6322100,2-3
777,FBTC,-0.16549,0.208374,76.08,2025-11-25,Fidelity Wise Origin Bitcoin Fund,Fidelity,BTC,0.25,42.001,-4.2823,640.58,5576800,2-3
778,FBTC,-0.146319,0.057988,78.39,2025-11-26,Fidelity Wise Origin Bitcoin Fund,Fidelity,BTC,0.25,38.808,-4.2717,646.39,6861200,2-3
779,FBTC,-0.157013,0.057988,79.08,2025-11-28,Fidelity Wise Origin Bitcoin Fund,Fidelity,BTC,0.25,38.808,-4.2776,630.79,4241300,2-3
780,FBTC,-0.134931,0.057988,74.52,2025-12-01,Fidelity Wise Origin Bitcoin Fund,Fidelity,BTC,0.25,38.808,-4.2654,632.28,7776800,2-3
781,FBTC,-0.113919,0.057988,79.35,2025-12-02,Fidelity Wise Origin Bitcoin Fund,Fidelity,BTC,0.25,38.808,-4.2537,640.6,7807700,2-3
782,FBTC,-0.11045,0.057988,81.05,2025-12-03,Fidelity Wise Origin Bitcoin Fund,Fidelity,BTC,0.25,38.808,-4.2518,629.48,5144400,2-3
783,FBTC,-0.132532,0.192261,80.66,2025-12-04,Fidelity Wise Origin Bitcoin Fund,Fidelity,BTC,0.25,41.659,-4.264,588.61,3995400,2-3
784,FBTC,-0.133543,-0.091507,77.87,2025-12-05,Fidelity Wise Origin Bitcoin Fund,Fidelity,BTC,0.25,35.634,-4.2646,591.74,5557700,2-3
785,FBTC,-0.128434,0.137321,79.14,2025-12-08,Fidelity Wise Origin Bitcoin Fund,Fidelity,BTC,0.25,40.492,-4.2618,575.93,3899500,2-3
786,FBTC,-0.129188,-0.20451,81.18,2025-12-09,Fidelity Wise Origin Bitcoin Fund,Fidelity,BTC,0.25,33.234,-4.2622,574.13,6396800,2-3
787,FBTC,-0.154473,0.287635,80.66,2025-12-10,Fidelity Wise Origin Bitcoin Fund,Fidelity,BTC,0.25,43.683,-4.2762,572.01,4388100,2-3
788,FBTC,-0.231265,0.287635,79.98,2025-12-11,Fidelity Wise Origin Bitcoin Fund,Fidelity,BTC,0.25,43.683,-4.3188,578.82,4902200,2-3
789,FBTC,-0.223248,0.464416,78.67,2025-12-12,Fidelity Wise Origin Bitcoin Fund,Fidelity,BTC,0.25,47.437,-4.3143,578.37,5558100,2-3
790,FBTC,-0.187149,0.464416,74.74,2025-12-15,Fidelity Wise Origin Bitcoin Fund,Fidelity,BTC,0.25,47.437,-4.2943,569.68,6990700,2-3
791,FBTC,-0.192482,0.586154,76.35,2025-12-16,Fidelity Wise Origin Bitcoin Fund,Fidelity,BTC,0.25,50.022,-4.2973,556.84,5976200,2-4
792,FBTC,-0.198749,0.70038,74.85,2025-12-17,Fidelity Wise Origin Bitcoin Fund,Fidelity,BTC,0.25,52.447,-4.3007,557.54,10939600,2-4
793,FBTC,-0.185165,1.011147,73.75,2025-12-18,Fidelity Wise Origin Bitcoin Fund,Fidelity,BTC,0.25,59.045,-4.2932,546.11,5767100,2-4
794,FBTC,-0.149042,1.361559,76.69,2025-12-19,Fidelity Wise Origin Bitcoin Fund,Fidelity,BTC,0.25,66.485,-4.2732,529.23,5055000,2-4
795,FBTC,-0.164492,1.149584,76.96,2025-12-22,Fidelity Wise Origin Bitcoin Fund,Fidelity,BTC,0.25,61.984,-4.2817,494.95,6664600,2-4
796,FBTC,-0.157377,1.149584,76.34,2025-12-23,Fidelity Wise Origin Bitcoin Fund,Fidelity,BTC,0.25,61.984,-4.2778,456.19,3739600,2-4
797,FBTC,-0.216792,1.280861,76.02,2025-12-24,Fidelity Wise Origin Bitcoin Fund,Fidelity,BTC,0.25,64.771,-4.3107,440.52,2132700,2-4
798,FBTC,-0.249261,1.064882,76.28,2025-12-26,Fidelity Wise Origin Bitcoin Fund,Fidelity,BTC,0.25,60.186,-4.3287,441.48,5827800,2-4
799,FBTC,-0.279029,1.227531,75.88,2025-12-29,Fidelity Wise Origin Bitcoin Fund,Fidelity,BTC,0.25,63.639,-4.3452,429.13,3668100,2-4
800,FBTC,-0.284777,1.227531,76.55,2025-12-30,Fidelity Wise Origin Bitcoin Fund,Fidelity,BTC,0.25,63.639,-4.3484,434.96,5982100,2-4
801,FBTC,-0.363911,1.305891,76.23,2025-12-31,Fidelity Wise Origin Bitcoin Fund,Fidelity,BTC,0.25,65.303,-4.3923,423.92,4560000,2-4
802,FBTC,-0.420171,1.305891,78.19,2026-01-02,Fidelity Wise Origin Bitcoin Fund,Fidelity,BTC,0.25,65.303,-4.4234,422.92,7656200,2-4
803,FBTC,-0.386577,1.305891,82.1,2026-01-05,Fidelity Wise Origin Bitcoin Fund,Fidelity,BTC,0.25,65.303,-4.4048,430.23,6948600,2-4
804,FBTC,-0.36117,1.393141,80.55,2026-01-06,Fidelity Wise Origin Bitcoin Fund,Fidelity,BTC,0.25,67.155,-4.3907,436.39,5605400,2-4
805,FBTC,-0.391534,1.393141,79.23,2026-01-07,Fidelity Wise Origin Bitcoin Fund,Fidelity,BTC,0.25,67.155,-4.4076,431.87,4266500,2-4
806,FBTC,-0.43956,1.164313,79.12,2026-01-08,Fidelity Wise Origin Bitcoin Fund,Fidelity,BTC,0.25,62.297,-4.4342,435.65,4902500,2-4
807,FBTC,-0.468132,1.347386,78.59,2026-01-09,Fidelity Wise Origin Bitcoin Fund,Fidelity,BTC,0.25,66.184,-4.45,425.92,4007300,2-4
808,FBTC,-0.441467,1.20498,79.69,2026-01-12,Fidelity Wise Origin Bitcoin Fund,Fidelity,BTC,0.25,63.16,-4.4353,424.13,3969100,2-4
809,FBTC,-0.393107,1.20498,82.33,2026-01-13,Fidelity Wise Origin Bitcoin Fund,Fidelity,BTC,0.25,63.16,-4.4084,427.42,5602000,2-4
810,FBTC,-0.369989,0.784939,85.12,2026-01-14,Fidelity Wise Origin Bitcoin Fund,Fidelity,BTC,0.25,54.242,-4.3956,432.06,6282600,2-4
811,FBTC,-0.407018,1.006916,82.99,2026-01-15,Fidelity Wise Origin Bitcoin Fund,Fidelity,BTC,0.25,58.955,-4.4162,427.6,5166400,2-4
812,FBTC,-0.446141,0.885178,83.23,2026-01-16,Fidelity Wise Origin Bitcoin Fund,Fidelity,BTC,0.25,56.37,-4.4378,424.25,4638100,2-4
813,FBTC,-0.347036,0.770952,77.98,2026-01-20,Fidelity Wise Origin Bitcoin Fund,Fidelity,BTC,0.25,53.945,-4.3829,409.59,6551300,2-4
814,FBTC,-0.371132,0.07427,78.49,2026-01-21,Fidelity Wise Origin Bitcoin Fund,Fidelity,BTC,0.25,39.153,-4.3963,425.96,9797900,2-3
815,FBTC,-0.440972,-0.081919,77.83,2026-01-22,Fidelity Wise Origin Bitcoin Fund,Fidelity,BTC,0.25,35.837,-4.435,421.39,3750000,2-3
816,FBTC,-0.443998,0.090093,77.92,2026-01-23,Fidelity Wise Origin Bitcoin Fund,Fidelity,BTC,0.25,39.489,-4.4367,411.15,3823000,2-3
817,FBTC,-0.420304,0.090093,76.26,2026-01-26,Fidelity Wise Origin Bitcoin Fund,Fidelity,BTC,0.25,39.489,-4.4235,417.31,5438500,2-3
818,FBTC,-0.38268,0.229687,77.83,2026-01-27,Fidelity Wise Origin Bitcoin Fund,Fidelity,BTC,0.25,42.453,-4.4027,424.55,4036800,2-3
819,FBTC,-0.379273,0.154462,77.55,2026-01-28,Fidelity Wise Origin Bitcoin Fund,Fidelity,BTC,0.25,40.856,-4.4008,418.57,4112300,2-3
820,FBTC,-0.317079,-0.008188,73.15,2026-01-29,Fidelity Wise Origin Bitcoin Fund,Fidelity,BTC,0.25,37.403,-4.3663,436.99,9092200,2-3
821,FBTC,-0.331293,-0.008188,73.02,2026-01-30,Fidelity Wise Origin Bitcoin Fund,Fidelity,BTC,0.25,37.403,-4.3742,443.81,8235300,2-3
822,FBTC,-0.271093,-0.086548,67.89,2026-02-02,Fidelity Wise Origin Bitcoin Fund,Fidelity,BTC,0.25,35.739,-4.3408,469.11,12943600,2-3
823,FBTC,-0.287992,-0.086548,66.58,2026-02-03,Fidelity Wise Origin Bitcoin Fund,Fidelity,BTC,0.25,35.739,-4.3502,482.84,13322200,2-3
824,FBTC,-0.32314,0.078097,63.9,2026-02-04,Fidelity Wise Origin Bitcoin Fund,Fidelity,BTC,0.25,39.235,-4.3697,499.73,14478100,2-3
825,FBTC,-0.277233,-0.143425,55.45,2026-02-05,Fidelity Wise Origin Bitcoin Fund,Fidelity,BTC,0.25,34.531,-4.3442,548.36,26561500,2-3
826,FBTC,-0.199487,0.108819,60.96,2026-02-06,Fidelity Wise Origin Bitcoin Fund,Fidelity,BTC,0.25,39.887,-4.3011,562.74,10498300,2-3
827,FBTC,-0.187352,0.691299,61.605,2026-02-09,Fidelity Wise Origin Bitcoin Fund,Fidelity,BTC,0.25,52.254,-4.2944,569.37,8557600,2-4
828,FBTC,-0.130579,0.59291,59.9,2026-02-10,Fidelity Wise Origin Bitcoin Fund,Fidelity,BTC,0.25,50.165,-4.2629,567.55,4618600,2-4
829,FBTC,-0.132106,0.243171,58.82,2026-02-11,Fidelity Wise Origin Bitcoin Fund,Fidelity,BTC,0.25,42.739,-4.2638,573.26,7415600,2-3
830,FBTC,-0.139683,0.942266,56.91,2026-02-12,Fidelity Wise Origin Bitcoin Fund,Fidelity,BTC,0.25,57.582,-4.268,577.65,9723100,2-4
831,FBTC,-0.086806,0.942266,59.89,2026-02-13,Fidelity Wise Origin Bitcoin Fund,Fidelity,BTC,0.25,57.582,-4.2387,569.37,6026500,2-4
832,FBTC,-0.093631,0.908682,59.02,2026-02-17,Fidelity Wise Origin Bitcoin Fund,Fidelity,BTC,0.25,56.869,-4.2425,563.29,5102100,2-4
833,FBTC,-0.058078,1.314715,57.69,2026-02-18,Fidelity Wise Origin Bitcoin Fund,Fidelity,BTC,0.25,65.49,-4.2228,562.07,6246200,2-4
834,FBTC,-0.102474,1.523192,58.46,2026-02-19,Fidelity Wise Origin Bitcoin Fund,Fidelity,BTC,0.25,69.916,-4.2474,548.57,3891400,2-4
835,FBTC,-0.094385,1.523192,59.01,2026-02-20,Fidelity Wise Origin Bitcoin Fund,Fidelity,BTC,0.25,69.916,-4.2429,533.39,7628000,2-4
836,FBTC,-0.028837,1.32897,56.13,2026-02-23,Fidelity Wise Origin Bitcoin Fund,Fidelity,BTC,0.25,65.793,-4.2066,537.31,6669200,2-4
837,FBTC,0.007062,1.12959,56.13,2026-02-24,Fidelity Wise Origin Bitcoin Fund,Fidelity,BTC,0.25,61.56,-4.1867,536.97,5180200,2-4
838,FBTC,0.085839,1.12959,60.3,2026-02-25,Fidelity Wise Origin Bitcoin Fund,Fidelity,BTC,0.25,61.56,-4.143,535.23,6270000,2-4
839,FBTC,0.091013,1.214674,58.74,2026-02-26,Fidelity Wise Origin Bitcoin Fund,Fidelity,BTC,0.25,63.366,-4.1401,537.04,5998100,2-4
840,FBTC,0.16377,1.214674,57.15,2026-02-27,Fidelity Wise Origin Bitcoin Fund,Fidelity,BTC,0.25,63.366,-4.0998,530.44,3154300,3-4
841,FBTC,0.163522,1.214674,60.26,2026-03-02,Fidelity Wise Origin Bitcoin Fund,Fidelity,BTC,0.25,63.366,-4.1,527.67,10070400,3-4
842,FBTC,0.183736,1.86394,59.45,2026-03-03,Fidelity Wise Origin Bitcoin Fund,Fidelity,BTC,0.25,77.151,-4.0887,513.52,5118100,3-4
843,FBTC,0.217279,1.86394,63.68,2026-03-04,Fidelity Wise Origin Bitcoin Fund,Fidelity,BTC,0.25,77.151,-4.0702,492.9,6999800,3-4
844,FBTC,0.246041,1.910705,62.05,2026-03-05,Fidelity Wise Origin Bitcoin Fund,Fidelity,BTC,0.25,78.144,-4.0542,465.09,4882700,3-4
845,FBTC,0.284078,1.74606,59.31,2026-03-06,Fidelity Wise Origin Bitcoin Fund,Fidelity,BTC,0.25,74.648,-4.0331,437.31,5759500,3-4
846,FBTC,0.261648,1.796273,60.13,2026-03-09,Fidelity Wise Origin Bitcoin Fund,Fidelity,BTC,0.25,75.714,-4.0456,382.03,5188300,3-4
847,FBTC,0.216566,1.544029,61.03,2026-03-10,Fidelity Wise Origin Bitcoin Fund,Fidelity,BTC,0.25,70.359,-4.0706,366.49,5141000,3-4
848,FBTC,0.221293,1.336259,61.57,2026-03-11,Fidelity Wise Origin Bitcoin Fund,Fidelity,BTC,0.25,65.948,-4.0679,355.25,4729400,3-4
849,FBTC,0.178404,1.294904,61.37,2026-03-12,Fidelity Wise Origin Bitcoin Fund,Fidelity,BTC,0.25,65.069,-4.0917,357.05,5122600,3-4
850,FBTC,0.169103,1.294904,61.98,2026-03-13,Fidelity Wise Origin Bitcoin Fund,Fidelity,BTC,0.25,65.069,-4.0969,357.11,7059100,3-4
851,FBTC,0.185032,0.595808,64.44,2026-03-16,Fidelity Wise Origin Bitcoin Fund,Fidelity,BTC,0.25,50.227,-4.088,350.8,6528500,3-4
852,FBTC,0.125617,0.777555,64.94,2026-03-17,Fidelity Wise Origin Bitcoin Fund,Fidelity,BTC,0.25,54.085,-4.121,350.22,5369700,2-4
853,FBTC,0.178409,0.589162,61.89,2026-03-18,Fidelity Wise Origin Bitcoin Fund,Fidelity,BTC,0.25,50.085,-4.0917,350.74,5044100,3-4
854,FBTC,0.166314,0.18313,61.19,2026-03-19,Fidelity Wise Origin Bitcoin Fund,Fidelity,BTC,0.25,41.465,-4.0984,347.67,4834800,3-3
855,FBTC,0.139884,0.236183,61.12,2026-03-20,Fidelity Wise Origin Bitcoin Fund,Fidelity,BTC,0.25,42.591,-4.1131,346.93,3467800,2-3
856,FBTC,0.13994,0.236183,61.55,2026-03-23,Fidelity Wise Origin Bitcoin Fund,Fidelity,BTC,0.25,42.591,-4.113,341.46,5446800,2-3
857,FBTC,0.101909,0.236183,60.4,2026-03-24,Fidelity Wise Origin Bitcoin Fund,Fidelity,BTC,0.25,42.591,-4.1341,338.45,5150600,2-3
858,FBTC,0.10533,0.236183,61.69,2026-03-25,Fidelity Wise Origin Bitcoin Fund,Fidelity,BTC,0.25,42.591,-4.1322,337.15,4272300,2-3
859,FBTC,0.07115,0.236183,59.66,2026-03-26,Fidelity Wise Origin Bitcoin Fund,Fidelity,BTC,0.25,42.591,-4.1511,332.06,4543700,2-3
860,FBTC,0.085586,-0.119772,57.47,2026-03-27,Fidelity Wise Origin Bitcoin Fund,Fidelity,BTC,0.25,35.034,-4.1431,332.75,6382200,2-3
861,FBTC,0.015275,-0.119772,57.89,2026-03-30,Fidelity Wise Origin Bitcoin Fund,Fidelity,BTC,0.25,35.034,-4.1821,339.5,5563600,2-3
862,FBTC,-0.007064,0.254572,59.03,2026-03-31,Fidelity Wise Origin Bitcoin Fund,Fidelity,BTC,0.25,42.981,-4.1945,329.74,6809600,2-3
863,FBTC,-0.023044,-0.394695,59.36,2026-04-01,Fidelity Wise Origin Bitcoin Fund,Fidelity,BTC,0.25,29.196,-4.2034,330.52,5401200,2-2
864,FBTC,-0.080273,-0.394695,58.36,2026-04-02,Fidelity Wise Origin Bitcoin Fund,Fidelity,BTC,0.25,29.196,-4.2351,322.43,4726100,2-2
865,FBTC,-0.047277,-0.441459,60.72,2026-04-06,Fidelity Wise Origin Bitcoin Fund,Fidelity,BTC,0.25,28.204,-4.2168,321.67,4725800,2-2
866,FBTC,-0.101046,-0.441459,60.09,2026-04-07,Fidelity Wise Origin Bitcoin Fund,Fidelity,BTC,0.25,28.204,-4.2466,315.82,3641000,2-2
867,FBTC,-0.030579,-0.491672,62.14,2026-04-08,Fidelity Wise Origin Bitcoin Fund,Fidelity,BTC,0.25,27.138,-4.2075,311.2,3460400,2-2
868,FBTC,-0.031085,0.066372,62.83,2026-04-09,Fidelity Wise Origin Bitcoin Fund,Fidelity,BTC,0.25,38.986,-4.2078,307.57,3778800,2-3
869,FBTC,-0.000575,-0.308339,63.85,2026-04-10,Fidelity Wise Origin Bitcoin Fund,Fidelity,BTC,0.25,31.03,-4.1909,303.06,3078700,2-2
870,FBTC,-0.005101,-0.119267,63.9,2026-04-13,Fidelity Wise Origin Bitcoin Fund,Fidelity,BTC,0.25,35.044,-4.1934,302.67,4791700,2-3
871,FBTC,0.002964,-0.119267,64.71,2026-04-14,Fidelity Wise Origin Bitcoin Fund,Fidelity,BTC,0.25,35.044,-4.1889,298.26,5329600,2-3
872,FBTC,-0.023344,0.095109,65.36,2026-04-15,Fidelity Wise Origin Bitcoin Fund,Fidelity,BTC,0.25,39.596,-4.2035,288.22,3209600,2-3
873,FBTC,-0.027337,0.323535,65.63,2026-04-16,Fidelity Wise Origin Bitcoin Fund,Fidelity,BTC,0.25,44.446,-4.2057,284.29,4056400,2-3
874,FBTC,-0.086088,0.323535,67.48,2026-04-17,Fidelity Wise Origin Bitcoin Fund,Fidelity,BTC,0.25,44.446,-4.2383,291.62,6907300,2-3
875,FBTC,-0.068322,0.323535,66.44,2026-04-20,Fidelity Wise Origin Bitcoin Fund,Fidelity,BTC,0.25,44.446,-4.2284,288.69,3527700,2-3
876,FBTC,-0.022833,0.530875,65.32,2026-04-21,Fidelity Wise Origin Bitcoin Fund,Fidelity,BTC,0.25,48.848,-4.2032,288.77,3270800,2-4
877,FBTC,0.062693,0.530875,68.69,2026-04-22,Fidelity Wise Origin Bitcoin Fund,Fidelity,BTC,0.25,48.848,-4.1558,286.69,4243500,2-4
878,FBTC,0.06278,0.530875,67.67,2026-04-23,Fidelity Wise Origin Bitcoin Fund,Fidelity,BTC,0.25,48.848,-4.1558,283.59,3636900,2-4
879,FBTC,0.020571,0.712708,67.61,2026-04-24,Fidelity Wise Origin Bitcoin Fund,Fidelity,BTC,0.25,52.708,-4.1792,284.03,4033600,2-4
880,FBTC,-0.027617,0.842625,66.95,2026-04-27,Fidelity Wise Origin Bitcoin Fund,Fidelity,BTC,0.25,55.467,-4.2059,282.65,3615700,2-4
881,FBTC,-0.060348,0.842625,66.48,2026-04-28,Fidelity Wise Origin Bitcoin Fund,Fidelity,BTC,0.25,55.467,-4.224,272.1,2185500,2-4
882,FBTC,-0.042209,0.950256,65.71,2026-04-29,Fidelity Wise Origin Bitcoin Fund,Fidelity,BTC,0.25,57.752,-4.214,267.44,3411600,2-4
883,FBTC,-0.025605,0.645827,66.53,2026-04-30,Fidelity Wise Origin Bitcoin Fund,Fidelity,BTC,0.25,51.288,-4.2048,256.07,2453100,2-4
884,FBTC,0.008506,0.645827,68.3,2026-05-01,Fidelity Wise Origin Bitcoin Fund,Fidelity,BTC,0.25,51.288,-4.1859,257.32,5078600,2-4
885,FBTC,0.009646,0.645827,69.72,2026-05-04,Fidelity Wise Origin Bitcoin Fund,Fidelity,BTC,0.25,51.288,-4.1852,259.59,4641200,2-4
886,FBTC,-0.028805,0.645827,71.08,2026-05-05,Fidelity Wise Origin Bitcoin Fund,Fidelity,BTC,0.25,51.288,-4.2065,258.62,3748400,2-4
887,FBTC,-0.050526,0.712811,70.92,2026-05-06,Fidelity Wise Origin Bitcoin Fund,Fidelity,BTC,0.25,52.711,-4.2186,257.15,2650500,2-4
888,FBTC,-0.103027,0.712811,69.8,2026-05-07,Fidelity Wise Origin Bitcoin Fund,Fidelity,BTC,0.25,52.711,-4.2477,257.19,3092800,2-4
889,FBTC,-0.13364,0.338196,69.81,2026-05-08,Fidelity Wise Origin Bitcoin Fund,Fidelity,BTC,0.25,44.757,-4.2646,252.54,2001600,2-3
890,FBTC,-0.123526,0.338196,71.35,2026-05-11,Fidelity Wise Origin Bitcoin Fund,Fidelity,BTC,0.25,44.757,-4.259,253.92,3160800,2-3
891,FBTC,-0.07566,0.063293,70.36,2026-05-12,Fidelity Wise Origin Bitcoin Fund,Fidelity,BTC,0.25,38.92,-4.2325,248.16,2633400,2-3
892,FBTC,-0.054866,0.063293,69.3,2026-05-13,Fidelity Wise Origin Bitcoin Fund,Fidelity,BTC,0.25,38.92,-4.221,242.12,3147900,2-3
893,FBTC,-0.035916,-0.151082,70.89,2026-05-14,Fidelity Wise Origin Bitcoin Fund,Fidelity,BTC,0.25,34.369,-4.2105,245.89,4073900,2-3
894,FBTC,0.024098,-0.561255,68.84,2026-05-15,Fidelity Wise Origin Bitcoin Fund,Fidelity,BTC,0.25,25.66,-4.1772,245.01,3599200,2-2
895,FBTC,0.046622,-0.561255,66.87,2026-05-18,Fidelity Wise Origin Bitcoin Fund,Fidelity,BTC,0.25,25.66,-4.1647,236.59,4326400,2-2
896,FBTC,0.012697,-0.333488,66.82,2026-05-19,Fidelity Wise Origin Bitcoin Fund,Fidelity,BTC,0.25,30.496,-4.1835,232.05,2080700,2-2
897,FBTC,0.004113,-0.802358,67.57,2026-05-20,Fidelity Wise Origin Bitcoin Fund,Fidelity,BTC,0.25,20.541,-4.1883,230.11,2557800,2-1
898,FBTC,-0.101557,-0.578911,67.56,2026-05-21,Fidelity Wise Origin Bitcoin Fund,Fidelity,BTC,0.25,25.285,-4.2469,224.4,2540800,2-2
899,FBTC,-0.058757,-0.578911,65.98,2026-05-22,Fidelity Wise Origin Bitcoin Fund,Fidelity,BTC,0.25,25.285,-4.2231,221.51,2811600,2-2
900,FBTC,-0.058168,-0.420993,66.06,2026-05-26,Fidelity Wise Origin Bitcoin Fund,Fidelity,BTC,0.25,28.638,-4.2228,222.28,4370600,2-2
901,FBTC,-0.05071,-0.55091,65.22,2026-05-27,Fidelity Wise Origin Bitcoin Fund,Fidelity,BTC,0.25,25.88,-4.2187,222.35,3734000,2-2
902,FBTC,-0.020609,-0.55091,63.84,2026-05-28,Fidelity Wise Origin Bitcoin Fund,Fidelity,BTC,0.25,25.88,-4.202,225.8,3411700,2-2
903,FBTC,-0.049037,-0.403092,63.9,2026-05-29,Fidelity Wise Origin Bitcoin Fund,Fidelity,BTC,0.25,29.018,-4.2178,224.11,2954100,2-2
904,FBTC,-0.044164,-0.473006,62.2,2026-06-01,Fidelity Wise Origin Bitcoin Fund,Fidelity,BTC,0.25,27.534,-4.2151,231.64,5165500,2-2
905,FBTC,-0.00788,-0.473006,58.46,2026-06-02,Fidelity Wise Origin Bitcoin Fund,Fidelity,BTC,0.25,27.534,-4.1949,236.78,7779500,2-2
906,FBTC,0.018408,-0.473006,56.91,2026-06-03,Fidelity Wise Origin Bitcoin Fund,Fidelity,BTC,0.25,27.534,-4.1804,233.08,4319000,2-2
907,FBTC,0.018162,-0.473006,55.27,2026-06-04,Fidelity Wise Origin Bitcoin Fund,Fidelity,BTC,0.25,27.534,-4.1805,239.71,7340500,2-2
908,FBTC,0.055226,-0.53999,52.46,2026-06-05,Fidelity Wise Origin Bitcoin Fund,Fidelity,BTC,0.25,26.112,-4.16,262.16,12572900,2-2
909,FBTC,0.095212,-0.53999,55.17,2026-06-08,Fidelity Wise Origin Bitcoin Fund,Fidelity,BTC,0.25,26.112,-4.1378,267.9,6094400,2-2
910,FBTC,0.12841,-0.723419,54.01,2026-06-09,Fidelity Wise Origin Bitcoin Fund,Fidelity,BTC,0.25,22.217,-4.1194,276.3,5855500,2-1
911,FBTC,0.085054,-0.60573,53.88,2026-06-10,Fidelity Wise Origin Bitcoin Fund,Fidelity,BTC,0.25,24.716,-4.1434,276.1,4106400,2-2
912,FBTC,0.112271,-0.60573,55.29,2026-06-11,Fidelity Wise Origin Bitcoin Fund,Fidelity,BTC,0.25,24.716,-4.1284,276.83,3628800,2-2
913,FBTC,0.079729,-0.58329,55.35,2026-06-12,Fidelity Wise Origin Bitcoin Fund,Fidelity,BTC,0.25,25.192,-4.1464,275.02,3254800,2-2
914,FBTC,0.128272,-0.58329,57.96,2026-06-15,Fidelity Wise Origin Bitcoin Fund,Fidelity,BTC,0.25,25.192,-4.1195,273.85,4559600,2-2
915,FBTC,0.137102,-0.58329,57.13,2026-06-16,Fidelity Wise Origin Bitcoin Fund,Fidelity,BTC,0.25,25.192,-4.1146,267.08,1849500,2-2
916,FBTC,0.143654,-0.443933,55.89,2026-06-17,Fidelity Wise Origin Bitcoin Fund,Fidelity,BTC,0.25,28.151,-4.111,262.48,3447100,2-2
917,FBTC,0.178951,-0.6717,54.77,2026-06-18,Fidelity Wise Origin Bitcoin Fund,Fidelity,BTC,0.25,23.315,-4.0914,267.86,4601500,3-2
918,FBTC,0.188746,-0.6717,56.02,2026-06-22,Fidelity Wise Origin Bitcoin Fund,Fidelity,BTC,0.25,23.315,-4.086,272.13,4684900,3-2
919,FBTC,0.274999,-0.895147,54.25,2026-06-23,Fidelity Wise Origin Bitcoin Fund,Fidelity,BTC,0.25,18.571,-4.0382,271.55,2939500,3-1
920,FBTC,0.265151,-0.895147,52.05,2026-06-24,Fidelity Wise Origin Bitcoin Fund,Fidelity,BTC,0.25,18.571,-4.0436,281.76,7681300,3-1
921,FBTC,0.273601,-0.900475,51.47,2026-06-25,Fidelity Wise Origin Bitcoin Fund,Fidelity,BTC,0.25,18.458,-4.0389,289.53,8783200,3-1
922,FBTC,0.270464,-0.502797,51.98,2026-06-26,Fidelity Wise Origin Bitcoin Fund,Fidelity,BTC,0.25,26.901,-4.0407,288.4,4226600,3-2
923,FBTC,0.250699,0.042163,52.52,2026-06-29,Fidelity Wise Origin Bitcoin Fund,Fidelity,BTC,0.25,38.472,-4.0516,287.76,3892000,3-3
924,FBTC,0.287694,-0.213286,51.05,2026-06-30,Fidelity Wise Origin Bitcoin Fund,Fidelity,BTC,0.25,33.048,-4.0311,292.98,5846400,3-3
925,FBTC,0.288772,-0.213286,52.23,2026-07-01,Fidelity Wise Origin Bitcoin Fund,Fidelity,BTC,0.25,33.048,-4.0305,290.25,5051200,3-3
926,FBTC,0.277055,-0.213286,53.52,2026-07-02,Fidelity Wise Origin Bitcoin Fund,Fidelity,BTC,0.25,33.048,-4.037,279.42,4248500,3-3
927,FBTC,0.27342,-0.126796,55.43,2026-07-06,Fidelity Wise Origin Bitcoin Fund,Fidelity,BTC,0.25,34.884,-4.039,284.35,6300800,3-3
928,FBTC,0.24942,0.019734,55.53,2026-07-07,Fidelity Wise Origin Bitcoin Fund,Fidelity,BTC,0.25,37.995,-4.0523,271.08,2289900,3-3
929,FBTC,0.293813,0.019734,54.17,2026-07-08,Fidelity Wise Origin Bitcoin Fund,Fidelity,BTC,0.25,37.995,-4.0277,245.97,2439800,3-3
930,FBTC,0.259175,0.019734,54.96,2026-07-09,Fidelity Wise Origin Bitcoin Fund,Fidelity,BTC,0.25,37.995,-4.0469,240.63,4076900,3-3
931,FBTC,0.265526,0.019734,55.615,2026-07-10,Fidelity Wise Origin Bitcoin Fund,Fidelity,BTC,0.25,37.995,-4.0434,232.4,2581100,3-3
932,FBTC,0.285451,-0.097954,54.13,2026-07-13,Fidelity Wise Origin Bitcoin Fund,Fidelity,BTC,0.25,35.497,-4.0324,243.41,8356900,3-3
933,FBTC,0.286193,-0.097954,56.22,2026-07-14,Fidelity Wise Origin Bitcoin Fund,Fidelity,BTC,0.25,35.497,-4.032,247.67,5159700,3-3
934,FBTC,0.299631,-0.120394,56.54,2026-07-15,Fidelity Wise Origin Bitcoin Fund,Fidelity,BTC,0.25,35.02,-4.0245,245.88,2524400,3-3
935,FBTC,0.285576,-0.120394,55.93,2026-07-16,Fidelity Wise Origin Bitcoin Fund,Fidelity,BTC,0.25,35.02,-4.0323,237.01,1394600,3-3
936,FBTC,0.232873,-0.120394,55.82,2026-07-17,Fidelity Wise Origin Bitcoin Fund,Fidelity,BTC,0.25,35.02,-4.0615,241.64,3634200,3-3
937,FBTC,0.208677,-0.259752,56.69,2026-07-20,Fidelity Wise Origin Bitcoin Fund,Fidelity,BTC,0.25,32.062,-4.0749,245.06,4664900,3-2
938,FBTC,0.230903,-0.259752,57.83,2026-07-21,Fidelity Wise Origin Bitcoin Fund,Fidelity,BTC,0.25,32.062,-4.0626,240.29,2624800,3-2
939,FBTC,0.228098,-0.259752,57.38,2026-07-22,Fidelity Wise Origin Bitcoin Fund,Fidelity,BTC,0.25,32.062,-4.0642,232.47,1712800,3-2
940,FBTC,0.203209,-0.259752,56.39,2026-07-23,Fidelity Wise Origin Bitcoin Fund,Fidelity,BTC,0.25,32.062,-4.078,230.6,2133000,3-2
941,FBTC,0.185142,-0.259752,55.83,2026-07-24,Fidelity Wise Origin Bitcoin Fund,Fidelity,BTC,0.25,32.062,-4.088,219.04,2813200,3-2
942,FBTC,0.216035,-0.594175,56.51,2026-07-27,Fidelity Wise Origin Bitcoin Fund,Fidelity,BTC,0.25,24.961,-4.0708,203.67,2285200,3-2
943,FBTC,0.243303,-0.991854,55.54,2026-07-28,Fidelity Wise Origin Bitcoin Fund,Fidelity,BTC,0.25,16.518,-4.0557,200.84,2885200,3-1
944,FBTC,0.228635,-1.536814,55.29,2026-07-29,Fidelity Wise Origin Bitcoin Fund,Fidelity,BTC,0.25,4.947,-4.0639,204.27,5003100,3-1
945,FBTC,0.238352,-1.536814,56.36,2026-07-30,Fidelity Wise Origin Bitcoin Fund,Fidelity,BTC,0.25,4.947,-4.0585,197.81,2888600,3-1
946,FBTC,0.241175,-1.536814,54.71,2026-07-31,Fidelity Wise Origin Bitcoin Fund,Fidelity,BTC,0.25,4.947,-4.0569,200.43,5824700,3-1
947,FBTC,0.21983,-1.157494,55.59,2026-08-03,Fidelity Wise Origin Bitcoin Fund,Fidelity,BTC,0.25,13.001,-4.0687,202.74,4966100,3-1
948,FBTC,0.192991,-1.243984,55.89,2026-08-04,Fidelity Wise Origin Bitcoin Fund,Fidelity,BTC,0.25,11.165,-4.0836,192.51,2404700,3-1
949,FBTC,0.214495,-1.390514,56.42,2026-08-05,Fidelity Wise Origin Bitcoin Fund,Fidelity,BTC,0.25,8.054,-4.0717,193.66,2682200,3-1
950,FBTC,0.150042,-1.172375,56.06,2026-08-06,Fidelity Wise Origin Bitcoin Fund,Fidelity,BTC,0.25,12.685,-4.1074,193.85,2427600,2-1
951,FBTC,0.151663,-1.172375,56.53,2026-08-07,Fidelity Wise Origin Bitcoin Fund,Fidelity,BTC,0.25,12.685,-4.1065,189.03,2171500,2-1
952,FBTC,0.144496,-1.172375,55.65,2026-08-10,Fidelity Wise Origin Bitcoin Fund,Fidelity,BTC,0.25,12.685,-4.1105,193.25,4172300,2-1
953,FBTC,0.146257,-1.172375,55.23,2026-08-11,Fidelity Wise Origin Bitcoin Fund,Fidelity,BTC,0.25,12.685,-4.1095,177.39,2160400,2-1
954,FBTC,0.092671,-0.943332,55.11,2026-08-12,Fidelity Wise Origin Bitcoin Fund,Fidelity,BTC,0.25,17.548,-4.1392,168.13,1736200,2-1
955,FBTC,0.073587,-0.798899,55.09,2026-08-13,Fidelity Wise Origin Bitcoin Fund,Fidelity,BTC,0.25,20.615,-4.1498,166.91,2126800,2-1
956,FBTC,0.033088,-0.798899,54.74,2026-08-14,Fidelity Wise Origin Bitcoin Fund,Fidelity,BTC,0.25,20.615,-4.1722,167.93,1815000,2-1
957,FBTC,0.073029,-0.798899,55.94,2026-08-17,Fidelity Wise Origin Bitcoin Fund,Fidelity,BTC,0.25,20.615,-4.1501,170.63,4638800,2-1
958,FBTC,0.06397,-0.798899,56.23,2026-08-18,Fidelity Wise Origin Bitcoin Fund,Fidelity,BTC,0.25,20.615,-4.1551,163.98,2221300,2-1
959,FBTC,0.041283,-0.798899,59.6,2026-08-19,Fidelity Wise Origin Bitcoin Fund,Fidelity,BTC,0.25,20.615,-4.1677,187.81,10943900,2-1
960,FBTC,0.071657,-0.798899,63.27,2026-08-20,Fidelity Wise Origin Bitcoin Fund,Fidelity,BTC,0.25,20.615,-4.1509,204.07,6949700,2-1
961,FBTC,0.054454,-0.798899,67.02,2026-08-21,Fidelity Wise Origin Bitcoin Fund,Fidelity,BTC,0.25,20.615,-4.1604,222.72,7638411,2-1
962,GBTC,0.670432,0.371117,50.03,2024-09-20,Grayscale Bitcoin Trust ETF,Grayscale,BTC,1.5,45.456,-3.819,165.46,1700100,3-3
963,GBTC,0.655905,0.371117,50.41,2024-09-23,Grayscale Bitcoin Trust ETF,Grayscale,BTC,1.5,45.456,-3.8271,164.1,1610800,3-3
964,GBTC,0.653658,0.516572,51.23,2024-09-24,Grayscale Bitcoin Trust ETF,Grayscale,BTC,1.5,48.544,-3.8283,153.32,1970500,3-4
965,GBTC,0.697115,0.679072,50.3,2024-09-25,Grayscale Bitcoin Trust ETF,Grayscale,BTC,1.5,51.994,-3.8042,150.6,1667700,3-4
966,GBTC,0.692972,0.679072,51.54,2024-09-26,Grayscale Bitcoin Trust ETF,Grayscale,BTC,1.5,51.994,-3.8065,152.84,3321200,3-4
967,GBTC,0.604451,0.679072,52.31,2024-09-27,Grayscale Bitcoin Trust ETF,Grayscale,BTC,1.5,51.994,-3.8556,156.09,3688400,3-4
968,GBTC,0.678534,0.679072,50.5,2024-09-30,Grayscale Bitcoin Trust ETF,Grayscale,BTC,1.5,51.994,-3.8145,154.59,2099800,3-4
969,GBTC,0.695055,0.679072,49.12,2024-10-01,Grayscale Bitcoin Trust ETF,Grayscale,BTC,1.5,51.994,-3.8054,157.33,4192600,3-4
970,GBTC,0.713983,0.359,47.92,2024-10-02,Grayscale Bitcoin Trust ETF,Grayscale,BTC,1.5,45.199,-3.7949,156.42,3649500,3-3
971,GBTC,0.729872,0.499282,48.58,2024-10-03,Grayscale Bitcoin Trust ETF,Grayscale,BTC,1.5,48.177,-3.7861,154.83,3808600,3-3
972,GBTC,0.72814,0.43358,49.68,2024-10-04,Grayscale Bitcoin Trust ETF,Grayscale,BTC,1.5,46.782,-3.787,152.24,2155200,3-3
973,GBTC,0.72552,0.43358,50.44,2024-10-07,Grayscale Bitcoin Trust ETF,Grayscale,BTC,1.5,46.782,-3.7885,142.86,2074900,3-3
974,GBTC,0.678535,0.042776,49.52,2024-10-08,Grayscale Bitcoin Trust ETF,Grayscale,BTC,1.5,38.485,-3.8145,139.67,2464900,3-3
975,GBTC,0.700755,0.042776,48.52,2024-10-09,Grayscale Bitcoin Trust ETF,Grayscale,BTC,1.5,38.485,-3.8022,139.27,1567400,3-3
976,GBTC,0.737924,-0.326613,47.49,2024-10-10,Grayscale Bitcoin Trust ETF,Grayscale,BTC,1.5,30.642,-3.7816,137.64,2189000,3-2
977,GBTC,0.778174,-0.326613,50.27,2024-10-11,Grayscale Bitcoin Trust ETF,Grayscale,BTC,1.5,30.642,-3.7593,141.23,3680700,3-2
978,GBTC,0.794195,-0.326613,52.48,2024-10-14,Grayscale Bitcoin Trust ETF,Grayscale,BTC,1.5,30.642,-3.7504,142.53,4026700,3-2
979,GBTC,0.758314,-0.085884,53.3,2024-10-15,Grayscale Bitcoin Trust ETF,Grayscale,BTC,1.5,35.753,-3.7703,146.66,4160500,3-3
980,GBTC,0.745675,-0.085884,53.88,2024-10-16,Grayscale Bitcoin Trust ETF,Grayscale,BTC,1.5,35.753,-3.7773,141.21,2113900,3-3
981,GBTC,0.753797,-0.823984,53.16,2024-10-17,Grayscale Bitcoin Trust ETF,Grayscale,BTC,1.5,20.082,-3.7728,148.32,6548700,3-1
982,GBTC,0.696194,-0.823984,54.6,2024-10-18,Grayscale Bitcoin Trust ETF,Grayscale,BTC,1.5,20.082,-3.8047,150.83,3412900,3-1
983,GBTC,0.695332,-0.969707,53.89,2024-10-21,Grayscale Bitcoin Trust ETF,Grayscale,BTC,1.5,16.988,-3.8052,154.73,3100200,3-1
984,GBTC,0.68193,-0.774437,53.64,2024-10-22,Grayscale Bitcoin Trust ETF,Grayscale,BTC,1.5,21.134,-3.8126,156.78,2316600,3-1
985,GBTC,0.670702,-0.919892,52.83,2024-10-23,Grayscale Bitcoin Trust ETF,Grayscale,BTC,1.5,18.046,-3.8189,158.34,2529800,3-1
986,GBTC,0.694376,-1.182835,54.32,2024-10-24,Grayscale Bitcoin Trust ETF,Grayscale,BTC,1.5,12.463,-3.8057,158.53,1619600,3-1
987,GBTC,0.686582,-1.041502,53.09,2024-10-25,Grayscale Bitcoin Trust ETF,Grayscale,BTC,1.5,15.464,-3.8101,160.32,3930400,3-1
988,GBTC,0.715204,-1.041502,55.38,2024-10-28,Grayscale Bitcoin Trust ETF,Grayscale,BTC,1.5,15.464,-3.7942,161.3,3854300,3-1
989,GBTC,0.660225,-1.041502,57.67,2024-10-29,Grayscale Bitcoin Trust ETF,Grayscale,BTC,1.5,15.464,-3.8247,174.88,6785900,3-1
990,GBTC,0.647527,-0.887405,57.08,2024-10-30,Grayscale Bitcoin Trust ETF,Grayscale,BTC,1.5,18.735,-3.8317,170.91,2144900,3-1
991,GBTC,0.641004,-0.887405,55.61,2024-10-31,Grayscale Bitcoin Trust ETF,Grayscale,BTC,1.5,18.735,-3.8353,173.31,4052300,3-1
992,GBTC,0.635308,-0.764735,55.01,2024-11-01,Grayscale Bitcoin Trust ETF,Grayscale,BTC,1.5,21.34,-3.8385,174.49,3813800,3-1
993,GBTC,0.641555,-0.764735,53.49,2024-11-04,Grayscale Bitcoin Trust ETF,Grayscale,BTC,1.5,21.34,-3.835,175.1,2243400,3-1
994,GBTC,0.646631,-0.764735,55.17,2024-11-05,Grayscale Bitcoin Trust ETF,Grayscale,BTC,1.5,21.34,-3.8322,179.04,3396800,3-1
995,GBTC,0.660478,-0.764735,60.6,2024-11-06,Grayscale Bitcoin Trust ETF,Grayscale,BTC,1.5,21.34,-3.8245,194.94,7523500,3-1
996,GBTC,0.597055,-0.4441,60.88,2024-11-07,Grayscale Bitcoin Trust ETF,Grayscale,BTC,1.5,28.148,-3.8597,200.59,3196300,3-2
997,GBTC,0.543889,-0.366644,61.05,2024-11-08,Grayscale Bitcoin Trust ETF,Grayscale,BTC,1.5,29.792,-3.8891,203.88,2835200,3-2
998,GBTC,0.503145,-0.366644,69.22,2024-11-11,Grayscale Bitcoin Trust ETF,Grayscale,BTC,1.5,29.792,-3.9117,230.23,10665800,3-2
999,GBTC,0.459372,-0.366644,71.23,2024-11-12,Grayscale Bitcoin Trust ETF,Grayscale,BTC,1.5,29.792,-3.936,241.53,6299900,3-2
1000,GBTC,0.437083,-0.618093,71.31,2024-11-13,Grayscale Bitcoin Trust ETF,Grayscale,BTC,1.5,24.453,-3.9483,262.94,9413300,3-2
1001,GBTC,0.429186,-0.618093,69.5,2024-11-14,Grayscale Bitcoin Trust ETF,Grayscale,BTC,1.5,24.453,-3.9527,274.68,5187700,3-2
1002,GBTC,0.474189,0.250212,72.81,2024-11-15,Grayscale Bitcoin Trust ETF,Grayscale,BTC,1.5,42.889,-3.9278,270.62,3609100,3-3
1003,GBTC,0.428024,0.250212,72.77,2024-11-18,Grayscale Bitcoin Trust ETF,Grayscale,BTC,1.5,42.889,-3.9534,278.62,4871200,3-3
1004,GBTC,0.413346,0.250212,73.58,2024-11-19,Grayscale Bitcoin Trust ETF,Grayscale,BTC,1.5,42.889,-3.9615,285.75,4303900,3-3
1005,GBTC,0.417686,0.054942,74.99,2024-11-20,Grayscale Bitcoin Trust ETF,Grayscale,BTC,1.5,38.743,-3.9591,297.85,5045800,3-3
1006,GBTC,0.404129,0.054942,78.05,2024-11-21,Grayscale Bitcoin Trust ETF,Grayscale,BTC,1.5,38.743,-3.9666,317.13,6899300,3-3
1007,GBTC,0.295712,0.173158,78.87,2024-11-22,Grayscale Bitcoin Trust ETF,Grayscale,BTC,1.5,41.253,-4.0267,334.48,5734900,3-3
1008,GBTC,0.295585,0.031826,75.42,2024-11-25,Grayscale Bitcoin Trust ETF,Grayscale,BTC,1.5,38.252,-4.0268,344.0,5418900,3-3
1009,GBTC,0.260881,0.031826,72.17,2024-11-26,Grayscale Bitcoin Trust ETF,Grayscale,BTC,1.5,38.252,-4.046,352.51,5434600,3-3
1010,GBTC,0.302516,0.031826,76.82,2024-11-27,Grayscale Bitcoin Trust ETF,Grayscale,BTC,1.5,38.252,-4.0229,348.27,3933900,3-3
1011,GBTC,0.275034,-0.122271,77.09,2024-11-29,Grayscale Bitcoin Trust ETF,Grayscale,BTC,1.5,34.98,-4.0381,353.33,2967100,3-3
1012,GBTC,0.251832,-0.122271,76.03,2024-12-02,Grayscale Bitcoin Trust ETF,Grayscale,BTC,1.5,34.98,-4.051,353.65,3052200,3-3
1013,GBTC,0.232616,-0.205535,75.95,2024-12-03,Grayscale Bitcoin Trust ETF,Grayscale,BTC,1.5,33.213,-4.0617,351.41,2141500,3-3
1014,GBTC,0.168267,-0.205535,78.69,2024-12-04,Grayscale Bitcoin Trust ETF,Grayscale,BTC,1.5,33.213,-4.0973,364.47,5012200,3-3
1015,GBTC,0.125402,-0.205535,78.69,2024-12-05,Grayscale Bitcoin Trust ETF,Grayscale,BTC,1.5,33.213,-4.1211,382.76,7263200,2-3
1016,GBTC,0.056358,0.303892,80.7,2024-12-06,Grayscale Bitcoin Trust ETF,Grayscale,BTC,1.5,44.029,-4.1593,376.4,3993600,2-3
1017,GBTC,0.13653,-0.016743,76.33,2024-12-09,Grayscale Bitcoin Trust ETF,Grayscale,BTC,1.5,37.221,-4.1149,382.46,4216600,2-3
1018,GBTC,0.132949,-0.094198,76.56,2024-12-10,Grayscale Bitcoin Trust ETF,Grayscale,BTC,1.5,35.577,-4.1169,389.94,4312700,2-3
1019,GBTC,0.121163,-0.094198,80.51,2024-12-11,Grayscale Bitcoin Trust ETF,Grayscale,BTC,1.5,35.577,-4.1234,371.05,4241800,2-3
1020,GBTC,0.114463,0.231352,79.41,2024-12-12,Grayscale Bitcoin Trust ETF,Grayscale,BTC,1.5,42.488,-4.1271,362.53,3398700,2-3
1021,GBTC,0.151338,0.613429,80.77,2024-12-13,Grayscale Bitcoin Trust ETF,Grayscale,BTC,1.5,50.601,-4.1067,341.56,2857300,2-4
1022,GBTC,0.157277,0.613429,84.02,2024-12-16,Grayscale Bitcoin Trust ETF,Grayscale,BTC,1.5,50.601,-4.1034,346.96,5642700,3-4
1023,GBTC,0.075853,-0.048598,84.71,2024-12-17,Grayscale Bitcoin Trust ETF,Grayscale,BTC,1.5,36.545,-4.1485,352.57,4491800,2-3
1024,GBTC,0.152316,-0.048598,79.81,2024-12-18,Grayscale Bitcoin Trust ETF,Grayscale,BTC,1.5,36.545,-4.1062,354.97,5073100,2-3
1025,GBTC,0.197624,-0.048598,76.32,2024-12-19,Grayscale Bitcoin Trust ETF,Grayscale,BTC,1.5,36.545,-4.0811,356.5,4570500,3-3
1026,GBTC,0.176649,-0.048598,76.47,2024-12-20,Grayscale Bitcoin Trust ETF,Grayscale,BTC,1.5,36.545,-4.0927,353.25,4054500,3-3
1027,GBTC,0.196825,-0.048598,73.71,2024-12-23,Grayscale Bitcoin Trust ETF,Grayscale,BTC,1.5,36.545,-4.0815,342.64,4284000,3-3
1028,GBTC,0.380703,-0.166814,78.45,2024-12-24,Grayscale Bitcoin Trust ETF,Grayscale,BTC,1.5,34.035,-3.9796,327.53,1721200,3-3
1029,GBTC,0.412941,-0.166814,75.76,2024-12-26,Grayscale Bitcoin Trust ETF,Grayscale,BTC,1.5,34.035,-3.9617,316.48,2332100,3-3
1030,GBTC,0.385928,-0.102883,74.88,2024-12-27,Grayscale Bitcoin Trust ETF,Grayscale,BTC,1.5,35.392,-3.9767,312.34,4074800,3-3
1031,GBTC,0.309484,-0.102883,74.65,2024-12-30,Grayscale Bitcoin Trust ETF,Grayscale,BTC,1.5,35.392,-4.0191,311.93,3935100,3-3
1032,GBTC,0.323681,-0.102883,74.02,2024-12-31,Grayscale Bitcoin Trust ETF,Grayscale,BTC,1.5,35.392,-4.0112,309.06,2274700,3-3
1033,GBTC,0.365738,-0.102883,77.21,2025-01-02,Grayscale Bitcoin Trust ETF,Grayscale,BTC,1.5,35.392,-3.9879,310.03,3269700,3-3
1034,GBTC,0.386595,-0.282571,78.02,2025-01-03,Grayscale Bitcoin Trust ETF,Grayscale,BTC,1.5,31.577,-3.9763,310.31,2159300,3-2
1035,GBTC,0.400566,-0.282571,81.04,2025-01-06,Grayscale Bitcoin Trust ETF,Grayscale,BTC,1.5,31.577,-3.9686,305.67,3665400,3-2
1036,GBTC,0.430893,-0.282571,76.45,2025-01-07,Grayscale Bitcoin Trust ETF,Grayscale,BTC,1.5,31.577,-3.9518,292.58,3879500,3-2
1037,GBTC,0.448394,-0.791998,74.48,2025-01-08,Grayscale Bitcoin Trust ETF,Grayscale,BTC,1.5,20.761,-3.9421,286.7,2670300,3-1
1038,GBTC,0.399277,-0.011952,75.08,2025-01-10,Grayscale Bitcoin Trust ETF,Grayscale,BTC,1.5,37.323,-3.9693,285.43,3932400,3-3
1039,GBTC,0.414484,-0.011952,74.16,2025-01-13,Grayscale Bitcoin Trust ETF,Grayscale,BTC,1.5,37.323,-3.9609,280.73,3120400,3-3
1040,GBTC,0.43058,-0.011952,76.47,2025-01-14,Grayscale Bitcoin Trust ETF,Grayscale,BTC,1.5,37.323,-3.9519,271.96,2057000,3-3
1041,GBTC,0.46214,-0.337501,78.97,2025-01-15,Grayscale Bitcoin Trust ETF,Grayscale,BTC,1.5,30.411,-3.9344,269.5,2764100,3-2
1042,GBTC,0.448732,-0.466112,79.56,2025-01-16,Grayscale Bitcoin Trust ETF,Grayscale,BTC,1.5,27.68,-3.9419,269.54,2910100,3-2
1043,GBTC,0.465697,-0.466112,83.05,2025-01-17,Grayscale Bitcoin Trust ETF,Grayscale,BTC,1.5,27.68,-3.9325,262.02,3808000,3-2
1044,GBTC,0.472097,-0.136724,84.12,2025-01-21,Grayscale Bitcoin Trust ETF,Grayscale,BTC,1.5,34.674,-3.9289,258.55,3657000,3-3
1045,GBTC,0.452708,0.058345,82.7,2025-01-22,Grayscale Bitcoin Trust ETF,Grayscale,BTC,1.5,38.815,-3.9397,248.62,2374000,3-3
1046,GBTC,0.414357,0.252655,81.9,2025-01-23,Grayscale Bitcoin Trust ETF,Grayscale,BTC,1.5,42.941,-3.9609,267.78,9173200,3-3
1047,GBTC,0.436435,0.395733,83.17,2025-01-24,Grayscale Bitcoin Trust ETF,Grayscale,BTC,1.5,45.979,-3.9487,263.2,2570000,3-3
1048,GBTC,0.441488,0.395733,80.25,2025-01-27,Grayscale Bitcoin Trust ETF,Grayscale,BTC,1.5,45.979,-3.9459,261.08,3381600,3-3
1049,GBTC,0.274993,0.395733,80.17,2025-01-28,Grayscale Bitcoin Trust ETF,Grayscale,BTC,1.5,45.979,-4.0382,262.26,1991000,3-3
1050,GBTC,0.26171,0.752846,82.58,2025-01-29,Grayscale Bitcoin Trust ETF,Grayscale,BTC,1.5,53.561,-4.0455,262.38,2171700,3-4
1051,GBTC,0.263671,0.688915,83.18,2025-01-30,Grayscale Bitcoin Trust ETF,Grayscale,BTC,1.5,52.203,-4.0444,255.86,2022600,3-4
1052,GBTC,0.318025,0.688915,80.41,2025-01-31,Grayscale Bitcoin Trust ETF,Grayscale,BTC,1.5,52.203,-4.0143,252.87,2872400,3-4
1053,GBTC,0.301252,0.688915,80.17,2025-02-03,Grayscale Bitcoin Trust ETF,Grayscale,BTC,1.5,52.203,-4.0236,264.34,5103300,3-4
1054,GBTC,0.279443,0.979687,78.19,2025-02-04,Grayscale Bitcoin Trust ETF,Grayscale,BTC,1.5,58.377,-4.0357,262.9,2841800,3-4
1055,GBTC,0.292027,0.979687,77.08,2025-02-05,Grayscale Bitcoin Trust ETF,Grayscale,BTC,1.5,58.377,-4.0287,262.18,1989000,3-4
1056,GBTC,0.247043,1.388636,76.78,2025-02-06,Grayscale Bitcoin Trust ETF,Grayscale,BTC,1.5,67.06,-4.0537,258.24,2791900,3-4
1057,GBTC,0.185667,1.983244,75.85,2025-02-07,Grayscale Bitcoin Trust ETF,Grayscale,BTC,1.5,79.684,-4.0877,254.34,2830000,3-4
1058,GBTC,0.204376,2.067861,77.09,2025-02-10,Grayscale Bitcoin Trust ETF,Grayscale,BTC,1.5,81.481,-4.0773,249.34,1217800,3-4
1059,GBTC,0.293883,1.287815,75.4,2025-02-11,Grayscale Bitcoin Trust ETF,Grayscale,BTC,1.5,64.919,-4.0277,239.68,1225700,3-4
1060,GBTC,0.320174,1.797318,76.8,2025-02-12,Grayscale Bitcoin Trust ETF,Grayscale,BTC,1.5,75.737,-4.0131,235.93,1987900,3-4
1061,GBTC,0.270297,1.93919,76.22,2025-02-13,Grayscale Bitcoin Trust ETF,Grayscale,BTC,1.5,78.749,-4.0408,233.64,1434000,3-4
1062,GBTC,0.231357,1.93919,77.01,2025-02-14,Grayscale Bitcoin Trust ETF,Grayscale,BTC,1.5,78.749,-4.0624,232.23,2448100,3-4
1063,GBTC,0.318669,1.685723,74.48,2025-02-18,Grayscale Bitcoin Trust ETF,Grayscale,BTC,1.5,73.367,-4.014,227.65,1819000,3-4
1064,GBTC,0.328007,1.769095,76.08,2025-02-19,Grayscale Bitcoin Trust ETF,Grayscale,BTC,1.5,75.137,-4.0088,218.91,1744700,3-4
1065,GBTC,0.378781,1.23343,78.01,2025-02-20,Grayscale Bitcoin Trust ETF,Grayscale,BTC,1.5,63.764,-3.9806,210.92,1790300,3-4
1066,GBTC,0.402255,1.268949,75.06,2025-02-21,Grayscale Bitcoin Trust ETF,Grayscale,BTC,1.5,64.518,-3.9676,213.53,3346100,3-4
1067,GBTC,0.419189,1.074639,74.34,2025-02-24,Grayscale Bitcoin Trust ETF,Grayscale,BTC,1.5,60.393,-3.9583,185.11,2079100,3-4
1068,GBTC,0.446644,0.931561,69.62,2025-02-25,Grayscale Bitcoin Trust ETF,Grayscale,BTC,1.5,57.355,-3.943,195.16,6101400,3-4
1069,GBTC,0.442189,0.977413,66.71,2025-02-26,Grayscale Bitcoin Trust ETF,Grayscale,BTC,1.5,58.329,-3.9455,199.45,5418200,3-4
1070,GBTC,0.460704,1.669871,65.95,2025-02-27,Grayscale Bitcoin Trust ETF,Grayscale,BTC,1.5,73.031,-3.9352,200.49,2750400,3-4
1071,GBTC,0.418832,1.51297,66.61,2025-02-28,Grayscale Bitcoin Trust ETF,Grayscale,BTC,1.5,69.699,-3.9585,204.32,3901800,3-4
1072,GBTC,0.428882,1.51297,68.03,2025-03-03,Grayscale Bitcoin Trust ETF,Grayscale,BTC,1.5,69.699,-3.9529,210.1,4255700,3-4
1073,GBTC,0.397459,1.51297,68.74,2025-03-04,Grayscale Bitcoin Trust ETF,Grayscale,BTC,1.5,69.699,-3.9703,208.15,2764800,3-4
1074,GBTC,0.481957,1.51297,71.56,2025-03-05,Grayscale Bitcoin Trust ETF,Grayscale,BTC,1.5,69.699,-3.9235,195.94,2133500,3-4
1075,GBTC,0.479194,1.74468,70.44,2025-03-06,Grayscale Bitcoin Trust ETF,Grayscale,BTC,1.5,74.619,-3.925,192.6,2159000,3-4
1076,GBTC,0.48549,2.319133,68.79,2025-03-07,Grayscale Bitcoin Trust ETF,Grayscale,BTC,1.5,86.816,-3.9215,195.25,3038600,3-4
1077,GBTC,0.591373,1.910183,62.43,2025-03-10,Grayscale Bitcoin Trust ETF,Grayscale,BTC,1.5,78.133,-3.8628,197.13,4065800,3-4
1078,GBTC,0.649874,1.93709,65.7,2025-03-11,Grayscale Bitcoin Trust ETF,Grayscale,BTC,1.5,78.704,-3.8304,195.59,2775100,3-4
1079,GBTC,0.609152,2.407938,65.57,2025-03-12,Grayscale Bitcoin Trust ETF,Grayscale,BTC,1.5,88.701,-3.853,197.17,1938800,3-4
1080,GBTC,0.645097,2.846482,63.38,2025-03-13,Grayscale Bitcoin Trust ETF,Grayscale,BTC,1.5,98.012,-3.8331,197.05,1417400,3-4
1081,GBTC,0.716136,2.33698,66.95,2025-03-14,Grayscale Bitcoin Trust ETF,Grayscale,BTC,1.5,87.194,-3.7937,196.1,1980900,3-4
1082,GBTC,0.705256,2.609874,66.81,2025-03-17,Grayscale Bitcoin Trust ETF,Grayscale,BTC,1.5,92.988,-3.7997,195.26,1374600,3-4
1083,GBTC,0.75459,2.609874,65.08,2025-03-18,Grayscale Bitcoin Trust ETF,Grayscale,BTC,1.5,92.988,-3.7724,190.9,1486900,3-4
1084,GBTC,0.781084,2.609874,67.59,2025-03-19,Grayscale Bitcoin Trust ETF,Grayscale,BTC,1.5,92.988,-3.7577,189.33,1519200,3-4
1085,GBTC,0.788558,3.080939,66.5,2025-03-20,Grayscale Bitcoin Trust ETF,Grayscale,BTC,1.5,102.99,-3.7535,186.98,1251900,3-4
1086,GBTC,0.75951,3.080939,66.32,2025-03-21,Grayscale Bitcoin Trust ETF,Grayscale,BTC,1.5,102.99,-3.7696,183.22,916800,3-4
1087,GBTC,0.823276,2.85035,69.77,2025-03-24,Grayscale Bitcoin Trust ETF,Grayscale,BTC,1.5,98.094,-3.7343,176.56,1593700,3-4
1088,GBTC,0.813072,3.043384,69.72,2025-03-25,Grayscale Bitcoin Trust ETF,Grayscale,BTC,1.5,102.193,-3.74,171.98,838000,3-4
1089,GBTC,0.831518,3.043384,68.41,2025-03-26,Grayscale Bitcoin Trust ETF,Grayscale,BTC,1.5,102.193,-3.7297,155.43,1129600,3-4
1090,GBTC,0.822618,3.387003,68.8,2025-03-27,Grayscale Bitcoin Trust ETF,Grayscale,BTC,1.5,109.488,-3.7347,141.88,1117500,3-4
1091,GBTC,0.884258,2.694546,66.18,2025-03-28,Grayscale Bitcoin Trust ETF,Grayscale,BTC,1.5,94.786,-3.7005,138.11,1544800,4-4
1092,GBTC,0.907735,2.494334,65.17,2025-03-31,Grayscale Bitcoin Trust ETF,Grayscale,BTC,1.5,90.535,-3.6875,130.16,1425000,4-4
1093,GBTC,0.955649,2.494334,67.16,2025-04-01,Grayscale Bitcoin Trust ETF,Grayscale,BTC,1.5,90.535,-3.6609,120.53,1299000,4-4
1094,GBTC,0.978771,2.494334,68.7,2025-04-02,Grayscale Bitcoin Trust ETF,Grayscale,BTC,1.5,90.535,-3.6481,117.1,1719500,4-4
1095,GBTC,0.98945,2.494334,64.76,2025-04-03,Grayscale Bitcoin Trust ETF,Grayscale,BTC,1.5,90.535,-3.6422,118.4,2779400,4-4
1096,GBTC,0.986813,1.971852,66.32,2025-04-04,Grayscale Bitcoin Trust ETF,Grayscale,BTC,1.5,79.442,-3.6437,124.09,4094800,4-4
1097,GBTC,0.994304,1.397399,61.59,2025-04-07,Grayscale Bitcoin Trust ETF,Grayscale,BTC,1.5,67.246,-3.6395,136.27,7545500,4-4
1098,GBTC,0.946246,2.352347,60.61,2025-04-08,Grayscale Bitcoin Trust ETF,Grayscale,BTC,1.5,87.521,-3.6661,132.16,2765400,4-4
1099,GBTC,0.930837,2.287572,65.04,2025-04-09,Grayscale Bitcoin Trust ETF,Grayscale,BTC,1.5,86.145,-3.6747,140.99,5654500,4-4
1100,GBTC,0.959631,2.326793,62.82,2025-04-10,Grayscale Bitcoin Trust ETF,Grayscale,BTC,1.5,86.978,-3.6587,144.03,3040600,4-4
1101,GBTC,0.961521,1.888249,66.27,2025-04-11,Grayscale Bitcoin Trust ETF,Grayscale,BTC,1.5,77.667,-3.6577,146.3,2072500,4-4
1102,GBTC,0.91231,1.888249,67.12,2025-04-14,Grayscale Bitcoin Trust ETF,Grayscale,BTC,1.5,77.667,-3.685,144.58,1438100,4-4
1103,GBTC,0.934324,1.847258,66.38,2025-04-15,Grayscale Bitcoin Trust ETF,Grayscale,BTC,1.5,76.797,-3.6728,143.81,1140900,4-4
1104,GBTC,0.891768,1.992506,66.62,2025-04-16,Grayscale Bitcoin Trust ETF,Grayscale,BTC,1.5,79.881,-3.6963,144.07,1535000,4-4
1105,GBTC,0.839939,2.390918,67.09,2025-04-17,Grayscale Bitcoin Trust ETF,Grayscale,BTC,1.5,88.34,-3.7251,142.6,1068200,3-4
1106,GBTC,0.83378,1.836481,69.06,2025-04-21,Grayscale Bitcoin Trust ETF,Grayscale,BTC,1.5,76.568,-3.7285,147.02,2550200,3-4
1107,GBTC,0.860346,1.836481,72.29,2025-04-22,Grayscale Bitcoin Trust ETF,Grayscale,BTC,1.5,76.568,-3.7138,156.22,3514900,3-4
1108,GBTC,0.7927,1.836481,73.84,2025-04-23,Grayscale Bitcoin Trust ETF,Grayscale,BTC,1.5,76.568,-3.7512,159.32,2387400,3-4
1109,GBTC,0.792339,1.767034,73.92,2025-04-24,Grayscale Bitcoin Trust ETF,Grayscale,BTC,1.5,75.094,-3.7514,161.43,1388000,3-4
1110,GBTC,0.767815,1.767034,75.34,2025-04-25,Grayscale Bitcoin Trust ETF,Grayscale,BTC,1.5,75.094,-3.765,164.67,1931200,3-4
1111,GBTC,0.76112,1.441038,74.81,2025-04-28,Grayscale Bitcoin Trust ETF,Grayscale,BTC,1.5,68.172,-3.7687,168.79,2181900,3-4
1112,GBTC,0.695834,1.441038,75.25,2025-04-29,Grayscale Bitcoin Trust ETF,Grayscale,BTC,1.5,68.172,-3.8049,166.89,830300,3-4
1113,GBTC,0.679979,1.441038,74.27,2025-04-30,Grayscale Bitcoin Trust ETF,Grayscale,BTC,1.5,68.172,-3.8137,168.73,1770500,3-4
1114,GBTC,0.647728,1.441038,76.22,2025-05-01,Grayscale Bitcoin Trust ETF,Grayscale,BTC,1.5,68.172,-3.8316,170.32,1583400,3-4
1115,GBTC,0.610112,1.452138,76.55,2025-05-02,Grayscale Bitcoin Trust ETF,Grayscale,BTC,1.5,68.408,-3.8524,169.09,1204100,3-4
1116,GBTC,0.615987,1.452138,74.42,2025-05-05,Grayscale Bitcoin Trust ETF,Grayscale,BTC,1.5,68.408,-3.8492,164.35,1082400,3-4
1117,GBTC,0.614653,1.694928,74.93,2025-05-06,Grayscale Bitcoin Trust ETF,Grayscale,BTC,1.5,73.563,-3.8499,155.36,1103500,3-4
1118,GBTC,0.615091,1.694928,75.9,2025-05-07,Grayscale Bitcoin Trust ETF,Grayscale,BTC,1.5,73.563,-3.8497,137.04,1053400,3-4
1119,GBTC,0.675209,0.739979,79.98,2025-05-08,Grayscale Bitcoin Trust ETF,Grayscale,BTC,1.5,53.287,-3.8164,136.56,1969500,3-4
1120,GBTC,0.66008,0.18324,81.47,2025-05-09,Grayscale Bitcoin Trust ETF,Grayscale,BTC,1.5,41.467,-3.8247,125.78,1735800,3-3
1121,GBTC,0.629763,-0.268542,80.33,2025-05-12,Grayscale Bitcoin Trust ETF,Grayscale,BTC,1.5,31.875,-3.8415,127.42,2806500,3-2
1122,GBTC,0.566741,-0.214487,82.73,2025-05-13,Grayscale Bitcoin Trust ETF,Grayscale,BTC,1.5,33.023,-3.8765,129.89,2287900,3-3
1123,GBTC,0.567619,-0.027458,81.52,2025-05-14,Grayscale Bitcoin Trust ETF,Grayscale,BTC,1.5,36.994,-3.876,130.48,1337200,3-3
1124,GBTC,0.528656,-0.227161,81.38,2025-05-15,Grayscale Bitcoin Trust ETF,Grayscale,BTC,1.5,32.754,-3.8976,134.41,1944800,3-2
1125,GBTC,0.537798,-0.372409,82.13,2025-05-16,Grayscale Bitcoin Trust ETF,Grayscale,BTC,1.5,29.67,-3.8925,136.12,1679900,3-2
1126,GBTC,0.535921,-0.647443,83.24,2025-05-19,Grayscale Bitcoin Trust ETF,Grayscale,BTC,1.5,23.83,-3.8936,139.68,1759500,3-2
1127,GBTC,0.516153,-0.647443,84.49,2025-05-20,Grayscale Bitcoin Trust ETF,Grayscale,BTC,1.5,23.83,-3.9045,138.57,1809700,3-2
1128,GBTC,0.471838,-0.647443,85.73,2025-05-21,Grayscale Bitcoin Trust ETF,Grayscale,BTC,1.5,23.83,-3.9291,145.72,4715700,3-2
1129,GBTC,0.462267,-0.647443,87.72,2025-05-22,Grayscale Bitcoin Trust ETF,Grayscale,BTC,1.5,23.83,-3.9344,149.43,2896100,3-2
1130,GBTC,0.488894,-0.77103,85.76,2025-05-23,Grayscale Bitcoin Trust ETF,Grayscale,BTC,1.5,21.206,-3.9196,155.87,2774300,3-1
1131,GBTC,0.467674,-0.681319,86.67,2025-05-27,Grayscale Bitcoin Trust ETF,Grayscale,BTC,1.5,23.111,-3.9314,156.89,1924900,3-2
1132,GBTC,0.502818,-0.744795,84.31,2025-05-28,Grayscale Bitcoin Trust ETF,Grayscale,BTC,1.5,21.763,-3.9119,157.54,2098200,3-1
1133,GBTC,0.488203,-0.744795,83.26,2025-05-29,Grayscale Bitcoin Trust ETF,Grayscale,BTC,1.5,21.763,-3.92,167.44,3248900,3-1
1134,GBTC,0.477433,-0.744795,82.47,2025-05-30,Grayscale Bitcoin Trust ETF,Grayscale,BTC,1.5,21.763,-3.926,168.14,1772200,3-1
1135,GBTC,0.411341,-0.613458,82.35,2025-06-02,Grayscale Bitcoin Trust ETF,Grayscale,BTC,1.5,24.552,-3.9626,167.6,1327600,3-2
1136,GBTC,0.444388,-0.624557,83.8,2025-06-03,Grayscale Bitcoin Trust ETF,Grayscale,BTC,1.5,24.316,-3.9443,168.92,1431900,3-2
1137,GBTC,0.368347,-0.624557,82.72,2025-06-04,Grayscale Bitcoin Trust ETF,Grayscale,BTC,1.5,24.316,-3.9864,169.86,1210600,3-2
1138,GBTC,0.387049,-0.74335,80.25,2025-06-05,Grayscale Bitcoin Trust ETF,Grayscale,BTC,1.5,21.794,-3.9761,176.62,2799600,3-1
1139,GBTC,0.405849,-0.608254,82.23,2025-06-06,Grayscale Bitcoin Trust ETF,Grayscale,BTC,1.5,24.662,-3.9656,178.22,1380200,3-2
1140,GBTC,0.384445,-0.608254,85.67,2025-06-09,Grayscale Bitcoin Trust ETF,Grayscale,BTC,1.5,24.662,-3.9775,177.91,1764200,3-2
1141,GBTC,0.351887,-0.608254,86.35,2025-06-10,Grayscale Bitcoin Trust ETF,Grayscale,BTC,1.5,24.662,-3.9956,180.47,2259700,3-2
1142,GBTC,0.344379,-0.359938,85.77,2025-06-11,Grayscale Bitcoin Trust ETF,Grayscale,BTC,1.5,29.934,-3.9997,177.33,1858800,3-2
1143,GBTC,0.331034,-0.413993,84.19,2025-06-12,Grayscale Bitcoin Trust ETF,Grayscale,BTC,1.5,28.787,-4.0071,175.69,1839600,3-2
1144,GBTC,0.318922,-0.601022,82.83,2025-06-13,Grayscale Bitcoin Trust ETF,Grayscale,BTC,1.5,24.816,-4.0138,177.99,1900100,3-2
1145,GBTC,0.401077,-0.775095,85.65,2025-06-16,Grayscale Bitcoin Trust ETF,Grayscale,BTC,1.5,21.12,-3.9683,177.22,1658300,3-1
1146,GBTC,0.444063,-0.775095,82.5,2025-06-17,Grayscale Bitcoin Trust ETF,Grayscale,BTC,1.5,21.12,-3.9445,179.85,2342700,3-1
1147,GBTC,0.434922,-0.577116,81.76,2025-06-18,Grayscale Bitcoin Trust ETF,Grayscale,BTC,1.5,25.323,-3.9495,179.58,1722300,3-2
1148,GBTC,0.414307,-0.359696,81.33,2025-06-20,Grayscale Bitcoin Trust ETF,Grayscale,BTC,1.5,29.94,-3.961,179.23,1789300,3-2
1149,GBTC,0.40266,-0.359696,81.3,2025-06-23,Grayscale Bitcoin Trust ETF,Grayscale,BTC,1.5,29.94,-3.9674,168.18,2117500,3-2
1150,GBTC,0.433221,-0.359696,83.24,2025-06-24,Grayscale Bitcoin Trust ETF,Grayscale,BTC,1.5,29.94,-3.9505,162.31,1570800,3-2
1151,GBTC,0.443952,-0.359696,84.89,2025-06-25,Grayscale Bitcoin Trust ETF,Grayscale,BTC,1.5,29.94,-3.9445,158.31,1814500,3-2
1152,GBTC,0.429235,-0.365188,84.75,2025-06-26,Grayscale Bitcoin Trust ETF,Grayscale,BTC,1.5,29.823,-3.9527,154.53,1031900,3-2
1153,GBTC,0.394529,-0.153342,84.16,2025-06-27,Grayscale Bitcoin Trust ETF,Grayscale,BTC,1.5,34.321,-3.9719,152.2,1520000,3-3
1154,GBTC,0.399842,0.028263,84.83,2025-06-30,Grayscale Bitcoin Trust ETF,Grayscale,BTC,1.5,38.177,-3.969,145.45,1518200,3-3
1155,GBTC,0.419067,0.028263,82.96,2025-07-01,Grayscale Bitcoin Trust ETF,Grayscale,BTC,1.5,38.177,-3.9583,147.25,2216000,3-3
1156,GBTC,0.463897,-0.103074,86.43,2025-07-02,Grayscale Bitcoin Trust ETF,Grayscale,BTC,1.5,35.388,-3.9335,155.1,3173000,3-3
1157,GBTC,0.427277,-0.103074,86.07,2025-07-03,Grayscale Bitcoin Trust ETF,Grayscale,BTC,1.5,35.388,-3.9538,155.28,1438500,3-3
1158,GBTC,0.410644,-0.103074,85.04,2025-07-07,Grayscale Bitcoin Trust ETF,Grayscale,BTC,1.5,35.388,-3.963,157.64,1759200,3-3
1159,GBTC,0.385388,-0.227071,85.64,2025-07-08,Grayscale Bitcoin Trust ETF,Grayscale,BTC,1.5,32.755,-3.977,152.3,1315600,3-2
1160,GBTC,0.357452,-0.362167,88.08,2025-07-09,Grayscale Bitcoin Trust ETF,Grayscale,BTC,1.5,29.887,-3.9925,156.65,2324600,3-2
1161,GBTC,0.277466,-0.362167,89.3,2025-07-10,Grayscale Bitcoin Trust ETF,Grayscale,BTC,1.5,29.887,-4.0368,159.72,2413900,3-2
1162,GBTC,0.295471,-0.362167,93.04,2025-07-11,Grayscale Bitcoin Trust ETF,Grayscale,BTC,1.5,29.887,-4.0268,173.31,5165800,3-2
1163,GBTC,0.294088,-0.753387,94.38,2025-07-14,Grayscale Bitcoin Trust ETF,Grayscale,BTC,1.5,21.581,-4.0276,183.27,3905900,3-1
1164,GBTC,0.294945,-0.753387,91.63,2025-07-15,Grayscale Bitcoin Trust ETF,Grayscale,BTC,1.5,21.581,-4.0271,187.42,2640700,3-1
1165,GBTC,0.2931,-0.753387,93.9,2025-07-16,Grayscale Bitcoin Trust ETF,Grayscale,BTC,1.5,21.581,-4.0281,191.72,2636800,3-1
1166,GBTC,0.201909,-0.479926,93.66,2025-07-17,Grayscale Bitcoin Trust ETF,Grayscale,BTC,1.5,27.387,-4.0787,191.21,1402400,3-2
1167,GBTC,0.134597,-0.28273,92.36,2025-07-18,Grayscale Bitcoin Trust ETF,Grayscale,BTC,1.5,31.574,-4.116,195.41,3047500,2-2
1168,GBTC,0.117226,-0.268941,91.84,2025-07-21,Grayscale Bitcoin Trust ETF,Grayscale,BTC,1.5,31.866,-4.1256,198.06,2139500,2-2
1169,GBTC,0.153224,-0.436132,93.9,2025-07-22,Grayscale Bitcoin Trust ETF,Grayscale,BTC,1.5,28.317,-4.1057,200.72,2144400,3-2
1170,GBTC,0.17075,-0.398595,93.16,2025-07-23,Grayscale Bitcoin Trust ETF,Grayscale,BTC,1.5,29.114,-4.0959,202.09,2156500,3-2
1171,GBTC,0.09757,-0.39135,93.68,2025-07-24,Grayscale Bitcoin Trust ETF,Grayscale,BTC,1.5,29.268,-4.1365,204.63,1965400,2-2
1172,GBTC,0.088531,-0.39135,91.87,2025-07-25,Grayscale Bitcoin Trust ETF,Grayscale,BTC,1.5,29.268,-4.1415,205.75,1933400,2-2
1173,GBTC,0.125636,-0.475569,92.88,2025-07-28,Grayscale Bitcoin Trust ETF,Grayscale,BTC,1.5,27.479,-4.1209,207.22,1274200,2-2
1174,GBTC,0.112551,-0.461761,92.38,2025-07-29,Grayscale Bitcoin Trust ETF,Grayscale,BTC,1.5,27.773,-4.1282,210.22,2065600,2-2
1175,GBTC,0.096276,-0.436517,91.88,2025-07-30,Grayscale Bitcoin Trust ETF,Grayscale,BTC,1.5,28.309,-4.1372,212.86,2006600,2-2
1176,GBTC,0.035149,-0.140042,91.78,2025-07-31,Grayscale Bitcoin Trust ETF,Grayscale,BTC,1.5,34.603,-4.1711,212.27,1867000,2-3
1177,GBTC,0.002496,-0.140042,88.89,2025-08-01,Grayscale Bitcoin Trust ETF,Grayscale,BTC,1.5,34.603,-4.1892,215.84,3928700,2-3
1178,GBTC,0.065152,0.089317,90.23,2025-08-04,Grayscale Bitcoin Trust ETF,Grayscale,BTC,1.5,39.473,-4.1545,214.8,1129700,2-3
1179,GBTC,0.053539,0.089317,89.38,2025-08-05,Grayscale Bitcoin Trust ETF,Grayscale,BTC,1.5,39.473,-4.1609,215.34,1800100,2-3
1180,GBTC,0.079077,0.089317,90.68,2025-08-06,Grayscale Bitcoin Trust ETF,Grayscale,BTC,1.5,39.473,-4.1468,216.2,1442000,2-3
1181,GBTC,0.057055,0.089317,92.44,2025-08-07,Grayscale Bitcoin Trust ETF,Grayscale,BTC,1.5,39.473,-4.159,216.01,2173000,2-3
1182,GBTC,0.056314,0.338286,91.58,2025-08-08,Grayscale Bitcoin Trust ETF,Grayscale,BTC,1.5,44.759,-4.1594,212.88,1634600,2-3
1183,GBTC,0.092008,0.338286,93.59,2025-08-11,Grayscale Bitcoin Trust ETF,Grayscale,BTC,1.5,44.759,-4.1396,196.74,1514500,2-3
1184,GBTC,0.087147,0.575379,94.06,2025-08-12,Grayscale Bitcoin Trust ETF,Grayscale,BTC,1.5,49.793,-4.1423,187.31,1813100,2-4
1185,GBTC,0.077267,0.575379,96.6,2025-08-13,Grayscale Bitcoin Trust ETF,Grayscale,BTC,1.5,49.793,-4.1478,188.07,2671600,2-4
1186,GBTC,0.092755,0.575379,92.75,2025-08-14,Grayscale Bitcoin Trust ETF,Grayscale,BTC,1.5,49.793,-4.1392,191.33,3408000,2-4
1187,GBTC,0.123873,0.408745,91.9,2025-08-15,Grayscale Bitcoin Trust ETF,Grayscale,BTC,1.5,46.255,-4.1219,190.48,1233300,2-3
1188,GBTC,0.125718,0.211549,91.39,2025-08-18,Grayscale Bitcoin Trust ETF,Grayscale,BTC,1.5,42.068,-4.1209,182.04,1140400,2-3
1189,GBTC,0.159074,-0.123595,88.83,2025-08-19,Grayscale Bitcoin Trust ETF,Grayscale,BTC,1.5,34.952,-4.1024,186.5,3268200,3-3
1190,GBTC,0.137203,-0.006104,89.79,2025-08-20,Grayscale Bitcoin Trust ETF,Grayscale,BTC,1.5,37.447,-4.1145,184.85,1855900,2-3
1191,GBTC,0.194169,0.178865,88.1,2025-08-21,Grayscale Bitcoin Trust ETF,Grayscale,BTC,1.5,41.374,-4.083,180.9,1339400,3-3
1192,GBTC,0.253706,0.353415,91.73,2025-08-22,Grayscale Bitcoin Trust ETF,Grayscale,BTC,1.5,45.08,-4.05,183.64,2633000,3-3
1193,GBTC,0.315918,0.353415,87.02,2025-08-25,Grayscale Bitcoin Trust ETF,Grayscale,BTC,1.5,45.08,-4.0155,184.67,2290100,3-3
1194,GBTC,0.287875,0.353415,87.31,2025-08-26,Grayscale Bitcoin Trust ETF,Grayscale,BTC,1.5,45.08,-4.031,186.52,1801800,3-3
1195,GBTC,0.300781,0.127761,88.07,2025-08-27,Grayscale Bitcoin Trust ETF,Grayscale,BTC,1.5,40.289,-4.0239,184.23,1619800,3-3
1196,GBTC,0.293805,-0.079088,87.95,2025-08-28,Grayscale Bitcoin Trust ETF,Grayscale,BTC,1.5,35.897,-4.0277,180.94,1311500,3-3
1197,GBTC,0.352384,-0.375563,84.99,2025-08-29,Grayscale Bitcoin Trust ETF,Grayscale,BTC,1.5,29.603,-3.9953,183.02,2529100,3-2
1198,GBTC,0.357138,-0.375563,87.02,2025-09-02,Grayscale Bitcoin Trust ETF,Grayscale,BTC,1.5,29.603,-3.9926,177.14,2594800,3-2
1199,GBTC,0.344071,-0.604922,88.16,2025-09-03,Grayscale Bitcoin Trust ETF,Grayscale,BTC,1.5,24.733,-3.9999,177.85,1324500,3-2
1200,GBTC,0.380712,-0.604922,86.23,2025-09-04,Grayscale Bitcoin Trust ETF,Grayscale,BTC,1.5,24.733,-3.9796,176.8,1610600,3-2
1201,GBTC,0.371313,-0.604922,87.66,2025-09-05,Grayscale Bitcoin Trust ETF,Grayscale,BTC,1.5,24.733,-3.9848,179.88,2228700,3-2
1202,GBTC,0.350853,-0.51456,88.04,2025-09-08,Grayscale Bitcoin Trust ETF,Grayscale,BTC,1.5,26.652,-3.9961,175.51,1239200,3-2
1203,GBTC,0.342712,-0.641292,87.42,2025-09-09,Grayscale Bitcoin Trust ETF,Grayscale,BTC,1.5,23.961,-4.0006,176.68,1994200,3-2
1204,GBTC,0.333741,-0.641292,89.22,2025-09-10,Grayscale Bitcoin Trust ETF,Grayscale,BTC,1.5,23.961,-4.0056,177.44,1766700,3-2
1205,GBTC,0.343593,-0.826824,89.92,2025-09-11,Grayscale Bitcoin Trust ETF,Grayscale,BTC,1.5,20.022,-4.0002,176.01,1563100,3-1
1206,GBTC,0.344358,-0.826824,91.75,2025-09-12,Grayscale Bitcoin Trust ETF,Grayscale,BTC,1.5,20.022,-3.9997,172.83,2085400,3-1
1207,GBTC,0.320506,-0.826824,90.49,2025-09-15,Grayscale Bitcoin Trust ETF,Grayscale,BTC,1.5,20.022,-4.0129,167.81,2327000,3-1
1208,GBTC,0.317944,-0.933651,91.73,2025-09-16,Grayscale Bitcoin Trust ETF,Grayscale,BTC,1.5,17.754,-4.0144,171.1,1989500,3-1
1209,GBTC,0.307645,-0.687151,90.79,2025-09-17,Grayscale Bitcoin Trust ETF,Grayscale,BTC,1.5,22.987,-4.0201,184.39,4222800,3-1
1210,GBTC,0.297623,-0.687151,92.24,2025-09-18,Grayscale Bitcoin Trust ETF,Grayscale,BTC,1.5,22.987,-4.0256,180.99,2373100,3-1
1211,GBTC,0.32546,-0.854871,90.34,2025-09-19,Grayscale Bitcoin Trust ETF,Grayscale,BTC,1.5,19.426,-4.0102,180.34,1692900,3-1
1212,GBTC,0.328439,-1.077377,87.98,2025-09-22,Grayscale Bitcoin Trust ETF,Grayscale,BTC,1.5,14.702,-4.0085,182.19,1782000,3-1
1213,GBTC,0.274388,-1.063765,87.58,2025-09-23,Grayscale Bitcoin Trust ETF,Grayscale,BTC,1.5,14.991,-4.0385,177.93,1738200,3-1
1214,GBTC,0.215498,-1.063765,89.01,2025-09-24,Grayscale Bitcoin Trust ETF,Grayscale,BTC,1.5,14.991,-4.0711,174.6,1451400,3-1
1215,GBTC,0.25946,-1.063765,85.76,2025-09-25,Grayscale Bitcoin Trust ETF,Grayscale,BTC,1.5,14.991,-4.0468,181.39,3497200,3-1
1216,GBTC,0.2365,-0.864698,85.65,2025-09-26,Grayscale Bitcoin Trust ETF,Grayscale,BTC,1.5,19.218,-4.0595,184.28,2374700,3-1
1217,GBTC,0.297303,-0.864698,89.73,2025-09-29,Grayscale Bitcoin Trust ETF,Grayscale,BTC,1.5,19.218,-4.0258,192.67,3250300,3-1
1218,GBTC,0.232609,-0.644825,89.77,2025-09-30,Grayscale Bitcoin Trust ETF,Grayscale,BTC,1.5,23.886,-4.0617,191.06,2017700,3-2
1219,GBTC,0.228431,-0.644825,92.2,2025-10-01,Grayscale Bitcoin Trust ETF,Grayscale,BTC,1.5,23.886,-4.064,193.72,3054300,3-2
1220,GBTC,0.215167,-0.644825,94.93,2025-10-02,Grayscale Bitcoin Trust ETF,Grayscale,BTC,1.5,23.886,-4.0713,205.31,3792700,3-2
1221,GBTC,0.156822,-0.644825,96.36,2025-10-03,Grayscale Bitcoin Trust ETF,Grayscale,BTC,1.5,23.886,-4.1037,221.28,4922100,3-2
1222,GBTC,0.139999,-0.644825,98.43,2025-10-06,Grayscale Bitcoin Trust ETF,Grayscale,BTC,1.5,23.886,-4.113,232.61,4401800,2-2
1223,GBTC,0.14759,-0.735187,95.37,2025-10-07,Grayscale Bitcoin Trust ETF,Grayscale,BTC,1.5,21.967,-4.1088,254.55,5976700,2-1
1224,GBTC,0.143441,-0.548798,96.78,2025-10-08,Grayscale Bitcoin Trust ETF,Grayscale,BTC,1.5,25.925,-4.1111,268.16,4753000,2-2
1225,GBTC,0.099145,-0.543007,94.9,2025-10-09,Grayscale Bitcoin Trust ETF,Grayscale,BTC,1.5,26.048,-4.1356,284.04,5176300,2-2
1226,GBTC,0.094318,-0.531626,91.42,2025-10-10,Grayscale Bitcoin Trust ETF,Grayscale,BTC,1.5,26.289,-4.1383,315.89,8852200,2-2
1227,GBTC,0.044918,-0.531626,90.86,2025-10-13,Grayscale Bitcoin Trust ETF,Grayscale,BTC,1.5,26.289,-4.1657,331.18,5641100,2-2
1228,GBTC,0.030581,-0.531626,88.29,2025-10-14,Grayscale Bitcoin Trust ETF,Grayscale,BTC,1.5,26.289,-4.1736,355.6,8191700,2-2
1229,GBTC,0.004217,-0.237991,87.23,2025-10-15,Grayscale Bitcoin Trust ETF,Grayscale,BTC,1.5,32.524,-4.1882,367.45,4946000,2-2
1230,GBTC,0.010975,-0.484492,84.8,2025-10-16,Grayscale Bitcoin Trust ETF,Grayscale,BTC,1.5,27.29,-4.1845,383.99,8618100,2-2
1231,GBTC,-0.014494,-0.484492,83.46,2025-10-17,Grayscale Bitcoin Trust ETF,Grayscale,BTC,1.5,27.29,-4.1986,400.21,6703100,2-2
1232,GBTC,-0.043773,-0.484492,86.89,2025-10-20,Grayscale Bitcoin Trust ETF,Grayscale,BTC,1.5,27.29,-4.2148,414.89,5307000,2-2
1233,GBTC,-0.145436,-0.342076,87.64,2025-10-21,Grayscale Bitcoin Trust ETF,Grayscale,BTC,1.5,30.314,-4.2712,438.81,7522100,2-2
1234,GBTC,-0.131459,-0.537484,84.5,2025-10-22,Grayscale Bitcoin Trust ETF,Grayscale,BTC,1.5,26.165,-4.2634,466.19,8605800,2-2
1235,GBTC,-0.172651,-0.537484,86.42,2025-10-23,Grayscale Bitcoin Trust ETF,Grayscale,BTC,1.5,26.165,-4.2863,476.07,3895700,2-2
1236,GBTC,-0.25758,-0.314537,86.69,2025-10-24,Grayscale Bitcoin Trust ETF,Grayscale,BTC,1.5,30.898,-4.3333,473.73,2892700,2-2
1237,GBTC,-0.141498,-0.513604,90.09,2025-10-27,Grayscale Bitcoin Trust ETF,Grayscale,BTC,1.5,26.672,-4.269,475.36,2636800,2-2
1238,GBTC,-0.229647,-0.367926,89.02,2025-10-28,Grayscale Bitcoin Trust ETF,Grayscale,BTC,1.5,29.765,-4.3179,475.95,3415500,2-2
1239,GBTC,-0.203879,-0.587799,86.66,2025-10-29,Grayscale Bitcoin Trust ETF,Grayscale,BTC,1.5,25.097,-4.3036,502.64,8558100,2-2
1240,GBTC,-0.203882,-0.587799,83.34,2025-10-30,Grayscale Bitcoin Trust ETF,Grayscale,BTC,1.5,25.097,-4.3036,508.84,4942200,2-2
1241,GBTC,-0.200157,-0.587799,86.02,2025-10-31,Grayscale Bitcoin Trust ETF,Grayscale,BTC,1.5,25.097,-4.3015,509.22,4277600,2-2
1242,GBTC,-0.171634,-0.587799,83.5,2025-11-03,Grayscale Bitcoin Trust ETF,Grayscale,BTC,1.5,25.097,-4.2857,506.74,5057700,2-2
1243,GBTC,-0.152409,-0.587799,78.87,2025-11-04,Grayscale Bitcoin Trust ETF,Grayscale,BTC,1.5,25.097,-4.275,521.82,9507900,2-2
1244,GBTC,-0.105919,-0.302591,81.35,2025-11-05,Grayscale Bitcoin Trust ETF,Grayscale,BTC,1.5,31.152,-4.2493,506.61,3080500,2-2
1245,GBTC,-0.083599,-0.611216,78.98,2025-11-06,Grayscale Bitcoin Trust ETF,Grayscale,BTC,1.5,24.599,-4.2369,506.01,5665000,2-2
1246,GBTC,-0.048729,-0.238852,81.3,2025-11-07,Grayscale Bitcoin Trust ETF,Grayscale,BTC,1.5,32.505,-4.2176,497.09,3736100,2-2
1247,GBTC,-0.026647,-0.301795,83.05,2025-11-10,Grayscale Bitcoin Trust ETF,Grayscale,BTC,1.5,31.169,-4.2053,470.84,3107100,2-2
1248,GBTC,0.039438,-0.301795,80.47,2025-11-11,Grayscale Bitcoin Trust ETF,Grayscale,BTC,1.5,31.169,-4.1687,458.25,3084300,2-2
1249,GBTC,0.039773,-0.051504,79.49,2025-11-12,Grayscale Bitcoin Trust ETF,Grayscale,BTC,1.5,36.483,-4.1685,438.29,3826700,2-3
1250,GBTC,0.055484,-0.345139,76.68,2025-11-13,Grayscale Bitcoin Trust ETF,Grayscale,BTC,1.5,30.249,-4.1598,447.9,8256700,2-2
1251,GBTC,0.084938,-0.345139,73.78,2025-11-14,Grayscale Bitcoin Trust ETF,Grayscale,BTC,1.5,30.249,-4.1435,432.56,5539600,2-2
1252,GBTC,0.088076,-0.345139,71.84,2025-11-17,Grayscale Bitcoin Trust ETF,Grayscale,BTC,1.5,30.249,-4.1418,442.67,10742200,2-2
1253,GBTC,0.052852,0.003069,72.64,2025-11-18,Grayscale Bitcoin Trust ETF,Grayscale,BTC,1.5,37.642,-4.1613,446.14,7350500,2-3
1254,GBTC,0.078066,-0.139346,69.99,2025-11-19,Grayscale Bitcoin Trust ETF,Grayscale,BTC,1.5,34.618,-4.1473,444.04,8790200,2-3
1255,GBTC,0.074609,0.106237,67.56,2025-11-20,Grayscale Bitcoin Trust ETF,Grayscale,BTC,1.5,39.832,-4.1492,448.02,11999500,2-3
1256,GBTC,0.05318,0.106237,66.16,2025-11-21,Grayscale Bitcoin Trust ETF,Grayscale,BTC,1.5,39.832,-4.1611,469.53,11916600,2-3
1257,GBTC,0.113531,-0.116709,69.73,2025-11-24,Grayscale Bitcoin Trust ETF,Grayscale,BTC,1.5,35.099,-4.1277,477.07,5867100,2-3
1258,GBTC,0.059653,0.183017,68.36,2025-11-25,Grayscale Bitcoin Trust ETF,Grayscale,BTC,1.5,41.462,-4.1575,482.06,5009200,2-3
1259,GBTC,0.088869,0.037339,70.38,2025-11-26,Grayscale Bitcoin Trust ETF,Grayscale,BTC,1.5,38.369,-4.1413,482.21,4364500,2-3
1260,GBTC,0.088064,0.037339,71.01,2025-11-28,Grayscale Bitcoin Trust ETF,Grayscale,BTC,1.5,38.369,-4.1418,459.13,3619700,2-3
1261,GBTC,0.107153,0.037339,66.92,2025-12-01,Grayscale Bitcoin Trust ETF,Grayscale,BTC,1.5,38.369,-4.1312,460.89,6705300,2-3
1262,GBTC,0.141176,0.037339,71.25,2025-12-02,Grayscale Bitcoin Trust ETF,Grayscale,BTC,1.5,38.369,-4.1123,462.64,5680500,2-3
1263,GBTC,0.131684,0.037339,72.73,2025-12-03,Grayscale Bitcoin Trust ETF,Grayscale,BTC,1.5,38.369,-4.1176,461.77,5555500,2-3
1264,GBTC,0.101451,0.172757,72.38,2025-12-04,Grayscale Bitcoin Trust ETF,Grayscale,BTC,1.5,41.244,-4.1344,440.93,4314600,2-3
1265,GBTC,0.091061,-0.112451,69.9,2025-12-05,Grayscale Bitcoin Trust ETF,Grayscale,BTC,1.5,35.189,-4.1401,445.08,4831100,2-3
1266,GBTC,0.085088,0.107618,70.99,2025-12-08,Grayscale Bitcoin Trust ETF,Grayscale,BTC,1.5,39.861,-4.1434,437.28,3996900,2-3
1267,GBTC,0.072022,-0.204808,72.82,2025-12-09,Grayscale Bitcoin Trust ETF,Grayscale,BTC,1.5,33.228,-4.1507,440.05,4967800,2-3
1268,GBTC,0.037252,0.282908,72.35,2025-12-10,Grayscale Bitcoin Trust ETF,Grayscale,BTC,1.5,43.583,-4.1699,444.79,4943600,2-3
1269,GBTC,-0.020494,0.282908,71.79,2025-12-11,Grayscale Bitcoin Trust ETF,Grayscale,BTC,1.5,43.583,-4.2019,447.06,4119800,2-3
1270,GBTC,-0.014249,0.450418,70.58,2025-12-12,Grayscale Bitcoin Trust ETF,Grayscale,BTC,1.5,47.14,-4.1985,448.49,4737400,2-3
1271,GBTC,0.015291,0.450418,67.05,2025-12-15,Grayscale Bitcoin Trust ETF,Grayscale,BTC,1.5,47.14,-4.1821,440.98,7090200,2-3
1272,GBTC,0.001167,0.570627,68.49,2025-12-16,Grayscale Bitcoin Trust ETF,Grayscale,BTC,1.5,49.692,-4.1899,436.04,4453500,2-4
1273,GBTC,0.004231,0.683911,67.1,2025-12-17,Grayscale Bitcoin Trust ETF,Grayscale,BTC,1.5,52.097,-4.1882,423.8,7669500,2-4
1274,GBTC,0.008182,1.032395,66.11,2025-12-18,Grayscale Bitcoin Trust ETF,Grayscale,BTC,1.5,59.496,-4.186,424.0,8139700,2-4
1275,GBTC,0.026628,1.380065,68.84,2025-12-19,Grayscale Bitcoin Trust ETF,Grayscale,BTC,1.5,66.878,-4.1758,415.42,6320700,2-4
1276,GBTC,0.008263,1.16314,69.03,2025-12-22,Grayscale Bitcoin Trust ETF,Grayscale,BTC,1.5,62.272,-4.186,388.6,3585000,2-4
1277,GBTC,0.006944,1.16314,68.5,2025-12-23,Grayscale Bitcoin Trust ETF,Grayscale,BTC,1.5,62.272,-4.1867,366.19,4638300,2-4
1278,GBTC,-0.043795,1.307424,68.2,2025-12-24,Grayscale Bitcoin Trust ETF,Grayscale,BTC,1.5,65.335,-4.2149,351.59,1503500,2-4
1279,GBTC,-0.073578,1.082956,68.4,2025-12-26,Grayscale Bitcoin Trust ETF,Grayscale,BTC,1.5,60.569,-4.2314,348.96,4199700,2-4
1280,GBTC,-0.114713,1.247341,68.05,2025-12-29,Grayscale Bitcoin Trust ETF,Grayscale,BTC,1.5,64.06,-4.2542,342.03,2373500,2-4
1281,GBTC,-0.123516,1.247341,68.61,2025-12-30,Grayscale Bitcoin Trust ETF,Grayscale,BTC,1.5,64.06,-4.259,347.85,5528900,2-4
1282,GBTC,-0.209946,1.313524,68.36,2025-12-31,Grayscale Bitcoin Trust ETF,Grayscale,BTC,1.5,65.465,-4.3069,341.71,4676800,2-4
1283,GBTC,-0.288241,1.313524,70.14,2026-01-02,Grayscale Bitcoin Trust ETF,Grayscale,BTC,1.5,65.465,-4.3503,344.13,6496100,2-4
1284,GBTC,-0.241061,1.313524,73.61,2026-01-05,Grayscale Bitcoin Trust ETF,Grayscale,BTC,1.5,65.465,-4.3242,345.98,6015500,2-4
1285,GBTC,-0.213719,1.402885,72.2,2026-01-06,Grayscale Bitcoin Trust ETF,Grayscale,BTC,1.5,67.362,-4.309,349.24,5273700,2-4
1286,GBTC,-0.245431,1.402885,71.0,2026-01-07,Grayscale Bitcoin Trust ETF,Grayscale,BTC,1.5,67.362,-4.3266,345.96,3785500,2-4
1287,GBTC,-0.287794,1.182816,70.96,2026-01-08,Grayscale Bitcoin Trust ETF,Grayscale,BTC,1.5,62.69,-4.3501,343.47,3261300,2-4
1288,GBTC,-0.325785,1.325258,70.48,2026-01-09,Grayscale Bitcoin Trust ETF,Grayscale,BTC,1.5,65.714,-4.3711,338.68,3707900,2-4
1289,GBTC,-0.293002,1.202362,71.41,2026-01-12,Grayscale Bitcoin Trust ETF,Grayscale,BTC,1.5,63.105,-4.353,332.74,3262000,2-4
1290,GBTC,-0.236563,1.202362,73.78,2026-01-13,Grayscale Bitcoin Trust ETF,Grayscale,BTC,1.5,63.105,-4.3217,334.88,4616900,2-4
1291,GBTC,-0.216998,0.784561,76.31,2026-01-14,Grayscale Bitcoin Trust ETF,Grayscale,BTC,1.5,54.234,-4.3108,340.04,5802100,2-4
1292,GBTC,-0.239081,1.000198,74.33,2026-01-15,Grayscale Bitcoin Trust ETF,Grayscale,BTC,1.5,58.812,-4.3231,333.17,4454400,2-4
1293,GBTC,-0.286419,0.879988,74.58,2026-01-16,Grayscale Bitcoin Trust ETF,Grayscale,BTC,1.5,56.26,-4.3493,332.97,4034400,2-4
1294,GBTC,-0.135687,0.766705,69.89,2026-01-20,Grayscale Bitcoin Trust ETF,Grayscale,BTC,1.5,53.855,-4.2658,321.4,3886500,2-4
1295,GBTC,-0.145489,0.070011,70.34,2026-01-21,Grayscale Bitcoin Trust ETF,Grayscale,BTC,1.5,39.063,-4.2712,318.47,6775200,2-3
1296,GBTC,-0.180658,-0.087089,69.75,2026-01-22,Grayscale Bitcoin Trust ETF,Grayscale,BTC,1.5,35.727,-4.2907,306.94,2767300,2-3
1297,GBTC,-0.185541,0.080711,69.82,2026-01-23,Grayscale Bitcoin Trust ETF,Grayscale,BTC,1.5,39.29,-4.2934,305.87,3222900,2-3
1298,GBTC,-0.143692,0.080711,68.31,2026-01-26,Grayscale Bitcoin Trust ETF,Grayscale,BTC,1.5,39.29,-4.2702,303.31,3862000,2-3
1299,GBTC,-0.116527,0.221876,69.69,2026-01-27,Grayscale Bitcoin Trust ETF,Grayscale,BTC,1.5,42.287,-4.2552,309.96,3475900,2-3
1300,GBTC,-0.116941,0.146617,69.46,2026-01-28,Grayscale Bitcoin Trust ETF,Grayscale,BTC,1.5,40.689,-4.2554,312.72,4969400,2-3
1301,GBTC,-0.068719,-0.017768,65.53,2026-01-29,Grayscale Bitcoin Trust ETF,Grayscale,BTC,1.5,37.199,-4.2287,331.24,8401400,2-3
1302,GBTC,-0.078888,-0.017768,65.37,2026-01-30,Grayscale Bitcoin Trust ETF,Grayscale,BTC,1.5,37.199,-4.2343,333.92,6663200,2-3
1303,GBTC,-0.005024,-0.083951,60.82,2026-02-02,Grayscale Bitcoin Trust ETF,Grayscale,BTC,1.5,35.794,-4.1934,344.63,8956200,2-3
1304,GBTC,-0.023192,-0.083951,59.61,2026-02-03,Grayscale Bitcoin Trust ETF,Grayscale,BTC,1.5,35.794,-4.2034,360.34,13177700,2-3
1305,GBTC,-0.052571,0.090858,57.22,2026-02-04,Grayscale Bitcoin Trust ETF,Grayscale,BTC,1.5,39.506,-4.2197,371.37,11785900,2-3
1306,GBTC,0.010638,-0.133921,49.66,2026-02-05,Grayscale Bitcoin Trust ETF,Grayscale,BTC,1.5,34.733,-4.1847,396.17,18155800,2-3
1307,GBTC,0.133664,0.125237,54.63,2026-02-06,Grayscale Bitcoin Trust ETF,Grayscale,BTC,1.5,40.235,-4.1165,398.74,5904800,2-3
1308,GBTC,0.145189,0.709078,55.19,2026-02-09,Grayscale Bitcoin Trust ETF,Grayscale,BTC,1.5,52.631,-4.1101,406.23,7045700,2-4
1309,GBTC,0.182341,0.629866,53.63,2026-02-10,Grayscale Bitcoin Trust ETF,Grayscale,BTC,1.5,50.95,-4.0895,406.78,5087000,3-4
1310,GBTC,0.19623,0.265046,52.67,2026-02-11,Grayscale Bitcoin Trust ETF,Grayscale,BTC,1.5,43.204,-4.0818,405.59,3949400,3-3
1311,GBTC,0.230399,0.964052,50.95,2026-02-12,Grayscale Bitcoin Trust ETF,Grayscale,BTC,1.5,58.045,-4.0629,398.49,3758600,3-4
1312,GBTC,0.2699,0.964052,53.63,2026-02-13,Grayscale Bitcoin Trust ETF,Grayscale,BTC,1.5,58.045,-4.041,391.76,5620000,3-4
1313,GBTC,0.262083,0.926664,52.81,2026-02-17,Grayscale Bitcoin Trust ETF,Grayscale,BTC,1.5,57.251,-4.0453,388.13,4827700,3-4
1314,GBTC,0.317856,1.327079,51.64,2026-02-18,Grayscale Bitcoin Trust ETF,Grayscale,BTC,1.5,65.753,-4.0144,380.88,2878500,3-4
1315,GBTC,0.267988,1.52979,52.32,2026-02-19,Grayscale Bitcoin Trust ETF,Grayscale,BTC,1.5,70.056,-4.0421,373.42,2196000,3-4
1316,GBTC,0.276758,1.52979,52.81,2026-02-20,Grayscale Bitcoin Trust ETF,Grayscale,BTC,1.5,70.056,-4.0372,363.44,5054700,3-4
1317,GBTC,0.357525,1.339222,50.23,2026-02-23,Grayscale Bitcoin Trust ETF,Grayscale,BTC,1.5,66.01,-3.9924,363.68,3942600,3-4
1318,GBTC,0.35838,1.142763,50.27,2026-02-24,Grayscale Bitcoin Trust ETF,Grayscale,BTC,1.5,61.839,-3.992,358.55,2332000,3-4
1319,GBTC,0.462508,1.142763,53.94,2026-02-25,Grayscale Bitcoin Trust ETF,Grayscale,BTC,1.5,61.839,-3.9342,354.66,3376400,3-4
1320,GBTC,0.474443,1.209431,52.58,2026-02-26,Grayscale Bitcoin Trust ETF,Grayscale,BTC,1.5,63.255,-3.9276,353.25,4045100,3-4
1321,GBTC,0.517597,1.209431,51.13,2026-02-27,Grayscale Bitcoin Trust ETF,Grayscale,BTC,1.5,63.255,-3.9037,345.69,3645500,3-4
1322,GBTC,0.55159,1.209431,53.89,2026-03-02,Grayscale Bitcoin Trust ETF,Grayscale,BTC,1.5,63.255,-3.8849,330.75,4394400,3-4
1323,GBTC,0.567142,1.853372,53.18,2026-03-03,Grayscale Bitcoin Trust ETF,Grayscale,BTC,1.5,76.927,-3.8763,320.45,4123000,3-4
1324,GBTC,0.595921,1.853372,56.99,2026-03-04,Grayscale Bitcoin Trust ETF,Grayscale,BTC,1.5,76.927,-3.8603,308.42,5125100,3-4
1325,GBTC,0.61714,1.916644,55.53,2026-03-05,Grayscale Bitcoin Trust ETF,Grayscale,BTC,1.5,78.27,-3.8485,282.77,4447000,3-4
1326,GBTC,0.693395,1.741836,53.06,2026-03-06,Grayscale Bitcoin Trust ETF,Grayscale,BTC,1.5,74.559,-3.8063,256.59,2350200,3-4
1327,GBTC,0.672915,1.789734,53.79,2026-03-09,Grayscale Bitcoin Trust ETF,Grayscale,BTC,1.5,75.576,-3.8176,222.63,3502100,3-4
1328,GBTC,0.615127,1.530576,54.6,2026-03-10,Grayscale Bitcoin Trust ETF,Grayscale,BTC,1.5,70.073,-3.8497,217.66,3996700,3-4
1329,GBTC,0.620986,1.331772,55.05,2026-03-11,Grayscale Bitcoin Trust ETF,Grayscale,BTC,1.5,65.852,-3.8464,207.2,3073900,3-4
1330,GBTC,0.596503,1.274639,54.89,2026-03-12,Grayscale Bitcoin Trust ETF,Grayscale,BTC,1.5,64.639,-3.86,204.79,4048400,3-4
1331,GBTC,0.579971,1.274639,55.47,2026-03-13,Grayscale Bitcoin Trust ETF,Grayscale,BTC,1.5,64.639,-3.8691,213.91,7201600,3-4
1332,GBTC,0.584788,0.575633,57.64,2026-03-16,Grayscale Bitcoin Trust ETF,Grayscale,BTC,1.5,49.798,-3.8665,214.36,3487900,3-4
1333,GBTC,0.549453,0.768573,58.08,2026-03-17,Grayscale Bitcoin Trust ETF,Grayscale,BTC,1.5,53.895,-3.8861,208.21,2964600,3-4
1334,GBTC,0.607718,0.590324,55.34,2026-03-18,Grayscale Bitcoin Trust ETF,Grayscale,BTC,1.5,50.11,-3.8538,204.56,3220400,3-4
1335,GBTC,0.580273,0.18991,54.71,2026-03-19,Grayscale Bitcoin Trust ETF,Grayscale,BTC,1.5,41.609,-3.869,208.49,4227100,3-3
1336,GBTC,0.55011,0.235412,54.65,2026-03-20,Grayscale Bitcoin Trust ETF,Grayscale,BTC,1.5,42.575,-3.8857,210.89,3024300,3-3
1337,GBTC,0.547204,0.235412,55.02,2026-03-23,Grayscale Bitcoin Trust ETF,Grayscale,BTC,1.5,42.575,-3.8873,211.13,4943500,3-3
1338,GBTC,0.499673,0.235412,53.97,2026-03-24,Grayscale Bitcoin Trust ETF,Grayscale,BTC,1.5,42.575,-3.9136,211.6,3850800,3-3
1339,GBTC,0.534574,0.235412,55.18,2026-03-25,Grayscale Bitcoin Trust ETF,Grayscale,BTC,1.5,42.575,-3.8943,214.57,3254200,3-3
1340,GBTC,0.491324,0.235412,53.34,2026-03-26,Grayscale Bitcoin Trust ETF,Grayscale,BTC,1.5,42.575,-3.9183,212.54,2615800,3-3
1341,GBTC,0.524403,-0.116706,51.37,2026-03-27,Grayscale Bitcoin Trust ETF,Grayscale,BTC,1.5,35.099,-3.8999,210.22,3194000,3-3
1342,GBTC,0.493996,-0.116706,51.74,2026-03-30,Grayscale Bitcoin Trust ETF,Grayscale,BTC,1.5,35.099,-3.9168,208.27,2808500,3-3
1343,GBTC,0.449245,0.254024,52.76,2026-03-31,Grayscale Bitcoin Trust ETF,Grayscale,BTC,1.5,42.97,-3.9416,208.49,4578400,3-3
1344,GBTC,0.442672,-0.389917,53.05,2026-04-01,Grayscale Bitcoin Trust ETF,Grayscale,BTC,1.5,29.298,-3.9452,204.51,2556200,3-2
1345,GBTC,0.41204,-0.389917,52.15,2026-04-02,Grayscale Bitcoin Trust ETF,Grayscale,BTC,1.5,29.298,-3.9622,196.2,2253900,3-2
1346,GBTC,0.486402,-0.45319,54.26,2026-04-06,Grayscale Bitcoin Trust ETF,Grayscale,BTC,1.5,27.955,-3.921,190.11,2194200,3-2
1347,GBTC,0.398703,-0.45319,53.7,2026-04-07,Grayscale Bitcoin Trust ETF,Grayscale,BTC,1.5,27.955,-3.9696,189.2,1968000,3-2
1348,GBTC,0.463768,-0.501088,55.52,2026-04-08,Grayscale Bitcoin Trust ETF,Grayscale,BTC,1.5,26.938,-3.9335,186.16,2244000,3-2
1349,GBTC,0.478282,0.066136,56.11,2026-04-09,Grayscale Bitcoin Trust ETF,Grayscale,BTC,1.5,38.981,-3.9255,180.18,1649100,3-3
1350,GBTC,0.512901,-0.318901,57.04,2026-04-10,Grayscale Bitcoin Trust ETF,Grayscale,BTC,1.5,30.806,-3.9063,176.98,1788800,3-2
1351,GBTC,0.510832,-0.119033,57.09,2026-04-13,Grayscale Bitcoin Trust ETF,Grayscale,BTC,1.5,35.049,-3.9075,173.1,2463900,3-3
1352,GBTC,0.522663,-0.119033,57.81,2026-04-14,Grayscale Bitcoin Trust ETF,Grayscale,BTC,1.5,35.049,-3.9009,163.14,3292500,3-3
1353,GBTC,0.487815,0.090933,58.37,2026-04-15,Grayscale Bitcoin Trust ETF,Grayscale,BTC,1.5,39.507,-3.9202,159.59,2169600,3-3
1354,GBTC,0.485369,0.309623,58.64,2026-04-16,Grayscale Bitcoin Trust ETF,Grayscale,BTC,1.5,44.15,-3.9216,157.45,2168100,3-3
1355,GBTC,0.434867,0.309623,60.29,2026-04-17,Grayscale Bitcoin Trust ETF,Grayscale,BTC,1.5,44.15,-3.9496,160.54,4032100,3-3
1356,GBTC,0.456036,0.309623,59.37,2026-04-20,Grayscale Bitcoin Trust ETF,Grayscale,BTC,1.5,44.15,-3.9378,155.94,2270100,3-3
1357,GBTC,0.502753,0.523281,58.35,2026-04-21,Grayscale Bitcoin Trust ETF,Grayscale,BTC,1.5,48.687,-3.9119,153.38,1910000,3-4
1358,GBTC,0.573514,0.523281,61.37,2026-04-22,Grayscale Bitcoin Trust ETF,Grayscale,BTC,1.5,48.687,-3.8727,149.4,3069500,3-4
1359,GBTC,0.589289,0.523281,60.48,2026-04-23,Grayscale Bitcoin Trust ETF,Grayscale,BTC,1.5,48.687,-3.864,144.14,1610700,3-4
1360,GBTC,0.560146,0.700553,60.37,2026-04-24,Grayscale Bitcoin Trust ETF,Grayscale,BTC,1.5,52.45,-3.8801,140.25,1620200,3-4
1361,GBTC,0.522298,0.804115,59.77,2026-04-27,Grayscale Bitcoin Trust ETF,Grayscale,BTC,1.5,54.649,-3.9011,137.83,1484500,3-4
1362,GBTC,0.482484,0.804115,59.34,2026-04-28,Grayscale Bitcoin Trust ETF,Grayscale,BTC,1.5,54.649,-3.9232,133.5,1232500,3-4
1363,GBTC,0.497275,0.906868,58.68,2026-04-29,Grayscale Bitcoin Trust ETF,Grayscale,BTC,1.5,56.831,-3.915,132.06,1962000,3-4
1364,GBTC,0.517877,0.602633,59.4,2026-04-30,Grayscale Bitcoin Trust ETF,Grayscale,BTC,1.5,50.371,-3.9036,124.46,1379200,3-4
1365,GBTC,0.572879,0.602633,60.97,2026-05-01,Grayscale Bitcoin Trust ETF,Grayscale,BTC,1.5,50.371,-3.8731,123.38,1851600,3-4
1366,GBTC,0.568517,0.602633,62.23,2026-05-04,Grayscale Bitcoin Trust ETF,Grayscale,BTC,1.5,50.371,-3.8755,125.28,2529300,3-4
1367,GBTC,0.530048,0.602633,63.46,2026-05-05,Grayscale Bitcoin Trust ETF,Grayscale,BTC,1.5,50.371,-3.8968,124.29,1548800,3-4
1368,GBTC,0.509044,0.681252,63.3,2026-05-06,Grayscale Bitcoin Trust ETF,Grayscale,BTC,1.5,52.041,-3.9085,123.59,1438300,3-4
1369,GBTC,0.479528,0.681252,62.28,2026-05-07,Grayscale Bitcoin Trust ETF,Grayscale,BTC,1.5,52.041,-3.9248,122.16,1519300,3-4
1370,GBTC,0.444887,0.299029,62.31,2026-05-08,Grayscale Bitcoin Trust ETF,Grayscale,BTC,1.5,43.925,-3.944,121.42,1234800,3-3
1371,GBTC,0.481182,0.299029,63.67,2026-05-11,Grayscale Bitcoin Trust ETF,Grayscale,BTC,1.5,43.925,-3.9239,120.31,1236000,3-3
1372,GBTC,0.530096,0.027336,62.79,2026-05-12,Grayscale Bitcoin Trust ETF,Grayscale,BTC,1.5,38.157,-3.8968,117.57,1324100,3-3
1373,GBTC,0.567249,0.027336,61.84,2026-05-13,Grayscale Bitcoin Trust ETF,Grayscale,BTC,1.5,38.157,-3.8762,112.23,1263200,3-3
1374,GBTC,0.594432,-0.182631,63.27,2026-05-14,Grayscale Bitcoin Trust ETF,Grayscale,BTC,1.5,33.699,-3.8611,112.43,2068200,3-3
1375,GBTC,0.645805,-0.594261,61.44,2026-05-15,Grayscale Bitcoin Trust ETF,Grayscale,BTC,1.5,24.959,-3.8327,112.39,2057300,3-2
1376,GBTC,0.674142,-0.594261,59.66,2026-05-18,Grayscale Bitcoin Trust ETF,Grayscale,BTC,1.5,24.959,-3.817,106.96,2162900,3-2
1377,GBTC,0.650271,-0.372718,59.6,2026-05-19,Grayscale Bitcoin Trust ETF,Grayscale,BTC,1.5,29.663,-3.8302,103.2,935000,3-2
1378,GBTC,0.645973,-0.83459,60.29,2026-05-20,Grayscale Bitcoin Trust ETF,Grayscale,BTC,1.5,19.857,-3.8326,101.85,1378400,3-1
1379,GBTC,0.575475,-0.613234,60.27,2026-05-21,Grayscale Bitcoin Trust ETF,Grayscale,BTC,1.5,24.557,-3.8716,100.02,2490100,3-2
1380,GBTC,0.596513,-0.613234,58.85,2026-05-22,Grayscale Bitcoin Trust ETF,Grayscale,BTC,1.5,24.557,-3.86,100.39,1786700,3-2
1381,GBTC,0.594766,-0.438868,58.94,2026-05-26,Grayscale Bitcoin Trust ETF,Grayscale,BTC,1.5,28.259,-3.8609,101.72,2132900,3-2
1382,GBTC,0.60041,-0.542431,58.15,2026-05-27,Grayscale Bitcoin Trust ETF,Grayscale,BTC,1.5,26.06,-3.8578,102.31,1738500,3-2
1383,GBTC,0.611767,-0.542431,56.94,2026-05-28,Grayscale Bitcoin Trust ETF,Grayscale,BTC,1.5,26.06,-3.8515,105.91,2614400,3-2
1384,GBTC,0.588506,-0.392525,57.02,2026-05-29,Grayscale Bitcoin Trust ETF,Grayscale,BTC,1.5,29.243,-3.8644,106.69,2303400,3-2
1385,GBTC,0.595742,-0.459019,55.48,2026-06-01,Grayscale Bitcoin Trust ETF,Grayscale,BTC,1.5,27.831,-3.8604,110.22,2812300,3-2
1386,GBTC,0.628765,-0.459019,52.16,2026-06-02,Grayscale Bitcoin Trust ETF,Grayscale,BTC,1.5,27.831,-3.8421,113.1,3325500,3-2
1387,GBTC,0.663932,-0.459019,50.73,2026-06-03,Grayscale Bitcoin Trust ETF,Grayscale,BTC,1.5,27.831,-3.8226,110.53,2040000,3-2
1388,GBTC,0.660488,-0.459019,49.34,2026-06-04,Grayscale Bitcoin Trust ETF,Grayscale,BTC,1.5,27.831,-3.8245,112.99,3039000,3-2
1389,GBTC,0.699613,-0.537638,46.8,2026-06-05,Grayscale Bitcoin Trust ETF,Grayscale,BTC,1.5,26.162,-3.8028,121.99,5982500,3-2
1390,GBTC,0.741821,-0.537638,49.17,2026-06-08,Grayscale Bitcoin Trust ETF,Grayscale,BTC,1.5,26.162,-3.7794,124.12,2832700,3-2
1391,GBTC,0.772019,-0.722639,48.14,2026-06-09,Grayscale Bitcoin Trust ETF,Grayscale,BTC,1.5,22.234,-3.7627,127.48,3067500,3-1
1392,GBTC,0.714473,-0.617566,48.02,2026-06-10,Grayscale Bitcoin Trust ETF,Grayscale,BTC,1.5,24.465,-3.7946,130.5,2957000,3-2
1393,GBTC,0.71744,-0.617566,49.32,2026-06-11,Grayscale Bitcoin Trust ETF,Grayscale,BTC,1.5,24.465,-3.793,133.6,3005900,3-2
1394,GBTC,0.671782,-0.595074,49.34,2026-06-12,Grayscale Bitcoin Trust ETF,Grayscale,BTC,1.5,24.942,-3.8183,135.1,2221700,3-2
1395,GBTC,0.736918,-0.595074,51.65,2026-06-15,Grayscale Bitcoin Trust ETF,Grayscale,BTC,1.5,24.942,-3.7822,133.7,1962900,3-2
1396,GBTC,0.732582,-0.595074,50.91,2026-06-16,Grayscale Bitcoin Trust ETF,Grayscale,BTC,1.5,24.942,-3.7846,130.9,1330400,3-2
1397,GBTC,0.737354,-0.464722,49.85,2026-06-17,Grayscale Bitcoin Trust ETF,Grayscale,BTC,1.5,27.71,-3.7819,128.78,1695800,3-2
1398,GBTC,0.777669,-0.686265,48.8,2026-06-18,Grayscale Bitcoin Trust ETF,Grayscale,BTC,1.5,23.006,-3.7596,131.17,2167700,3-1
1399,GBTC,0.824704,-0.686265,49.96,2026-06-22,Grayscale Bitcoin Trust ETF,Grayscale,BTC,1.5,23.006,-3.7335,130.28,1290100,3-1
1400,GBTC,0.9168,-0.90762,48.35,2026-06-23,Grayscale Bitcoin Trust ETF,Grayscale,BTC,1.5,18.306,-3.6825,126.34,1394100,4-1
1401,GBTC,0.929868,-0.90762,46.41,2026-06-24,Grayscale Bitcoin Trust ETF,Grayscale,BTC,1.5,18.306,-3.6752,127.83,2940100,4-1
1402,GBTC,0.941985,-0.938498,45.9,2026-06-25,Grayscale Bitcoin Trust ETF,Grayscale,BTC,1.5,17.651,-3.6685,128.32,2961600,4-1
1403,GBTC,0.935189,-0.534931,46.28,2026-06-26,Grayscale Bitcoin Trust ETF,Grayscale,BTC,1.5,26.219,-3.6723,127.66,1883600,4-2
1404,GBTC,0.929051,0.007257,46.77,2026-06-29,Grayscale Bitcoin Trust ETF,Grayscale,BTC,1.5,37.731,-3.6757,125.28,2116300,4-3
1405,GBTC,0.983993,-0.245402,45.52,2026-06-30,Grayscale Bitcoin Trust ETF,Grayscale,BTC,1.5,32.366,-3.6452,122.91,1789600,4-2
1406,GBTC,0.995864,-0.245402,46.5,2026-07-01,Grayscale Bitcoin Trust ETF,Grayscale,BTC,1.5,32.366,-3.6386,119.56,1846800,4-2
1407,GBTC,0.988429,-0.245402,47.64,2026-07-02,Grayscale Bitcoin Trust ETF,Grayscale,BTC,1.5,32.366,-3.6428,115.02,1639100,4-2
1408,GBTC,1.008345,-0.169214,49.4,2026-07-06,Grayscale Bitcoin Trust ETF,Grayscale,BTC,1.5,33.984,-3.6317,114.51,1875000,4-3
1409,GBTC,0.9813,-0.020389,49.46,2026-07-07,Grayscale Bitcoin Trust ETF,Grayscale,BTC,1.5,37.144,-3.6467,110.42,1295900,4-3
1410,GBTC,1.011187,-0.020389,48.24,2026-07-08,Grayscale Bitcoin Trust ETF,Grayscale,BTC,1.5,37.144,-3.6302,100.27,1388300,4-3
1411,GBTC,1.000413,-0.020389,49.0,2026-07-09,Grayscale Bitcoin Trust ETF,Grayscale,BTC,1.5,37.144,-3.6361,96.23,1109700,4-3
1412,GBTC,1.008332,-0.020389,49.56,2026-07-10,Grayscale Bitcoin Trust ETF,Grayscale,BTC,1.5,37.144,-3.6317,92.01,1190100,4-3
1413,GBTC,1.053446,-0.125463,48.22,2026-07-13,Grayscale Bitcoin Trust ETF,Grayscale,BTC,1.5,34.913,-3.6067,89.48,1844700,4-3
1414,GBTC,1.072973,-0.125463,50.03,2026-07-14,Grayscale Bitcoin Trust ETF,Grayscale,BTC,1.5,34.913,-3.5959,88.06,2366500,4-3
1415,GBTC,1.085567,-0.147954,50.34,2026-07-15,Grayscale Bitcoin Trust ETF,Grayscale,BTC,1.5,34.435,-3.5889,86.11,1363900,4-3
1416,GBTC,1.057699,-0.147954,49.78,2026-07-16,Grayscale Bitcoin Trust ETF,Grayscale,BTC,1.5,34.435,-3.6044,83.31,856900,4-3
1417,GBTC,1.02787,-0.147954,49.71,2026-07-17,Grayscale Bitcoin Trust ETF,Grayscale,BTC,1.5,34.435,-3.6209,83.81,1571800,4-3
1418,GBTC,1.014015,-0.278306,50.45,2026-07-20,Grayscale Bitcoin Trust ETF,Grayscale,BTC,1.5,31.668,-3.6286,84.16,1821500,4-2
1419,GBTC,1.033254,-0.278306,51.49,2026-07-21,Grayscale Bitcoin Trust ETF,Grayscale,BTC,1.5,31.668,-3.6179,82.12,1223100,4-2
1420,GBTC,0.997593,-0.278306,51.08,2026-07-22,Grayscale Bitcoin Trust ETF,Grayscale,BTC,1.5,31.668,-3.6377,81.78,1123600,4-2
1421,GBTC,0.968919,-0.278306,50.19,2026-07-23,Grayscale Bitcoin Trust ETF,Grayscale,BTC,1.5,31.668,-3.6536,81.26,1121800,4-2
1422,GBTC,0.943463,-0.278306,49.72,2026-07-24,Grayscale Bitcoin Trust ETF,Grayscale,BTC,1.5,31.668,-3.6677,77.72,1252500,4-2
1423,GBTC,0.961215,-0.599066,50.28,2026-07-27,Grayscale Bitcoin Trust ETF,Grayscale,BTC,1.5,24.857,-3.6578,74.14,1206000,4-2
1424,GBTC,1.006348,-1.002633,49.44,2026-07-28,Grayscale Bitcoin Trust ETF,Grayscale,BTC,1.5,16.289,-3.6328,72.17,925200,4-1
1425,GBTC,0.998248,-1.544821,49.2,2026-07-29,Grayscale Bitcoin Trust ETF,Grayscale,BTC,1.5,4.777,-3.6373,71.58,1762700,4-1
1426,GBTC,0.985196,-1.544821,50.16,2026-07-30,Grayscale Bitcoin Trust ETF,Grayscale,BTC,1.5,4.777,-3.6446,71.35,1525200,4-1
1427,GBTC,0.975035,-1.544821,48.73,2026-07-31,Grayscale Bitcoin Trust ETF,Grayscale,BTC,1.5,4.777,-3.6502,74.63,3179000,4-1
1428,GBTC,0.942354,-1.159024,49.43,2026-08-03,Grayscale Bitcoin Trust ETF,Grayscale,BTC,1.5,12.969,-3.6683,76.66,2440800,4-1
1429,GBTC,0.890972,-1.235211,49.73,2026-08-04,Grayscale Bitcoin Trust ETF,Grayscale,BTC,1.5,11.351,-3.6968,74.98,1152300,4-1
1430,GBTC,0.911646,-1.369492,50.19,2026-08-05,Grayscale Bitcoin Trust ETF,Grayscale,BTC,1.5,8.5,-3.6853,75.25,1392000,4-1
1431,GBTC,0.863228,-1.15372,49.88,2026-08-06,Grayscale Bitcoin Trust ETF,Grayscale,BTC,1.5,13.081,-3.7122,74.67,1096900,3-1
1432,GBTC,0.834331,-1.15372,50.3,2026-08-07,Grayscale Bitcoin Trust ETF,Grayscale,BTC,1.5,13.081,-3.7282,74.93,1191000,3-1
1433,GBTC,0.820128,-1.15372,49.53,2026-08-10,Grayscale Bitcoin Trust ETF,Grayscale,BTC,1.5,13.081,-3.736,78.14,2550200,3-1
1434,GBTC,0.783045,-1.15372,49.13,2026-08-11,Grayscale Bitcoin Trust ETF,Grayscale,BTC,1.5,13.081,-3.7566,76.88,1270500,3-1
1435,GBTC,0.718504,-0.925986,49.04,2026-08-12,Grayscale Bitcoin Trust ETF,Grayscale,BTC,1.5,17.916,-3.7924,75.51,1830200,3-1
1436,GBTC,0.698039,-0.786478,49.05,2026-08-13,Grayscale Bitcoin Trust ETF,Grayscale,BTC,1.5,20.878,-3.8037,75.9,1567500,3-1
1437,GBTC,0.682783,-0.786478,48.68,2026-08-14,Grayscale Bitcoin Trust ETF,Grayscale,BTC,1.5,20.878,-3.8122,75.69,783100,3-1
1438,GBTC,0.723678,-0.786478,49.75,2026-08-17,Grayscale Bitcoin Trust ETF,Grayscale,BTC,1.5,20.878,-3.7895,77.38,2283400,3-1
1439,GBTC,0.701721,-0.786478,50.0,2026-08-18,Grayscale Bitcoin Trust ETF,Grayscale,BTC,1.5,20.878,-3.8017,76.58,1505600,3-1
1440,GBTC,0.670666,-0.786478,53.0,2026-08-19,Grayscale Bitcoin Trust ETF,Grayscale,BTC,1.5,20.878,-3.8189,87.8,5633000,3-1
1441,GBTC,0.706266,-0.786478,56.28,2026-08-20,Grayscale Bitcoin Trust ETF,Grayscale,BTC,1.5,20.878,-3.7991,95.02,3712300,3-1
1442,GBTC,0.693099,-0.786478,59.63,2026-08-21,Grayscale Bitcoin Trust ETF,Grayscale,BTC,1.5,20.878,-3.8064,103.07,3778449,3-1
1443,ARKB,1.283638,0.297398,20.9233,2024-09-20,ARK 21Shares Bitcoin ETF,ARK / 21Shares,BTC,0.21,43.891,-3.4792,81.98,2092200,4-3
1444,ARKB,1.263576,0.297398,21.0833,2024-09-23,ARK 21Shares Bitcoin ETF,ARK / 21Shares,BTC,0.21,43.891,-3.4903,81.97,2321100,4-3
1445,ARKB,1.274041,0.43275,21.4233,2024-09-24,ARK 21Shares Bitcoin ETF,ARK / 21Shares,BTC,0.21,46.765,-3.4845,75.16,1906800,4-3
1446,ARKB,1.346851,0.593083,21.0467,2024-09-25,ARK 21Shares Bitcoin ETF,ARK / 21Shares,BTC,0.21,50.169,-3.4441,72.98,1117200,4-4
1447,ARKB,1.328786,0.593083,21.5633,2024-09-26,ARK 21Shares Bitcoin ETF,ARK / 21Shares,BTC,0.21,50.169,-3.4541,76.42,5789700,4-4
1448,ARKB,1.285136,0.593083,21.8867,2024-09-27,ARK 21Shares Bitcoin ETF,ARK / 21Shares,BTC,0.21,50.169,-3.4783,77.58,5879400,4-4
1449,ARKB,1.338149,0.593083,21.1567,2024-09-30,ARK 21Shares Bitcoin ETF,ARK / 21Shares,BTC,0.21,50.169,-3.4489,73.95,2991600,4-4
1450,ARKB,1.354577,0.593083,20.5633,2024-10-01,ARK 21Shares Bitcoin ETF,ARK / 21Shares,BTC,0.21,50.169,-3.4398,74.15,5548200,4-4
1451,ARKB,1.362125,0.283619,20.0433,2024-10-02,ARK 21Shares Bitcoin ETF,ARK / 21Shares,BTC,0.21,43.598,-3.4357,75.71,4041000,4-3
1452,ARKB,1.387233,0.446447,20.3233,2024-10-03,ARK 21Shares Bitcoin ETF,ARK / 21Shares,BTC,0.21,47.055,-3.4217,73.57,2630400,4-3
1453,ARKB,1.380345,0.382869,20.7933,2024-10-04,ARK 21Shares Bitcoin ETF,ARK / 21Shares,BTC,0.21,45.705,-3.4256,72.76,2407500,4-3
1454,ARKB,1.362607,0.382869,21.1233,2024-10-07,ARK 21Shares Bitcoin ETF,ARK / 21Shares,BTC,0.21,45.705,-3.4354,70.59,2791800,4-3
1455,ARKB,1.32874,0.012914,20.7267,2024-10-08,ARK 21Shares Bitcoin ETF,ARK / 21Shares,BTC,0.21,37.851,-3.4542,68.58,3163800,4-3
1456,ARKB,1.337261,0.012914,20.3033,2024-10-09,ARK 21Shares Bitcoin ETF,ARK / 21Shares,BTC,0.21,37.851,-3.4494,68.88,1816800,4-3
1457,ARKB,1.369509,-0.36718,19.8733,2024-10-10,ARK 21Shares Bitcoin ETF,ARK / 21Shares,BTC,0.21,29.781,-3.4316,67.26,2799300,4-2
1458,ARKB,1.382529,-0.36718,21.0267,2024-10-11,ARK 21Shares Bitcoin ETF,ARK / 21Shares,BTC,0.21,29.781,-3.4243,71.01,5747100,4-2
1459,ARKB,1.387635,-0.36718,21.96,2024-10-14,ARK 21Shares Bitcoin ETF,ARK / 21Shares,BTC,0.21,29.781,-3.4215,73.78,7416000,4-2
1460,ARKB,1.326855,-0.153679,22.3267,2024-10-15,ARK 21Shares Bitcoin ETF,ARK / 21Shares,BTC,0.21,34.314,-3.4552,79.43,7316400,4-3
1461,ARKB,1.316751,-0.153679,22.5733,2024-10-16,ARK 21Shares Bitcoin ETF,ARK / 21Shares,BTC,0.21,34.314,-3.4608,76.4,2829300,4-3
1462,ARKB,1.337379,-0.89207,22.2633,2024-10-17,ARK 21Shares Bitcoin ETF,ARK / 21Shares,BTC,0.21,18.636,-3.4494,76.54,2756400,4-1
1463,ARKB,1.246336,-0.89207,22.87,2024-10-18,ARK 21Shares Bitcoin ETF,ARK / 21Shares,BTC,0.21,18.636,-3.4998,78.35,3651900,4-1
1464,ARKB,1.248943,-1.01003,22.56,2024-10-21,ARK 21Shares Bitcoin ETF,ARK / 21Shares,BTC,0.21,16.132,-3.4984,79.84,3329100,4-1
1465,ARKB,1.239124,-0.825916,22.46,2024-10-22,ARK 21Shares Bitcoin ETF,ARK / 21Shares,BTC,0.21,20.041,-3.5038,80.42,2722200,4-1
1466,ARKB,1.21861,-0.961268,22.1,2024-10-23,ARK 21Shares Bitcoin ETF,ARK / 21Shares,BTC,0.21,17.167,-3.5152,81.95,3300300,4-1
1467,ARKB,1.197498,-1.209391,22.73,2024-10-24,ARK 21Shares Bitcoin ETF,ARK / 21Shares,BTC,0.21,11.899,-3.5269,83.12,2117700,4-1
1468,ARKB,1.190492,-1.077798,22.2233,2024-10-25,ARK 21Shares Bitcoin ETF,ARK / 21Shares,BTC,0.21,14.693,-3.5308,84.92,7313400,4-1
1469,ARKB,1.240894,-1.077798,23.1967,2024-10-28,ARK 21Shares Bitcoin ETF,ARK / 21Shares,BTC,0.21,14.693,-3.5028,82.67,3508800,4-1
1470,ARKB,1.211146,-1.077798,24.1633,2024-10-29,ARK 21Shares Bitcoin ETF,ARK / 21Shares,BTC,0.21,14.693,-3.5193,86.35,5822400,4-1
1471,ARKB,1.201041,-0.916234,23.91,2024-10-30,ARK 21Shares Bitcoin ETF,ARK / 21Shares,BTC,0.21,18.123,-3.5249,83.91,2624700,4-1
1472,ARKB,1.184258,-0.916234,23.2867,2024-10-31,ARK 21Shares Bitcoin ETF,ARK / 21Shares,BTC,0.21,18.123,-3.5342,86.91,6186600,4-1
1473,ARKB,1.162451,-0.80372,23.0267,2024-11-01,ARK 21Shares Bitcoin ETF,ARK / 21Shares,BTC,0.21,20.512,-3.5463,90.24,5354400,4-1
1474,ARKB,1.131688,-0.80372,22.38,2024-11-04,ARK 21Shares Bitcoin ETF,ARK / 21Shares,BTC,0.21,20.512,-3.5634,93.83,5609100,4-1
1475,ARKB,1.133113,-0.80372,23.1133,2024-11-05,ARK 21Shares Bitcoin ETF,ARK / 21Shares,BTC,0.21,20.512,-3.5626,96.56,5027700,4-1
1476,ARKB,1.146617,-0.80372,25.3633,2024-11-06,ARK 21Shares Bitcoin ETF,ARK / 21Shares,BTC,0.21,20.512,-3.5551,104.8,9414600,4-1
1477,ARKB,1.07425,-0.491175,25.4833,2024-11-07,ARK 21Shares Bitcoin ETF,ARK / 21Shares,BTC,0.21,27.148,-3.5952,108.22,4266000,4-2
1478,ARKB,1.021724,-0.423668,25.5867,2024-11-08,ARK 21Shares Bitcoin ETF,ARK / 21Shares,BTC,0.21,28.581,-3.6243,110.52,4056000,4-2
1479,ARKB,1.024408,-0.423668,28.9767,2024-11-11,ARK 21Shares Bitcoin ETF,ARK / 21Shares,BTC,0.21,28.581,-3.6228,117.01,8872500,4-2
1480,ARKB,1.007324,-0.423668,29.8533,2024-11-12,ARK 21Shares Bitcoin ETF,ARK / 21Shares,BTC,0.21,28.581,-3.6323,118.19,6288900,4-2
1481,ARKB,0.991,-0.63717,29.8567,2024-11-13,ARK 21Shares Bitcoin ETF,ARK / 21Shares,BTC,0.21,24.048,-3.6413,123.32,9077700,4-2
1482,ARKB,0.97416,-0.63717,29.0933,2024-11-14,ARK 21Shares Bitcoin ETF,ARK / 21Shares,BTC,0.21,24.048,-3.6507,137.88,12705000,4-2
1483,ARKB,0.994846,0.223982,30.5,2024-11-15,ARK 21Shares Bitcoin ETF,ARK / 21Shares,BTC,0.21,42.332,-3.6392,141.36,4411800,4-3
1484,ARKB,0.940801,0.223982,30.5033,2024-11-18,ARK 21Shares Bitcoin ETF,ARK / 21Shares,BTC,0.21,42.332,-3.6692,144.8,5103900,4-3
1485,ARKB,0.918909,0.223982,30.8133,2024-11-19,ARK 21Shares Bitcoin ETF,ARK / 21Shares,BTC,0.21,42.332,-3.6813,149.56,5679000,4-3
1486,ARKB,0.928271,0.039868,31.4333,2024-11-20,ARK 21Shares Bitcoin ETF,ARK / 21Shares,BTC,0.21,38.423,-3.6761,154.22,5060700,4-3
1487,ARKB,0.91935,0.039868,32.7033,2024-11-21,ARK 21Shares Bitcoin ETF,ARK / 21Shares,BTC,0.21,38.423,-3.6811,161.75,7065000,4-3
1488,ARKB,0.814372,0.140959,32.9933,2024-11-22,ARK 21Shares Bitcoin ETF,ARK / 21Shares,BTC,0.21,40.569,-3.7392,171.42,7611600,3-3
1489,ARKB,0.822575,0.009366,31.5667,2024-11-25,ARK 21Shares Bitcoin ETF,ARK / 21Shares,BTC,0.21,37.775,-3.7347,175.44,7823700,3-3
1490,ARKB,0.768299,0.009366,30.2533,2024-11-26,ARK 21Shares Bitcoin ETF,ARK / 21Shares,BTC,0.21,37.775,-3.7648,179.12,5245500,3-3
1491,ARKB,0.777132,0.009366,32.2067,2024-11-27,ARK 21Shares Bitcoin ETF,ARK / 21Shares,BTC,0.21,37.775,-3.7599,181.42,5867100,3-3
1492,ARKB,0.747182,-0.152198,32.3233,2024-11-29,ARK 21Shares Bitcoin ETF,ARK / 21Shares,BTC,0.21,34.345,-3.7765,183.97,3602400,3-3
1493,ARKB,0.724118,-0.152198,31.88,2024-12-02,ARK 21Shares Bitcoin ETF,ARK / 21Shares,BTC,0.21,34.345,-3.7893,185.19,5318400,3-3
1494,ARKB,0.706096,-0.245493,31.8267,2024-12-03,ARK 21Shares Bitcoin ETF,ARK / 21Shares,BTC,0.21,32.364,-3.7992,185.22,3896700,3-2
1495,ARKB,0.704176,-0.245493,32.9567,2024-12-04,ARK 21Shares Bitcoin ETF,ARK / 21Shares,BTC,0.21,32.364,-3.8003,186.84,4839300,3-2
1496,ARKB,0.636905,-0.245493,32.9867,2024-12-05,ARK 21Shares Bitcoin ETF,ARK / 21Shares,BTC,0.21,32.364,-3.8376,192.58,7179900,3-2
1497,ARKB,0.560362,0.261136,33.825,2024-12-06,ARK 21Shares Bitcoin ETF,ARK / 21Shares,BTC,0.21,43.121,-3.88,192.6,7067700,3-3
1498,ARKB,0.638319,-0.051409,32.0267,2024-12-09,ARK 21Shares Bitcoin ETF,ARK / 21Shares,BTC,0.21,36.485,-3.8368,195.23,5122800,3-3
1499,ARKB,0.634705,-0.118917,32.1233,2024-12-10,ARK 21Shares Bitcoin ETF,ARK / 21Shares,BTC,0.21,35.052,-3.8388,196.05,3764400,3-3
1500,ARKB,0.593086,-0.118917,33.8333,2024-12-11,ARK 21Shares Bitcoin ETF,ARK / 21Shares,BTC,0.21,35.052,-3.8619,191.37,4695000,3-3
1501,ARKB,0.586317,0.215464,33.34,2024-12-12,ARK 21Shares Bitcoin ETF,ARK / 21Shares,BTC,0.21,42.151,-3.8656,187.65,3289500,3-3
1502,ARKB,0.620435,0.598435,33.85,2024-12-13,ARK 21Shares Bitcoin ETF,ARK / 21Shares,BTC,0.21,50.282,-3.8467,180.4,3510600,3-4
1503,ARKB,0.655183,0.598435,35.2333,2024-12-16,ARK 21Shares Bitcoin ETF,ARK / 21Shares,BTC,0.21,50.282,-3.8275,172.08,5529600,3-4
1504,ARKB,0.574349,-0.051394,35.51,2024-12-17,ARK 21Shares Bitcoin ETF,ARK / 21Shares,BTC,0.21,36.485,-3.8723,174.01,4930500,3-3
1505,ARKB,0.681002,-0.051394,33.44,2024-12-18,ARK 21Shares Bitcoin ETF,ARK / 21Shares,BTC,0.21,36.485,-3.8132,173.55,4363800,3-3
1506,ARKB,0.744018,-0.051394,32.0567,2024-12-19,ARK 21Shares Bitcoin ETF,ARK / 21Shares,BTC,0.21,36.485,-3.7782,171.34,4015800,3-3
1507,ARKB,0.718352,-0.051394,32.1,2024-12-20,ARK 21Shares Bitcoin ETF,ARK / 21Shares,BTC,0.21,36.485,-3.7925,168.93,3374400,3-3
1508,ARKB,0.760312,-0.051394,30.9567,2024-12-23,ARK 21Shares Bitcoin ETF,ARK / 21Shares,BTC,0.21,36.485,-3.7692,162.75,3275100,3-3
1509,ARKB,0.893438,-0.152485,32.9233,2024-12-24,ARK 21Shares Bitcoin ETF,ARK / 21Shares,BTC,0.21,34.339,-3.6954,155.0,2685000,4-3
1510,ARKB,0.932747,-0.152485,31.79,2024-12-26,ARK 21Shares Bitcoin ETF,ARK / 21Shares,BTC,0.21,34.339,-3.6736,147.45,2776800,4-3
1511,ARKB,0.897279,-0.091194,31.4267,2024-12-27,ARK 21Shares Bitcoin ETF,ARK / 21Shares,BTC,0.21,35.64,-3.6933,147.63,5169900,4-3
1512,ARKB,0.836654,-0.091194,31.3667,2024-12-30,ARK 21Shares Bitcoin ETF,ARK / 21Shares,BTC,0.21,35.64,-3.7269,144.99,4259700,3-3
1513,ARKB,0.847871,-0.091194,31.09,2024-12-31,ARK 21Shares Bitcoin ETF,ARK / 21Shares,BTC,0.21,35.64,-3.7207,144.25,3244200,3-3
1514,ARKB,0.886152,-0.091194,32.4233,2025-01-02,ARK 21Shares Bitcoin ETF,ARK / 21Shares,BTC,0.21,35.64,-3.6995,143.28,4601100,4-3
1515,ARKB,0.897469,-0.27324,32.7467,2025-01-03,ARK 21Shares Bitcoin ETF,ARK / 21Shares,BTC,0.21,31.775,-3.6932,143.71,4065600,4-2
1516,ARKB,0.909374,-0.27324,34.0267,2025-01-06,ARK 21Shares Bitcoin ETF,ARK / 21Shares,BTC,0.21,31.775,-3.6866,142.55,3969000,4-2
1517,ARKB,0.959892,-0.27324,32.0633,2025-01-07,ARK 21Shares Bitcoin ETF,ARK / 21Shares,BTC,0.21,31.775,-3.6586,140.97,6356100,4-2
1518,ARKB,0.99513,-0.779869,31.25,2025-01-08,ARK 21Shares Bitcoin ETF,ARK / 21Shares,BTC,0.21,21.019,-3.6391,133.45,2593800,4-1
1519,ARKB,0.956972,-0.004237,31.53,2025-01-10,ARK 21Shares Bitcoin ETF,ARK / 21Shares,BTC,0.21,37.487,-3.6602,129.73,2724600,4-3
1520,ARKB,0.973668,-0.004237,31.1533,2025-01-13,ARK 21Shares Bitcoin ETF,ARK / 21Shares,BTC,0.21,37.487,-3.6509,128.59,3115800,4-3
1521,ARKB,1.004854,-0.004237,32.1,2025-01-14,ARK 21Shares Bitcoin ETF,ARK / 21Shares,BTC,0.21,37.487,-3.6337,123.79,1803900,4-3
1522,ARKB,1.027472,-0.338617,33.1333,2025-01-15,ARK 21Shares Bitcoin ETF,ARK / 21Shares,BTC,0.21,30.387,-3.6211,124.01,3453600,4-2
1523,ARKB,1.023549,-0.435385,33.4167,2025-01-16,ARK 21Shares Bitcoin ETF,ARK / 21Shares,BTC,0.21,28.333,-3.6233,122.3,2482200,4-2
1524,ARKB,1.035923,-0.435385,34.8733,2025-01-17,ARK 21Shares Bitcoin ETF,ARK / 21Shares,BTC,0.21,28.333,-3.6164,120.15,4290600,4-2
1525,ARKB,1.043701,-0.128193,35.36,2025-01-21,ARK 21Shares Bitcoin ETF,ARK / 21Shares,BTC,0.21,34.855,-3.6121,118.74,4110900,4-3
1526,ARKB,1.018646,0.060048,34.7167,2025-01-22,ARK 21Shares Bitcoin ETF,ARK / 21Shares,BTC,0.21,38.851,-3.626,115.28,2114100,4-3
1527,ARKB,0.972131,0.245281,34.3833,2025-01-23,ARK 21Shares Bitcoin ETF,ARK / 21Shares,BTC,0.21,42.784,-3.6518,120.13,6705900,4-3
1528,ARKB,0.996447,0.377364,34.9133,2025-01-24,ARK 21Shares Bitcoin ETF,ARK / 21Shares,BTC,0.21,45.589,-3.6383,119.53,2737800,4-3
1529,ARKB,0.974178,0.377364,33.7067,2025-01-27,ARK 21Shares Bitcoin ETF,ARK / 21Shares,BTC,0.21,45.589,-3.6507,122.23,4692000,4-3
1530,ARKB,0.850846,0.377364,33.67,2025-01-28,ARK 21Shares Bitcoin ETF,ARK / 21Shares,BTC,0.21,45.589,-3.719,121.96,2456400,3-3
1531,ARKB,0.837338,0.727263,34.71,2025-01-29,ARK 21Shares Bitcoin ETF,ARK / 21Shares,BTC,0.21,53.018,-3.7265,122.17,2669700,3-4
1532,ARKB,0.839324,0.665972,34.9267,2025-01-30,ARK 21Shares Bitcoin ETF,ARK / 21Shares,BTC,0.21,51.716,-3.7254,118.1,2206200,3-4
1533,ARKB,0.889591,0.665972,33.7767,2025-01-31,ARK 21Shares Bitcoin ETF,ARK / 21Shares,BTC,0.21,51.716,-3.6975,117.51,3589800,4-4
1534,ARKB,0.875463,0.665972,33.69,2025-02-03,ARK 21Shares Bitcoin ETF,ARK / 21Shares,BTC,0.21,51.716,-3.7054,122.46,6078300,4-4
1535,ARKB,0.859201,0.962027,32.86,2025-02-04,ARK 21Shares Bitcoin ETF,ARK / 21Shares,BTC,0.21,58.002,-3.7144,121.4,3863700,3-4
1536,ARKB,0.880885,0.962027,32.3833,2025-02-05,ARK 21Shares Bitcoin ETF,ARK / 21Shares,BTC,0.21,58.002,-3.7024,118.76,2396700,4-4
1537,ARKB,0.835501,1.384326,32.2633,2025-02-06,ARK 21Shares Bitcoin ETF,ARK / 21Shares,BTC,0.21,66.968,-3.7275,115.9,2328600,3-4
1538,ARKB,0.803846,1.983632,31.8633,2025-02-07,ARK 21Shares Bitcoin ETF,ARK / 21Shares,BTC,0.21,79.692,-3.7451,110.57,2880600,3-4
1539,ARKB,0.817545,2.0684,32.41,2025-02-10,ARK 21Shares Bitcoin ETF,ARK / 21Shares,BTC,0.21,81.492,-3.7375,108.82,1368300,3-4
1540,ARKB,0.863001,1.292769,31.6933,2025-02-11,ARK 21Shares Bitcoin ETF,ARK / 21Shares,BTC,0.21,65.024,-3.7123,107.92,2116200,3-4
1541,ARKB,0.899129,1.79887,32.2667,2025-02-12,ARK 21Shares Bitcoin ETF,ARK / 21Shares,BTC,0.21,75.77,-3.6923,106.0,1758300,4-4
1542,ARKB,0.828128,1.945814,32.0233,2025-02-13,ARK 21Shares Bitcoin ETF,ARK / 21Shares,BTC,0.21,78.889,-3.7316,105.69,1602900,3-4
1543,ARKB,0.80494,1.945814,32.38,2025-02-14,ARK 21Shares Bitcoin ETF,ARK / 21Shares,BTC,0.21,78.889,-3.7445,103.47,2094900,3-4
1544,ARKB,0.861009,1.65961,31.32,2025-02-18,ARK 21Shares Bitcoin ETF,ARK / 21Shares,BTC,0.21,72.813,-3.7134,103.66,2773200,3-4
1545,ARKB,0.883143,1.749369,31.9867,2025-02-19,ARK 21Shares Bitcoin ETF,ARK / 21Shares,BTC,0.21,74.719,-3.7011,99.03,1639800,4-4
1546,ARKB,0.939805,1.230855,32.77,2025-02-20,ARK 21Shares Bitcoin ETF,ARK / 21Shares,BTC,0.21,63.71,-3.6697,94.93,1806300,4-4
1547,ARKB,0.936068,1.264307,31.5533,2025-02-21,ARK 21Shares Bitcoin ETF,ARK / 21Shares,BTC,0.21,64.42,-3.6718,99.31,5240700,4-4
1548,ARKB,0.945245,1.079074,31.2633,2025-02-24,ARK 21Shares Bitcoin ETF,ARK / 21Shares,BTC,0.21,60.487,-3.6667,92.98,3124800,4-4
1549,ARKB,0.967242,0.946991,29.2867,2025-02-25,ARK 21Shares Bitcoin ETF,ARK / 21Shares,BTC,0.21,57.683,-3.6545,99.2,7721400,4-4
1550,ARKB,0.963732,0.990135,28.04,2025-02-26,ARK 21Shares Bitcoin ETF,ARK / 21Shares,BTC,0.21,58.599,-3.6565,101.94,7695000,4-4
1551,ARKB,0.984274,1.683053,27.6967,2025-02-27,ARK 21Shares Bitcoin ETF,ARK / 21Shares,BTC,0.21,73.311,-3.6451,102.31,3266100,4-4
1552,ARKB,0.939739,1.5613,28.02,2025-02-28,ARK 21Shares Bitcoin ETF,ARK / 21Shares,BTC,0.21,70.725,-3.6698,106.32,6316500,4-4
1553,ARKB,0.946726,1.5613,28.6133,2025-03-03,ARK 21Shares Bitcoin ETF,ARK / 21Shares,BTC,0.21,70.725,-3.6659,110.9,6052500,4-4
1554,ARKB,0.912317,1.5613,28.8833,2025-03-04,ARK 21Shares Bitcoin ETF,ARK / 21Shares,BTC,0.21,70.725,-3.685,110.62,3994800,4-4
1555,ARKB,0.98475,1.5613,30.09,2025-03-05,ARK 21Shares Bitcoin ETF,ARK / 21Shares,BTC,0.21,70.725,-3.6448,105.37,3144000,4-4
1556,ARKB,0.983,1.771107,29.62,2025-03-06,ARK 21Shares Bitcoin ETF,ARK / 21Shares,BTC,0.21,75.18,-3.6458,103.36,2859600,4-4
1557,ARKB,0.981496,2.326793,28.9633,2025-03-07,ARK 21Shares Bitcoin ETF,ARK / 21Shares,BTC,0.21,86.978,-3.6466,105.63,4320300,4-4
1558,ARKB,1.070065,1.904494,26.35,2025-03-10,ARK 21Shares Bitcoin ETF,ARK / 21Shares,BTC,0.21,78.012,-3.5975,109.35,5822100,4-4
1559,ARKB,1.133415,1.930929,27.63,2025-03-11,ARK 21Shares Bitcoin ETF,ARK / 21Shares,BTC,0.21,78.573,-3.5624,108.86,2946600,4-4
1560,ARKB,1.083656,2.375491,27.58,2025-03-12,ARK 21Shares Bitcoin ETF,ARK / 21Shares,BTC,0.21,88.012,-3.59,109.65,2210400,4-4
1561,ARKB,1.101288,2.799438,26.6567,2025-03-13,ARK 21Shares Bitcoin ETF,ARK / 21Shares,BTC,0.21,97.013,-3.5802,110.01,2799900,4-4
1562,ARKB,1.137102,2.293336,28.1433,2025-03-14,ARK 21Shares Bitcoin ETF,ARK / 21Shares,BTC,0.21,86.268,-3.5604,111.81,3358500,4-4
1563,ARKB,1.118321,2.534667,28.12,2025-03-17,ARK 21Shares Bitcoin ETF,ARK / 21Shares,BTC,0.21,91.392,-3.5708,113.09,2779500,4-4
1564,ARKB,1.127709,2.534667,27.3767,2025-03-18,ARK 21Shares Bitcoin ETF,ARK / 21Shares,BTC,0.21,91.392,-3.5656,115.37,4230900,4-4
1565,ARKB,1.14396,2.534667,28.4233,2025-03-19,ARK 21Shares Bitcoin ETF,ARK / 21Shares,BTC,0.21,91.392,-3.5566,114.79,2625000,4-4
1566,ARKB,1.131954,2.983757,28.0,2025-03-20,ARK 21Shares Bitcoin ETF,ARK / 21Shares,BTC,0.21,100.927,-3.5632,114.58,1712700,4-4
1567,ARKB,1.085719,2.983757,27.9083,2025-03-21,ARK 21Shares Bitcoin ETF,ARK / 21Shares,BTC,0.21,100.927,-3.5888,113.71,1472400,4-4
1568,ARKB,1.143791,2.762063,29.35,2025-03-24,ARK 21Shares Bitcoin ETF,ARK / 21Shares,BTC,0.21,96.22,-3.5567,109.56,2660100,4-4
1569,ARKB,1.134073,2.944663,29.3267,2025-03-25,ARK 21Shares Bitcoin ETF,ARK / 21Shares,BTC,0.21,100.097,-3.562,106.58,1195800,4-4
1570,ARKB,1.137018,2.944663,28.77,2025-03-26,ARK 21Shares Bitcoin ETF,ARK / 21Shares,BTC,0.21,100.097,-3.5604,98.75,2145300,4-4
1571,ARKB,1.133105,3.279309,28.9467,2025-03-27,ARK 21Shares Bitcoin ETF,ARK / 21Shares,BTC,0.21,107.202,-3.5626,90.16,1223700,4-4
1572,ARKB,1.204239,2.586392,27.8567,2025-03-28,ARK 21Shares Bitcoin ETF,ARK / 21Shares,BTC,0.21,92.49,-3.5232,88.53,2018700,4-4
1573,ARKB,1.246119,2.358246,27.4,2025-03-31,ARK 21Shares Bitcoin ETF,ARK / 21Shares,BTC,0.21,87.646,-3.4999,82.01,1467000,4-4
1574,ARKB,1.289489,2.358246,28.2633,2025-04-01,ARK 21Shares Bitcoin ETF,ARK / 21Shares,BTC,0.21,87.646,-3.4759,76.73,2199900,4-4
1575,ARKB,1.315045,2.358246,28.92,2025-04-02,ARK 21Shares Bitcoin ETF,ARK / 21Shares,BTC,0.21,87.646,-3.4617,74.72,2528400,4-4
1576,ARKB,1.342466,2.358246,27.2533,2025-04-03,ARK 21Shares Bitcoin ETF,ARK / 21Shares,BTC,0.21,87.646,-3.4466,74.3,3152400,4-4
1577,ARKB,1.34342,1.852384,27.9233,2025-04-04,ARK 21Shares Bitcoin ETF,ARK / 21Shares,BTC,0.21,76.906,-3.446,76.2,4460100,4-4
1578,ARKB,1.352072,1.296697,25.9633,2025-04-07,ARK 21Shares Bitcoin ETF,ARK / 21Shares,BTC,0.21,65.108,-3.4412,83.44,10671900,4-4
1579,ARKB,1.30695,2.257407,25.5133,2025-04-08,ARK 21Shares Bitcoin ETF,ARK / 21Shares,BTC,0.21,85.505,-3.4662,80.49,3588900,4-4
1580,ARKB,1.285232,2.117442,27.3533,2025-04-09,ARK 21Shares Bitcoin ETF,ARK / 21Shares,BTC,0.21,82.533,-3.4783,85.19,6588300,4-4
1581,ARKB,1.335451,2.168,26.4567,2025-04-10,ARK 21Shares Bitcoin ETF,ARK / 21Shares,BTC,0.21,83.607,-3.4504,85.52,2561700,4-4
1582,ARKB,1.352366,1.744052,27.88,2025-04-11,ARK 21Shares Bitcoin ETF,ARK / 21Shares,BTC,0.21,74.606,-3.4411,86.0,3038100,4-4
1583,ARKB,1.309881,1.744052,28.25,2025-04-14,ARK 21Shares Bitcoin ETF,ARK / 21Shares,BTC,0.21,74.606,-3.4646,85.13,2700900,4-4
1584,ARKB,1.329843,1.718095,27.9433,2025-04-15,ARK 21Shares Bitcoin ETF,ARK / 21Shares,BTC,0.21,74.055,-3.4535,84.05,1987800,4-4
1585,ARKB,1.310231,1.863707,28.05,2025-04-16,ARK 21Shares Bitcoin ETF,ARK / 21Shares,BTC,0.21,77.146,-3.4644,82.27,2793600,4-4
1586,ARKB,1.263189,2.262078,28.2367,2025-04-17,ARK 21Shares Bitcoin ETF,ARK / 21Shares,BTC,0.21,85.604,-3.4905,82.53,2833800,4-4
1587,ARKB,1.248127,1.723229,29.0667,2025-04-21,ARK 21Shares Bitcoin ETF,ARK / 21Shares,BTC,0.21,74.164,-3.4988,87.75,5426100,4-4
1588,ARKB,1.2699,1.723229,30.4367,2025-04-22,ARK 21Shares Bitcoin ETF,ARK / 21Shares,BTC,0.21,74.164,-3.4868,94.0,5658600,4-4
1589,ARKB,1.210865,1.723229,31.0967,2025-04-23,ARK 21Shares Bitcoin ETF,ARK / 21Shares,BTC,0.21,74.164,-3.5195,97.17,4652100,4-4
1590,ARKB,1.209401,1.664682,31.14,2025-04-24,ARK 21Shares Bitcoin ETF,ARK / 21Shares,BTC,0.21,72.92,-3.5203,101.62,4129500,4-4
1591,ARKB,1.189393,1.664682,31.73,2025-04-25,ARK 21Shares Bitcoin ETF,ARK / 21Shares,BTC,0.21,72.92,-3.5314,104.61,3924600,4-4
1592,ARKB,1.182012,1.316711,31.5167,2025-04-28,ARK 21Shares Bitcoin ETF,ARK / 21Shares,BTC,0.21,65.532,-3.5355,105.72,1862700,4-4
1593,ARKB,1.112244,1.316711,31.7,2025-04-29,ARK 21Shares Bitcoin ETF,ARK / 21Shares,BTC,0.21,65.532,-3.5741,104.76,1134900,4-4
1594,ARKB,1.080052,1.316711,31.2967,2025-04-30,ARK 21Shares Bitcoin ETF,ARK / 21Shares,BTC,0.21,65.532,-3.592,106.12,2201100,4-4
1595,ARKB,1.069671,1.316711,32.1133,2025-05-01,ARK 21Shares Bitcoin ETF,ARK / 21Shares,BTC,0.21,65.532,-3.5977,106.03,1873200,4-4
1596,ARKB,1.035022,1.328779,32.26,2025-05-02,ARK 21Shares Bitcoin ETF,ARK / 21Shares,BTC,0.21,65.789,-3.6169,105.11,1666500,4-4
1597,ARKB,0.985805,1.328779,31.3667,2025-05-05,ARK 21Shares Bitcoin ETF,ARK / 21Shares,BTC,0.21,65.789,-3.6442,104.52,2343300,4-4
1598,ARKB,0.97255,1.575662,31.5767,2025-05-06,ARK 21Shares Bitcoin ETF,ARK / 21Shares,BTC,0.21,71.03,-3.6516,101.35,1836000,4-4
1599,ARKB,0.953525,1.575662,31.99,2025-05-07,ARK 21Shares Bitcoin ETF,ARK / 21Shares,BTC,0.21,71.03,-3.6621,92.27,2704800,4-4
1600,ARKB,1.022422,0.614953,33.6967,2025-05-08,ARK 21Shares Bitcoin ETF,ARK / 21Shares,BTC,0.21,50.633,-3.6239,91.96,2523900,4-4
1601,ARKB,1.017995,0.129176,34.3333,2025-05-09,ARK 21Shares Bitcoin ETF,ARK / 21Shares,BTC,0.21,40.319,-3.6264,85.87,1521600,4-3
1602,ARKB,0.959949,-0.313981,33.8633,2025-05-12,ARK 21Shares Bitcoin ETF,ARK / 21Shares,BTC,0.21,30.91,-3.6586,87.42,2963400,4-2
1603,ARKB,0.916572,-0.244623,34.8633,2025-05-13,ARK 21Shares Bitcoin ETF,ARK / 21Shares,BTC,0.21,32.383,-3.6826,87.13,2253600,4-2
1604,ARKB,0.927585,-0.044308,34.3367,2025-05-14,ARK 21Shares Bitcoin ETF,ARK / 21Shares,BTC,0.21,36.636,-3.6765,86.58,1890300,4-3
1605,ARKB,0.894391,-0.229847,34.3,2025-05-15,ARK 21Shares Bitcoin ETF,ARK / 21Shares,BTC,0.21,32.696,-3.6949,87.84,2387400,4-2
1606,ARKB,0.913949,-0.375459,34.61,2025-05-16,ARK 21Shares Bitcoin ETF,ARK / 21Shares,BTC,0.21,29.605,-3.684,86.86,1668900,4-2
1607,ARKB,0.929177,-0.647967,35.0967,2025-05-19,ARK 21Shares Bitcoin ETF,ARK / 21Shares,BTC,0.21,23.819,-3.6756,87.0,2365500,4-2
1608,ARKB,0.928443,-0.647967,35.63,2025-05-20,ARK 21Shares Bitcoin ETF,ARK / 21Shares,BTC,0.21,23.819,-3.676,83.49,2357700,4-2
1609,ARKB,0.897006,-0.647967,36.1467,2025-05-21,ARK 21Shares Bitcoin ETF,ARK / 21Shares,BTC,0.21,23.819,-3.6934,82.64,4269600,4-2
1610,ARKB,0.896275,-0.647967,36.9967,2025-05-22,ARK 21Shares Bitcoin ETF,ARK / 21Shares,BTC,0.21,23.819,-3.6938,83.42,4353000,4-2
1611,ARKB,0.944162,-0.77202,36.1667,2025-05-23,ARK 21Shares Bitcoin ETF,ARK / 21Shares,BTC,0.21,21.185,-3.6673,81.17,2251500,4-1
1612,ARKB,0.937568,-0.695504,36.57,2025-05-27,ARK 21Shares Bitcoin ETF,ARK / 21Shares,BTC,0.21,22.81,-3.671,79.92,2686800,4-1
1613,ARKB,0.983934,-0.725323,35.5667,2025-05-28,ARK 21Shares Bitcoin ETF,ARK / 21Shares,BTC,0.21,22.177,-3.6453,80.54,2016000,4-1
1614,ARKB,0.96884,-0.71174,35.12,2025-05-29,ARK 21Shares Bitcoin ETF,ARK / 21Shares,BTC,0.21,22.465,-3.6536,87.36,5100900,4-1
1615,ARKB,0.959576,-0.71174,34.7767,2025-05-30,ARK 21Shares Bitcoin ETF,ARK / 21Shares,BTC,0.21,22.465,-3.6588,87.65,2154900,4-1
1616,ARKB,0.885803,-0.58164,34.75,2025-06-02,ARK 21Shares Bitcoin ETF,ARK / 21Shares,BTC,0.21,25.227,-3.6996,87.35,1549800,4-2
1617,ARKB,0.907465,-0.593708,35.33,2025-06-03,ARK 21Shares Bitcoin ETF,ARK / 21Shares,BTC,0.21,24.971,-3.6876,88.68,2316000,4-2
1618,ARKB,0.875501,-0.593708,34.91,2025-06-04,ARK 21Shares Bitcoin ETF,ARK / 21Shares,BTC,0.21,24.971,-3.7054,87.9,1633200,4-2
1619,ARKB,0.877389,-0.71848,33.8733,2025-06-05,ARK 21Shares Bitcoin ETF,ARK / 21Shares,BTC,0.21,22.322,-3.7043,96.61,7115100,4-1
1620,ARKB,0.898359,-0.576106,34.67,2025-06-06,ARK 21Shares Bitcoin ETF,ARK / 21Shares,BTC,0.21,25.345,-3.6927,96.7,2551200,4-2
1621,ARKB,0.855682,-0.576106,36.1167,2025-06-09,ARK 21Shares Bitcoin ETF,ARK / 21Shares,BTC,0.21,25.345,-3.7163,97.71,2937900,3-2
1622,ARKB,0.809656,-0.576106,36.4133,2025-06-10,ARK 21Shares Bitcoin ETF,ARK / 21Shares,BTC,0.21,25.345,-3.7418,98.26,1753800,3-2
1623,ARKB,0.798116,-0.335297,36.1433,2025-06-11,ARK 21Shares Bitcoin ETF,ARK / 21Shares,BTC,0.21,30.458,-3.7482,97.82,2519400,3-2
1624,ARKB,0.755906,-0.404654,35.51,2025-06-12,ARK 21Shares Bitcoin ETF,ARK / 21Shares,BTC,0.21,28.985,-3.7716,98.92,2864700,3-2
1625,ARKB,0.751634,-0.604969,34.9633,2025-06-13,ARK 21Shares Bitcoin ETF,ARK / 21Shares,BTC,0.21,24.732,-3.774,99.26,2061900,3-2
1626,ARKB,0.882705,-0.781747,36.15,2025-06-16,ARK 21Shares Bitcoin ETF,ARK / 21Shares,BTC,0.21,20.979,-3.7014,97.79,1406600,4-1
1627,ARKB,0.910926,-0.781747,34.82,2025-06-17,ARK 21Shares Bitcoin ETF,ARK / 21Shares,BTC,0.21,20.979,-3.6857,100.81,3484600,4-1
1628,ARKB,0.903619,-0.568728,34.52,2025-06-18,ARK 21Shares Bitcoin ETF,ARK / 21Shares,BTC,0.21,25.501,-3.6898,100.08,1958300,4-2
1629,ARKB,0.885021,-0.335264,34.34,2025-06-20,ARK 21Shares Bitcoin ETF,ARK / 21Shares,BTC,0.21,30.458,-3.7001,99.23,1929200,4-2
1630,ARKB,0.868867,-0.335264,34.32,2025-06-23,ARK 21Shares Bitcoin ETF,ARK / 21Shares,BTC,0.21,30.458,-3.709,95.44,2173900,4-2
1631,ARKB,0.941625,-0.335264,35.13,2025-06-24,ARK 21Shares Bitcoin ETF,ARK / 21Shares,BTC,0.21,30.458,-3.6687,89.81,1221500,4-2
1632,ARKB,0.944221,-0.335264,35.84,2025-06-25,ARK 21Shares Bitcoin ETF,ARK / 21Shares,BTC,0.21,30.458,-3.6673,89.18,1901600,4-2
1633,ARKB,0.934503,-0.32492,35.79,2025-06-26,ARK 21Shares Bitcoin ETF,ARK / 21Shares,BTC,0.21,30.678,-3.6727,85.66,682100,4-2
1634,ARKB,0.887989,-0.116361,35.53,2025-06-27,ARK 21Shares Bitcoin ETF,ARK / 21Shares,BTC,0.21,35.106,-3.6984,84.9,1568800,4-3
1635,ARKB,0.900771,0.041965,35.79,2025-06-30,ARK 21Shares Bitcoin ETF,ARK / 21Shares,BTC,0.21,38.467,-3.6913,78.86,1458200,4-3
1636,ARKB,0.934489,0.041965,35.02,2025-07-01,ARK 21Shares Bitcoin ETF,ARK / 21Shares,BTC,0.21,38.467,-3.6727,78.53,1946700,4-3
1637,ARKB,1.013404,-0.088135,36.49,2025-07-02,ARK 21Shares Bitcoin ETF,ARK / 21Shares,BTC,0.21,35.705,-3.6289,79.99,2313700,4-3
1638,ARKB,0.995465,-0.088135,36.33,2025-07-03,ARK 21Shares Bitcoin ETF,ARK / 21Shares,BTC,0.21,35.705,-3.6389,78.4,1335000,4-3
1639,ARKB,1.000956,-0.088135,35.92,2025-07-07,ARK 21Shares Bitcoin ETF,ARK / 21Shares,BTC,0.21,35.705,-3.6358,77.91,1296700,4-3
1640,ARKB,1.013848,-0.210246,36.175,2025-07-08,ARK 21Shares Bitcoin ETF,ARK / 21Shares,BTC,0.21,33.113,-3.6287,68.07,950900,4-3
1641,ARKB,1.053948,-0.35262,37.18,2025-07-09,ARK 21Shares Bitcoin ETF,ARK / 21Shares,BTC,0.21,30.09,-3.6065,66.35,1411700,4-2
1642,ARKB,1.023903,-0.35262,37.72,2025-07-10,ARK 21Shares Bitcoin ETF,ARK / 21Shares,BTC,0.21,30.09,-3.6231,64.92,2014400,4-2
1643,ARKB,1.062834,-0.35262,39.29,2025-07-11,ARK 21Shares Bitcoin ETF,ARK / 21Shares,BTC,0.21,30.09,-3.6015,66.95,2710900,4-2
1644,ARKB,1.078196,-0.73016,39.87,2025-07-14,ARK 21Shares Bitcoin ETF,ARK / 21Shares,BTC,0.21,22.074,-3.593,66.37,1978200,4-1
1645,ARKB,1.085043,-0.73016,38.7,2025-07-15,ARK 21Shares Bitcoin ETF,ARK / 21Shares,BTC,0.21,22.074,-3.5892,67.95,3485200,4-1
1646,ARKB,1.086205,-0.73016,39.65,2025-07-16,ARK 21Shares Bitcoin ETF,ARK / 21Shares,BTC,0.21,22.074,-3.5886,69.69,2739900,4-1
1647,ARKB,0.992085,-0.459913,39.56,2025-07-17,ARK 21Shares Bitcoin ETF,ARK / 21Shares,BTC,0.21,27.812,-3.6407,69.76,1321200,4-2
1648,ARKB,0.964635,-0.257427,39.02,2025-07-18,ARK 21Shares Bitcoin ETF,ARK / 21Shares,BTC,0.21,32.111,-3.656,68.54,2452600,4-2
1649,ARKB,0.95429,-0.259084,38.82,2025-07-21,ARK 21Shares Bitcoin ETF,ARK / 21Shares,BTC,0.21,32.076,-3.6617,68.96,1970300,4-2
1650,ARKB,0.986354,-0.433719,39.66,2025-07-22,ARK 21Shares Bitcoin ETF,ARK / 21Shares,BTC,0.21,28.368,-3.6439,69.58,1998700,4-2
1651,ARKB,1.004253,-0.39827,39.37,2025-07-23,ARK 21Shares Bitcoin ETF,ARK / 21Shares,BTC,0.21,29.121,-3.634,68.99,1580300,4-2
1652,ARKB,0.930635,-0.39827,39.57,2025-07-24,ARK 21Shares Bitcoin ETF,ARK / 21Shares,BTC,0.21,29.121,-3.6748,69.22,1205500,4-2
1653,ARKB,0.926308,-0.39827,38.83,2025-07-25,ARK 21Shares Bitcoin ETF,ARK / 21Shares,BTC,0.21,29.121,-3.6772,69.31,1806400,4-2
1654,ARKB,0.947112,-0.48513,39.25,2025-07-28,ARK 21Shares Bitcoin ETF,ARK / 21Shares,BTC,0.21,27.276,-3.6657,71.06,1557400,4-2
1655,ARKB,0.936775,-0.454311,39.05,2025-07-29,ARK 21Shares Bitcoin ETF,ARK / 21Shares,BTC,0.21,27.931,-3.6714,71.81,1832800,4-2
1656,ARKB,0.925349,-0.413448,38.84,2025-07-30,ARK 21Shares Bitcoin ETF,ARK / 21Shares,BTC,0.21,28.798,-3.6777,72.76,1852900,4-2
1657,ARKB,0.870596,-0.119375,38.78,2025-07-31,ARK 21Shares Bitcoin ETF,ARK / 21Shares,BTC,0.21,35.042,-3.7081,72.96,1865400,4-3
1658,ARKB,0.809023,-0.119375,37.59,2025-08-01,ARK 21Shares Bitcoin ETF,ARK / 21Shares,BTC,0.21,35.042,-3.7422,77.36,4704800,3-3
1659,ARKB,0.849695,0.100994,38.13,2025-08-04,ARK 21Shares Bitcoin ETF,ARK / 21Shares,BTC,0.21,39.721,-3.7197,77.36,1276000,3-3
1660,ARKB,0.829769,0.100994,37.79,2025-08-05,ARK 21Shares Bitcoin ETF,ARK / 21Shares,BTC,0.21,39.721,-3.7307,78.13,1656000,3-3
1661,ARKB,0.847867,0.100994,38.32,2025-08-06,ARK 21Shares Bitcoin ETF,ARK / 21Shares,BTC,0.21,39.721,-3.7207,78.72,1224300,3-3
1662,ARKB,0.799054,0.100994,39.1,2025-08-07,ARK 21Shares Bitcoin ETF,ARK / 21Shares,BTC,0.21,39.721,-3.7477,79.64,1835300,3-3
1663,ARKB,0.791689,0.341373,38.71,2025-08-08,ARK 21Shares Bitcoin ETF,ARK / 21Shares,BTC,0.21,44.824,-3.7518,79.11,1674500,3-3
1664,ARKB,0.790071,0.341373,39.55,2025-08-11,ARK 21Shares Bitcoin ETF,ARK / 21Shares,BTC,0.21,44.824,-3.7527,76.76,1446700,3-3
1665,ARKB,0.759453,0.571076,39.75,2025-08-12,ARK 21Shares Bitcoin ETF,ARK / 21Shares,BTC,0.21,49.701,-3.7697,78.52,2911500,3-4
1666,ARKB,0.757419,0.571076,40.84,2025-08-13,ARK 21Shares Bitcoin ETF,ARK / 21Shares,BTC,0.21,49.701,-3.7708,78.18,3130800,3-4
1667,ARKB,0.762152,0.571076,39.25,2025-08-14,ARK 21Shares Bitcoin ETF,ARK / 21Shares,BTC,0.21,49.701,-3.7682,80.73,4132900,3-4
1668,ARKB,0.77616,0.41535,38.88,2025-08-15,ARK 21Shares Bitcoin ETF,ARK / 21Shares,BTC,0.21,46.395,-3.7604,82.42,2254100,3-3
1669,ARKB,0.76692,0.212863,38.66,2025-08-18,ARK 21Shares Bitcoin ETF,ARK / 21Shares,BTC,0.21,42.096,-3.7655,80.54,1455000,3-3
1670,ARKB,0.809829,-0.124361,37.58,2025-08-19,ARK 21Shares Bitcoin ETF,ARK / 21Shares,BTC,0.21,34.936,-3.7418,81.89,2792500,3-3
1671,ARKB,0.783828,-0.04009,37.99,2025-08-20,ARK 21Shares Bitcoin ETF,ARK / 21Shares,BTC,0.21,36.725,-3.7562,81.66,1958400,3-3
1672,ARKB,0.806768,0.163255,37.27,2025-08-21,ARK 21Shares Bitcoin ETF,ARK / 21Shares,BTC,0.21,41.043,-3.7434,82.71,2258300,3-3
1673,ARKB,0.840068,0.347851,38.78,2025-08-22,ARK 21Shares Bitcoin ETF,ARK / 21Shares,BTC,0.21,44.962,-3.725,87.42,3781800,3-3
1674,ARKB,0.897542,0.347851,36.82,2025-08-25,ARK 21Shares Bitcoin ETF,ARK / 21Shares,BTC,0.21,44.962,-3.6931,88.41,2470400,4-3
1675,ARKB,0.870696,0.347851,36.94,2025-08-26,ARK 21Shares Bitcoin ETF,ARK / 21Shares,BTC,0.21,44.962,-3.708,90.25,2699400,4-3
1676,ARKB,0.876815,0.108474,37.25,2025-08-27,ARK 21Shares Bitcoin ETF,ARK / 21Shares,BTC,0.21,39.88,-3.7046,90.68,2165000,4-3
1677,ARKB,0.866791,-0.1043,37.2,2025-08-28,ARK 21Shares Bitcoin ETF,ARK / 21Shares,BTC,0.21,35.362,-3.7102,90.13,1624000,4-3
1678,ARKB,0.9044,-0.398372,35.96,2025-08-29,ARK 21Shares Bitcoin ETF,ARK / 21Shares,BTC,0.21,29.118,-3.6893,93.94,4235100,4-2
1679,ARKB,0.915329,-0.398372,36.83,2025-09-02,ARK 21Shares Bitcoin ETF,ARK / 21Shares,BTC,0.21,29.118,-3.6833,90.33,2744100,4-2
1680,ARKB,0.896121,-0.618741,37.3,2025-09-03,ARK 21Shares Bitcoin ETF,ARK / 21Shares,BTC,0.21,24.44,-3.6939,91.23,1811000,4-2
1681,ARKB,0.937544,-0.618741,36.49,2025-09-04,ARK 21Shares Bitcoin ETF,ARK / 21Shares,BTC,0.21,24.44,-3.671,91.05,1609700,4-2
1682,ARKB,0.925405,-0.618741,37.1,2025-09-05,ARK 21Shares Bitcoin ETF,ARK / 21Shares,BTC,0.21,24.44,-3.6777,92.27,1959900,4-2
1683,ARKB,0.883637,-0.526758,37.25,2025-09-08,ARK 21Shares Bitcoin ETF,ARK / 21Shares,BTC,0.21,26.393,-3.7008,92.56,2089200,4-2
1684,ARKB,0.871232,-0.644107,36.99,2025-09-09,ARK 21Shares Bitcoin ETF,ARK / 21Shares,BTC,0.21,23.901,-3.7077,93.22,2128200,4-2
1685,ARKB,0.835263,-0.644107,37.74,2025-09-10,ARK 21Shares Bitcoin ETF,ARK / 21Shares,BTC,0.21,23.901,-3.7277,95.52,2791600,3-2
1686,ARKB,0.851136,-0.838997,38.05,2025-09-11,ARK 21Shares Bitcoin ETF,ARK / 21Shares,BTC,0.21,19.763,-3.7189,93.15,1733300,3-1
1687,ARKB,0.888837,-0.838997,38.86,2025-09-12,ARK 21Shares Bitcoin ETF,ARK / 21Shares,BTC,0.21,19.763,-3.698,89.51,1324300,4-1
1688,ARKB,0.872763,-0.838997,38.34,2025-09-15,ARK 21Shares Bitcoin ETF,ARK / 21Shares,BTC,0.21,19.763,-3.7069,85.81,2205400,4-1
1689,ARKB,0.890838,-0.953517,38.85,2025-09-16,ARK 21Shares Bitcoin ETF,ARK / 21Shares,BTC,0.21,17.332,-3.6969,84.72,1664800,4-1
1690,ARKB,0.889352,-0.706723,38.44,2025-09-17,ARK 21Shares Bitcoin ETF,ARK / 21Shares,BTC,0.21,22.572,-3.6977,87.48,2971500,4-1
1691,ARKB,0.891921,-0.706723,39.04,2025-09-18,ARK 21Shares Bitcoin ETF,ARK / 21Shares,BTC,0.21,22.572,-3.6963,85.08,1397800,4-1
1692,ARKB,0.920478,-0.849822,38.25,2025-09-19,ARK 21Shares Bitcoin ETF,ARK / 21Shares,BTC,0.21,19.533,-3.6804,84.75,1765600,4-1
1693,ARKB,0.941282,-1.088616,37.27,2025-09-22,ARK 21Shares Bitcoin ETF,ARK / 21Shares,BTC,0.21,14.463,-3.6689,84.32,2017000,4-1
1694,ARKB,0.912713,-1.091469,37.09,2025-09-23,ARK 21Shares Bitcoin ETF,ARK / 21Shares,BTC,0.21,14.403,-3.6847,79.44,1190300,4-1
1695,ARKB,0.896683,-1.091469,37.71,2025-09-24,ARK 21Shares Bitcoin ETF,ARK / 21Shares,BTC,0.21,14.403,-3.6936,76.75,911500,4-1
1696,ARKB,0.931114,-1.091469,36.34,2025-09-25,ARK 21Shares Bitcoin ETF,ARK / 21Shares,BTC,0.21,14.403,-3.6745,79.88,4553700,4-1
1697,ARKB,0.917017,-0.884824,36.28,2025-09-26,ARK 21Shares Bitcoin ETF,ARK / 21Shares,BTC,0.21,18.79,-3.6823,79.26,1865800,4-1
1698,ARKB,0.972921,-0.884824,38.02,2025-09-29,ARK 21Shares Bitcoin ETF,ARK / 21Shares,BTC,0.21,18.79,-3.6514,82.85,3572100,4-1
1699,ARKB,0.97302,-0.655975,38.02,2025-09-30,ARK 21Shares Bitcoin ETF,ARK / 21Shares,BTC,0.21,23.649,-3.6513,78.95,1850600,4-2
1700,ARKB,0.974226,-0.655975,39.05,2025-10-01,ARK 21Shares Bitcoin ETF,ARK / 21Shares,BTC,0.21,23.649,-3.6506,79.37,2812200,4-2
1701,ARKB,0.992084,-0.655975,40.205,2025-10-02,ARK 21Shares Bitcoin ETF,ARK / 21Shares,BTC,0.21,23.649,-3.6407,80.92,2493300,4-2
1702,ARKB,0.944357,-0.655975,40.83,2025-10-03,ARK 21Shares Bitcoin ETF,ARK / 21Shares,BTC,0.21,23.649,-3.6672,85.22,3650000,4-2
1703,ARKB,0.94078,-0.655975,41.7,2025-10-06,ARK 21Shares Bitcoin ETF,ARK / 21Shares,BTC,0.21,23.649,-3.6692,86.58,2426100,4-2
1704,ARKB,0.964172,-0.747958,40.41,2025-10-07,ARK 21Shares Bitcoin ETF,ARK / 21Shares,BTC,0.21,21.696,-3.6562,91.11,4280600,4-1
1705,ARKB,0.983002,-0.57429,41.01,2025-10-08,ARK 21Shares Bitcoin ETF,ARK / 21Shares,BTC,0.21,25.383,-3.6458,90.94,1830600,4-2
1706,ARKB,0.974831,-0.552343,40.22,2025-10-09,ARK 21Shares Bitcoin ETF,ARK / 21Shares,BTC,0.21,25.849,-3.6503,92.37,3367200,4-2
1707,ARKB,0.97921,-0.542279,38.74,2025-10-10,ARK 21Shares Bitcoin ETF,ARK / 21Shares,BTC,0.21,26.063,-3.6479,101.2,6490400,4-2
1708,ARKB,0.910682,-0.542279,38.51,2025-10-13,ARK 21Shares Bitcoin ETF,ARK / 21Shares,BTC,0.21,26.063,-3.6859,107.46,4750100,4-2
1709,ARKB,0.916941,-0.542279,37.43,2025-10-14,ARK 21Shares Bitcoin ETF,ARK / 21Shares,BTC,0.21,26.063,-3.6824,110.48,3950300,4-2
1710,ARKB,0.89888,-0.249676,36.98,2025-10-15,ARK 21Shares Bitcoin ETF,ARK / 21Shares,BTC,0.21,32.275,-3.6924,112.65,2983600,4-2
1711,ARKB,0.906574,-0.496471,35.95,2025-10-16,ARK 21Shares Bitcoin ETF,ARK / 21Shares,BTC,0.21,27.036,-3.6881,117.33,5910100,4-2
1712,ARKB,0.862898,-0.496471,35.38,2025-10-17,ARK 21Shares Bitcoin ETF,ARK / 21Shares,BTC,0.21,27.036,-3.7123,127.11,7346000,3-2
1713,ARKB,0.857645,-0.496471,36.85,2025-10-20,ARK 21Shares Bitcoin ETF,ARK / 21Shares,BTC,0.21,27.036,-3.7153,130.89,3991100,3-2
1714,ARKB,0.792187,-0.352357,37.18,2025-10-21,ARK 21Shares Bitcoin ETF,ARK / 21Shares,BTC,0.21,30.095,-3.7515,138.95,6569600,3-2
1715,ARKB,0.822352,-0.5341,35.825,2025-10-22,ARK 21Shares Bitcoin ETF,ARK / 21Shares,BTC,0.21,26.237,-3.7348,143.95,4166000,3-2
1716,ARKB,0.754165,-0.5341,36.63,2025-10-23,ARK 21Shares Bitcoin ETF,ARK / 21Shares,BTC,0.21,26.237,-3.7726,148.35,3459600,3-2
1717,ARKB,0.707005,-0.340893,36.74,2025-10-24,ARK 21Shares Bitcoin ETF,ARK / 21Shares,BTC,0.21,30.339,-3.7987,145.87,3087900,3-2
1718,ARKB,0.791499,-0.547538,38.18,2025-10-27,ARK 21Shares Bitcoin ETF,ARK / 21Shares,BTC,0.21,25.951,-3.7519,147.39,2606300,3-2
1719,ARKB,0.738361,-0.400028,37.75,2025-10-28,ARK 21Shares Bitcoin ETF,ARK / 21Shares,BTC,0.21,29.083,-3.7814,145.7,2660500,3-2
1720,ARKB,0.727482,-0.628877,36.73,2025-10-29,ARK 21Shares Bitcoin ETF,ARK / 21Shares,BTC,0.21,24.224,-3.7874,153.45,6344700,3-2
1721,ARKB,0.724542,-0.628877,35.33,2025-10-30,ARK 21Shares Bitcoin ETF,ARK / 21Shares,BTC,0.21,24.224,-3.789,156.24,4770400,3-2
1722,ARKB,0.704242,-0.628877,36.48,2025-10-31,ARK 21Shares Bitcoin ETF,ARK / 21Shares,BTC,0.21,24.224,-3.8003,158.97,4315100,3-2
1723,ARKB,0.735961,-0.628877,35.39,2025-11-03,ARK 21Shares Bitcoin ETF,ARK / 21Shares,BTC,0.21,24.224,-3.7827,157.87,3558000,3-2
1724,ARKB,0.734238,-0.628877,33.45,2025-11-04,ARK 21Shares Bitcoin ETF,ARK / 21Shares,BTC,0.21,24.224,-3.7836,166.42,8393800,3-2
1725,ARKB,0.765313,-0.357928,34.5,2025-11-05,ARK 21Shares Bitcoin ETF,ARK / 21Shares,BTC,0.21,29.977,-3.7664,162.76,2786800,3-2
1726,ARKB,0.761442,-0.654626,33.51,2025-11-06,ARK 21Shares Bitcoin ETF,ARK / 21Shares,BTC,0.21,23.678,-3.7686,166.95,4864600,3-2
1727,ARKB,0.776423,-0.296532,34.49,2025-11-07,ARK 21Shares Bitcoin ETF,ARK / 21Shares,BTC,0.21,31.281,-3.7603,166.95,3929500,3-2
1728,ARKB,0.775395,-0.34141,35.21,2025-11-10,ARK 21Shares Bitcoin ETF,ARK / 21Shares,BTC,0.21,30.328,-3.7608,161.8,4065600,3-2
1729,ARKB,0.858603,-0.34141,34.14,2025-11-11,ARK 21Shares Bitcoin ETF,ARK / 21Shares,BTC,0.21,30.328,-3.7147,156.42,2051600,3-2
1730,ARKB,0.837631,-0.090677,33.73,2025-11-12,ARK 21Shares Bitcoin ETF,ARK / 21Shares,BTC,0.21,35.651,-3.7263,156.11,4193600,3-3
1731,ARKB,0.843345,-0.38328,32.55,2025-11-13,ARK 21Shares Bitcoin ETF,ARK / 21Shares,BTC,0.21,29.439,-3.7232,163.11,7899800,3-2
1732,ARKB,0.84926,-0.38328,31.31,2025-11-14,ARK 21Shares Bitcoin ETF,ARK / 21Shares,BTC,0.21,29.439,-3.7199,164.33,7608100,3-2
1733,ARKB,0.848023,-0.38328,30.49,2025-11-17,ARK 21Shares Bitcoin ETF,ARK / 21Shares,BTC,0.21,29.439,-3.7206,174.86,15773100,3-2
1734,ARKB,0.800268,-0.029451,30.82,2025-11-18,ARK 21Shares Bitcoin ETF,ARK / 21Shares,BTC,0.21,36.951,-3.7471,180.5,8617800,3-3
1735,ARKB,0.829573,-0.173566,29.7,2025-11-19,ARK 21Shares Bitcoin ETF,ARK / 21Shares,BTC,0.21,33.891,-3.7308,178.67,6933000,3-3
1736,ARKB,0.806438,0.092192,28.67,2025-11-20,ARK 21Shares Bitcoin ETF,ARK / 21Shares,BTC,0.21,39.534,-3.7436,184.0,9105600,3-3
1737,ARKB,0.782938,0.092192,28.06,2025-11-21,ARK 21Shares Bitcoin ETF,ARK / 21Shares,BTC,0.21,39.534,-3.7567,194.12,12091000,3-3
1738,ARKB,0.86176,-0.101015,29.59,2025-11-24,ARK 21Shares Bitcoin ETF,ARK / 21Shares,BTC,0.21,35.432,-3.713,194.8,4317200,3-3
1739,ARKB,0.806713,0.185699,29.01,2025-11-25,ARK 21Shares Bitcoin ETF,ARK / 21Shares,BTC,0.21,41.519,-3.7435,198.59,6176700,3-3
1740,ARKB,0.836845,0.03819,29.86,2025-11-26,ARK 21Shares Bitcoin ETF,ARK / 21Shares,BTC,0.21,38.387,-3.7268,199.07,3700100,3-3
1741,ARKB,0.827106,0.03819,30.14,2025-11-28,ARK 21Shares Bitcoin ETF,ARK / 21Shares,BTC,0.21,38.387,-3.7322,194.43,4495900,3-3
1742,ARKB,0.833162,0.03819,28.39,2025-12-01,ARK 21Shares Bitcoin ETF,ARK / 21Shares,BTC,0.21,38.387,-3.7288,197.33,8079800,3-3
1743,ARKB,0.878043,0.03819,30.26,2025-12-02,ARK 21Shares Bitcoin ETF,ARK / 21Shares,BTC,0.21,38.387,-3.7039,196.82,4850400,4-3
1744,ARKB,0.855753,0.03819,30.89,2025-12-03,ARK 21Shares Bitcoin ETF,ARK / 21Shares,BTC,0.21,38.387,-3.7163,198.71,5359500,3-3
1745,ARKB,0.823906,0.165698,30.73,2025-12-04,ARK 21Shares Bitcoin ETF,ARK / 21Shares,BTC,0.21,41.095,-3.7339,191.51,4217600,3-3
1746,ARKB,0.79772,-0.105252,29.68,2025-12-05,ARK 21Shares Bitcoin ETF,ARK / 21Shares,BTC,0.21,35.342,-3.7485,195.46,6034300,3-3
1747,ARKB,0.791124,0.1097,30.15,2025-12-08,ARK 21Shares Bitcoin ETF,ARK / 21Shares,BTC,0.21,39.906,-3.7521,192.78,3540300,3-3
1748,ARKB,0.798315,-0.225259,30.92,2025-12-09,ARK 21Shares Bitcoin ETF,ARK / 21Shares,BTC,0.21,32.794,-3.7481,191.19,3302700,3-2
1749,ARKB,0.784388,0.27431,30.72,2025-12-10,ARK 21Shares Bitcoin ETF,ARK / 21Shares,BTC,0.21,43.401,-3.7559,188.32,2699200,3-3
1750,ARKB,0.699486,0.27431,30.47,2025-12-11,ARK 21Shares Bitcoin ETF,ARK / 21Shares,BTC,0.21,43.401,-3.8029,191.23,4306700,3-3
1751,ARKB,0.740781,0.439688,29.95,2025-12-12,ARK 21Shares Bitcoin ETF,ARK / 21Shares,BTC,0.21,46.912,-3.78,187.6,2174400,3-3
1752,ARKB,0.763387,0.439688,28.48,2025-12-15,ARK 21Shares Bitcoin ETF,ARK / 21Shares,BTC,0.21,46.912,-3.7675,185.32,7348100,3-3
1753,ARKB,0.753428,0.547566,29.06,2025-12-16,ARK 21Shares Bitcoin ETF,ARK / 21Shares,BTC,0.21,49.202,-3.773,182.13,5891800,3-4
1754,ARKB,0.762347,0.648926,28.51,2025-12-17,ARK 21Shares Bitcoin ETF,ARK / 21Shares,BTC,0.21,51.354,-3.7681,168.73,7001400,3-4
1755,ARKB,0.770489,0.988371,28.09,2025-12-18,ARK 21Shares Bitcoin ETF,ARK / 21Shares,BTC,0.21,58.561,-3.7636,165.15,6778300,3-4
1756,ARKB,0.815019,1.332699,29.21,2025-12-19,ARK 21Shares Bitcoin ETF,ARK / 21Shares,BTC,0.21,65.872,-3.7389,160.1,3419600,3-4
1757,ARKB,0.794844,1.07727,29.31,2025-12-22,ARK 21Shares Bitcoin ETF,ARK / 21Shares,BTC,0.21,60.449,-3.7501,151.98,3082900,3-4
1758,ARKB,0.798013,1.07727,29.1,2025-12-23,ARK 21Shares Bitcoin ETF,ARK / 21Shares,BTC,0.21,60.449,-3.7483,140.18,3147000,3-4
1759,ARKB,0.724619,1.212828,28.97,2025-12-24,ARK 21Shares Bitcoin ETF,ARK / 21Shares,BTC,0.21,63.327,-3.789,136.75,1922200,3-4
1760,ARKB,0.70786,0.980492,29.05,2025-12-26,ARK 21Shares Bitcoin ETF,ARK / 21Shares,BTC,0.21,58.394,-3.7983,131.65,2482400,3-4
1761,ARKB,0.667312,1.15059,28.91,2025-12-29,ARK 21Shares Bitcoin ETF,ARK / 21Shares,BTC,0.21,62.005,-3.8207,128.87,1799300,3-4
1762,ARKB,0.665255,1.15059,29.17,2025-12-30,ARK 21Shares Bitcoin ETF,ARK / 21Shares,BTC,0.21,62.005,-3.8219,129.45,5068200,3-4
1763,ARKB,0.613035,1.243732,29.04,2025-12-31,ARK 21Shares Bitcoin ETF,ARK / 21Shares,BTC,0.21,63.983,-3.8508,122.28,2710800,3-4
1764,ARKB,0.514265,1.243732,29.79,2026-01-02,ARK 21Shares Bitcoin ETF,ARK / 21Shares,BTC,0.21,63.983,-3.9056,129.75,10191200,3-4
1765,ARKB,0.538546,1.243732,31.29,2026-01-05,ARK 21Shares Bitcoin ETF,ARK / 21Shares,BTC,0.21,63.983,-3.8921,133.19,7599000,3-4
1766,ARKB,0.560557,1.3458,30.71,2026-01-06,ARK 21Shares Bitcoin ETF,ARK / 21Shares,BTC,0.21,66.15,-3.8799,134.64,5217800,3-4
1767,ARKB,0.552416,1.3458,30.185,2026-01-07,ARK 21Shares Bitcoin ETF,ARK / 21Shares,BTC,0.21,66.15,-3.8844,131.08,3451700,3-4
1768,ARKB,0.50987,1.130849,30.18,2026-01-08,ARK 21Shares Bitcoin ETF,ARK / 21Shares,BTC,0.21,61.586,-3.908,129.31,2310200,3-4
1769,ARKB,0.465198,1.292954,29.95,2026-01-09,ARK 21Shares Bitcoin ETF,ARK / 21Shares,BTC,0.21,65.028,-3.9328,127.98,2477000,3-4
1770,ARKB,0.488225,1.133974,30.36,2026-01-12,ARK 21Shares Bitcoin ETF,ARK / 21Shares,BTC,0.21,61.653,-3.92,128.31,2958500,3-4
1771,ARKB,0.540451,1.133974,31.35,2026-01-13,ARK 21Shares Bitcoin ETF,ARK / 21Shares,BTC,0.21,61.653,-3.891,128.53,4332000,3-4
1772,ARKB,0.535244,0.717863,32.46,2026-01-14,ARK 21Shares Bitcoin ETF,ARK / 21Shares,BTC,0.21,52.818,-3.8939,132.15,4349500,3-4
1773,ARKB,0.533413,0.934117,31.63,2026-01-15,ARK 21Shares Bitcoin ETF,ARK / 21Shares,BTC,0.21,57.409,-3.8949,127.45,3496300,3-4
1774,ARKB,0.504627,0.826238,31.71,2026-01-16,ARK 21Shares Bitcoin ETF,ARK / 21Shares,BTC,0.21,55.119,-3.9109,124.95,3743800,3-4
1775,ARKB,0.609192,0.724879,29.73,2026-01-20,ARK 21Shares Bitcoin ETF,ARK / 21Shares,BTC,0.21,52.967,-3.8529,122.07,4676200,3-4
1776,ARKB,0.596103,0.031605,29.91,2026-01-21,ARK 21Shares Bitcoin ETF,ARK / 21Shares,BTC,0.21,38.248,-3.8602,122.87,6925300,3-3
1777,ARKB,0.510327,-0.120574,29.66,2026-01-22,ARK 21Shares Bitcoin ETF,ARK / 21Shares,BTC,0.21,35.017,-3.9077,122.5,3109900,3-3
1778,ARKB,0.501161,0.059448,29.69,2026-01-23,ARK 21Shares Bitcoin ETF,ARK / 21Shares,BTC,0.21,38.839,-3.9128,124.51,4466500,3-3
1779,ARKB,0.550426,0.059448,29.05,2026-01-26,ARK 21Shares Bitcoin ETF,ARK / 21Shares,BTC,0.21,38.839,-3.8855,124.39,3060900,3-3
1780,ARKB,0.578334,0.212091,29.64,2026-01-27,ARK 21Shares Bitcoin ETF,ARK / 21Shares,BTC,0.21,42.08,-3.8701,127.07,3779000,3-3
1781,ARKB,0.572817,0.157713,29.54,2026-01-28,ARK 21Shares Bitcoin ETF,ARK / 21Shares,BTC,0.21,40.925,-3.8731,132.4,6228100,3-3
1782,ARKB,0.606862,-0.012385,27.91,2026-01-29,ARK 21Shares Bitcoin ETF,ARK / 21Shares,BTC,0.21,37.314,-3.8542,142.33,9339000,3-3
1783,ARKB,0.594317,-0.012385,27.8,2026-01-30,ARK 21Shares Bitcoin ETF,ARK / 21Shares,BTC,0.21,37.314,-3.8612,148.81,10215900,3-3
1784,ARKB,0.62154,-0.105527,25.87,2026-02-02,ARK 21Shares Bitcoin ETF,ARK / 21Shares,BTC,0.21,35.336,-3.8461,166.62,17499600,3-3
1785,ARKB,0.608994,-0.105527,25.36,2026-02-03,ARK 21Shares Bitcoin ETF,ARK / 21Shares,BTC,0.21,35.336,-3.8531,178.18,21540400,3-3
1786,ARKB,0.584361,0.076746,24.35,2026-02-04,ARK 21Shares Bitcoin ETF,ARK / 21Shares,BTC,0.21,39.206,-3.8667,183.62,14456000,3-3
1787,ARKB,0.663681,-0.15283,21.14,2026-02-05,ARK 21Shares Bitcoin ETF,ARK / 21Shares,BTC,0.21,34.332,-3.8228,191.99,15890400,3-3
1788,ARKB,0.77671,0.116872,23.24,2026-02-06,ARK 21Shares Bitcoin ETF,ARK / 21Shares,BTC,0.21,40.058,-3.7601,193.9,6216300,3-3
1789,ARKB,0.793732,0.69801,23.49,2026-02-09,ARK 21Shares Bitcoin ETF,ARK / 21Shares,BTC,0.21,52.396,-3.7507,196.76,5521500,3-4
1790,ARKB,0.841962,0.612653,22.82,2026-02-10,ARK 21Shares Bitcoin ETF,ARK / 21Shares,BTC,0.21,50.584,-3.7239,197.28,3731600,3-4
1791,ARKB,0.832268,0.272065,22.42,2026-02-11,ARK 21Shares Bitcoin ETF,ARK / 21Shares,BTC,0.21,43.353,-3.7293,201.21,7686000,3-3
1792,ARKB,0.844599,0.964426,21.68,2026-02-12,ARK 21Shares Bitcoin ETF,ARK / 21Shares,BTC,0.21,58.053,-3.7225,200.1,5188100,3-4
1793,ARKB,0.859049,0.964426,22.82,2026-02-13,ARK 21Shares Bitcoin ETF,ARK / 21Shares,BTC,0.21,58.053,-3.7145,200.99,7007100,3-4
1794,ARKB,0.834724,0.927489,22.48,2026-02-17,ARK 21Shares Bitcoin ETF,ARK / 21Shares,BTC,0.21,57.269,-3.728,202.2,6051200,3-4
1795,ARKB,0.876993,1.329616,21.98,2026-02-18,ARK 21Shares Bitcoin ETF,ARK / 21Shares,BTC,0.21,65.806,-3.7045,201.03,4281300,4-4
1796,ARKB,0.810868,1.535554,22.29,2026-02-19,ARK 21Shares Bitcoin ETF,ARK / 21Shares,BTC,0.21,70.179,-3.7412,199.61,4900300,3-4
1797,ARKB,0.817465,1.535554,22.48,2026-02-20,ARK 21Shares Bitcoin ETF,ARK / 21Shares,BTC,0.21,70.179,-3.7375,196.33,6153500,3-4
1798,ARKB,0.892416,1.343406,21.385,2026-02-23,ARK 21Shares Bitcoin ETF,ARK / 21Shares,BTC,0.21,66.099,-3.696,196.93,4897900,4-4
1799,ARKB,0.893162,1.153055,21.41,2026-02-24,ARK 21Shares Bitcoin ETF,ARK / 21Shares,BTC,0.21,62.058,-3.6956,195.39,4683100,4-4
1800,ARKB,0.947632,1.153055,22.98,2026-02-25,ARK 21Shares Bitcoin ETF,ARK / 21Shares,BTC,0.21,62.058,-3.6654,197.28,5601200,4-4
1801,ARKB,0.9489,1.208932,22.38,2026-02-26,ARK 21Shares Bitcoin ETF,ARK / 21Shares,BTC,0.21,63.244,-3.6647,198.69,6326500,4-4
1802,ARKB,1.015884,1.208932,21.78,2026-02-27,ARK 21Shares Bitcoin ETF,ARK / 21Shares,BTC,0.21,63.244,-3.6276,192.98,2942900,4-4
1803,ARKB,1.005066,1.208932,22.96,2026-03-02,ARK 21Shares Bitcoin ETF,ARK / 21Shares,BTC,0.21,63.244,-3.6335,197.34,15331500,4-4
1804,ARKB,1.011934,1.857779,22.65,2026-03-03,ARK 21Shares Bitcoin ETF,ARK / 21Shares,BTC,0.21,77.02,-3.6297,195.19,10549800,4-4
1805,ARKB,1.025944,1.857779,24.26,2026-03-04,ARK 21Shares Bitcoin ETF,ARK / 21Shares,BTC,0.21,77.02,-3.622,186.83,11422800,4-4
1806,ARKB,1.044476,1.910402,23.64,2026-03-05,ARK 21Shares Bitcoin ETF,ARK / 21Shares,BTC,0.21,78.138,-3.6117,168.69,6999400,4-4
1807,ARKB,1.09517,1.728129,22.6,2026-03-06,ARK 21Shares Bitcoin ETF,ARK / 21Shares,BTC,0.21,74.268,-3.5836,156.6,4340700,4-4
1808,ARKB,1.047486,1.771592,22.93,2026-03-09,ARK 21Shares Bitcoin ETF,ARK / 21Shares,BTC,0.21,75.19,-3.61,147.69,6489100,4-4
1809,ARKB,0.959311,1.50189,23.255,2026-03-10,ARK 21Shares Bitcoin ETF,ARK / 21Shares,BTC,0.21,69.464,-3.6589,147.08,5655700,4-4
1810,ARKB,0.959782,1.296636,23.46,2026-03-11,ARK 21Shares Bitcoin ETF,ARK / 21Shares,BTC,0.21,65.106,-3.6586,145.8,4387600,4-4
1811,ARKB,0.905671,1.278286,23.39,2026-03-12,ARK 21Shares Bitcoin ETF,ARK / 21Shares,BTC,0.21,64.717,-3.6886,146.15,3953300,4-4
1812,ARKB,0.896122,1.278286,23.62,2026-03-13,ARK 21Shares Bitcoin ETF,ARK / 21Shares,BTC,0.21,64.717,-3.6939,147.17,8199400,4-4
1813,ARKB,0.895681,0.585925,24.55,2026-03-16,ARK 21Shares Bitcoin ETF,ARK / 21Shares,BTC,0.21,50.017,-3.6942,148.02,5314200,4-4
1814,ARKB,0.850905,0.765116,24.75,2026-03-17,ARK 21Shares Bitcoin ETF,ARK / 21Shares,BTC,0.21,53.821,-3.719,144.97,3873300,3-4
1815,ARKB,0.917835,0.585798,23.59,2026-03-18,ARK 21Shares Bitcoin ETF,ARK / 21Shares,BTC,0.21,50.014,-3.6819,143.38,4348200,4-4
1816,ARKB,0.892364,0.183671,23.31,2026-03-19,ARK 21Shares Bitcoin ETF,ARK / 21Shares,BTC,0.21,41.476,-3.696,144.63,5157700,4-3
1817,ARKB,0.871054,0.240199,23.28,2026-03-20,ARK 21Shares Bitcoin ETF,ARK / 21Shares,BTC,0.21,42.676,-3.7078,143.58,3745800,4-3
1818,ARKB,0.868772,0.240199,23.45,2026-03-23,ARK 21Shares Bitcoin ETF,ARK / 21Shares,BTC,0.21,42.676,-3.7091,144.0,6281600,4-3
1819,ARKB,0.808243,0.240199,23.01,2026-03-24,ARK 21Shares Bitcoin ETF,ARK / 21Shares,BTC,0.21,42.676,-3.7426,144.27,4793500,3-3
1820,ARKB,0.876165,0.240199,23.52,2026-03-25,ARK 21Shares Bitcoin ETF,ARK / 21Shares,BTC,0.21,42.676,-3.705,142.43,2621300,4-3
1821,ARKB,0.815756,0.240199,22.73,2026-03-26,ARK 21Shares Bitcoin ETF,ARK / 21Shares,BTC,0.21,42.676,-3.7385,143.01,6199400,3-3
1822,ARKB,0.879471,-0.10388,21.9,2026-03-27,ARK 21Shares Bitcoin ETF,ARK / 21Shares,BTC,0.21,35.371,-3.7032,139.73,3319500,4-3
1823,ARKB,0.812481,-0.10388,22.06,2026-03-30,ARK 21Shares Bitcoin ETF,ARK / 21Shares,BTC,0.21,35.371,-3.7403,140.85,3968800,3-3
1824,ARKB,0.809572,0.271553,22.49,2026-03-31,ARK 21Shares Bitcoin ETF,ARK / 21Shares,BTC,0.21,43.342,-3.7419,130.86,6323900,3-3
1825,ARKB,0.810539,-0.377295,22.62,2026-04-01,ARK 21Shares Bitcoin ETF,ARK / 21Shares,BTC,0.21,29.566,-3.7414,123.93,4137600,3-2
1826,ARKB,0.796153,-0.377295,22.24,2026-04-02,ARK 21Shares Bitcoin ETF,ARK / 21Shares,BTC,0.21,29.566,-3.7493,115.26,4267700,3-2
1827,ARKB,0.876212,-0.429917,23.15,2026-04-06,ARK 21Shares Bitcoin ETF,ARK / 21Shares,BTC,0.21,28.449,-3.705,110.8,3100100,4-2
1828,ARKB,0.815463,-0.429917,22.9,2026-04-07,ARK 21Shares Bitcoin ETF,ARK / 21Shares,BTC,0.21,28.449,-3.7386,109.58,3169200,3-2
1829,ARKB,0.903866,-0.47338,23.69,2026-04-08,ARK 21Shares Bitcoin ETF,ARK / 21Shares,BTC,0.21,27.526,-3.6896,105.4,2578500,4-2
1830,ARKB,0.905559,0.092097,23.95,2026-04-09,ARK 21Shares Bitcoin ETF,ARK / 21Shares,BTC,0.21,39.532,-3.6887,103.61,3919100,4-3
1831,ARKB,0.930747,-0.283788,24.31,2026-04-10,ARK 21Shares Bitcoin ETF,ARK / 21Shares,BTC,0.21,31.551,-3.6747,101.86,2718600,4-2
1832,ARKB,0.92981,-0.128438,24.35,2026-04-13,ARK 21Shares Bitcoin ETF,ARK / 21Shares,BTC,0.21,34.85,-3.6753,100.35,2499900,4-3
1833,ARKB,0.946943,-0.128438,24.66,2026-04-14,ARK 21Shares Bitcoin ETF,ARK / 21Shares,BTC,0.21,34.85,-3.6658,95.18,3452700,4-3
1834,ARKB,0.949842,0.09346,24.91,2026-04-15,ARK 21Shares Bitcoin ETF,ARK / 21Shares,BTC,0.21,39.561,-3.6642,90.51,1294500,4-3
1835,ARKB,0.941958,0.33476,25.02,2026-04-16,ARK 21Shares Bitcoin ETF,ARK / 21Shares,BTC,0.21,44.684,-3.6685,91.31,4505800,4-3
1836,ARKB,0.909509,0.33476,25.72,2026-04-17,ARK 21Shares Bitcoin ETF,ARK / 21Shares,BTC,0.21,44.684,-3.6865,91.03,3761200,4-3
1837,ARKB,0.979688,0.33476,25.32,2026-04-20,ARK 21Shares Bitcoin ETF,ARK / 21Shares,BTC,0.21,44.684,-3.6476,86.79,1227600,4-3
1838,ARKB,1.031678,0.53459,24.89,2026-04-21,ARK 21Shares Bitcoin ETF,ARK / 21Shares,BTC,0.21,48.927,-3.6188,85.04,2029700,4-4
1839,ARKB,1.165711,0.53459,26.17,2026-04-22,ARK 21Shares Bitcoin ETF,ARK / 21Shares,BTC,0.21,48.927,-3.5445,80.43,1932200,4-4
1840,ARKB,1.180938,0.53459,25.795,2026-04-23,ARK 21Shares Bitcoin ETF,ARK / 21Shares,BTC,0.21,48.927,-3.5361,77.56,1933800,4-4
1841,ARKB,1.137222,0.711744,25.77,2026-04-24,ARK 21Shares Bitcoin ETF,ARK / 21Shares,BTC,0.21,52.688,-3.5603,76.55,1570100,4-4
1842,ARKB,1.138131,0.844005,25.52,2026-04-27,ARK 21Shares Bitcoin ETF,ARK / 21Shares,BTC,0.21,55.496,-3.5598,71.7,1533100,4-4
1843,ARKB,1.110596,0.844005,25.325,2026-04-28,ARK 21Shares Bitcoin ETF,ARK / 21Shares,BTC,0.21,55.496,-3.5751,69.41,971100,4-4
1844,ARKB,1.128709,0.942068,25.04,2026-04-29,ARK 21Shares Bitcoin ETF,ARK / 21Shares,BTC,0.21,57.578,-3.565,67.76,2114100,4-4
1845,ARKB,1.171952,0.629629,25.35,2026-04-30,ARK 21Shares Bitcoin ETF,ARK / 21Shares,BTC,0.21,50.945,-3.5411,62.26,1054900,4-4
1846,ARKB,1.226462,0.629629,26.02,2026-05-01,ARK 21Shares Bitcoin ETF,ARK / 21Shares,BTC,0.21,50.945,-3.5108,60.31,2017900,4-4
1847,ARKB,1.252405,0.629629,26.57,2026-05-04,ARK 21Shares Bitcoin ETF,ARK / 21Shares,BTC,0.21,50.945,-3.4965,58.3,1985400,4-4
1848,ARKB,1.242048,0.629629,27.1,2026-05-05,ARK 21Shares Bitcoin ETF,ARK / 21Shares,BTC,0.21,50.945,-3.5022,56.88,1547800,4-4
1849,ARKB,1.231816,0.690869,27.03,2026-05-06,ARK 21Shares Bitcoin ETF,ARK / 21Shares,BTC,0.21,52.245,-3.5079,55.35,1497500,4-4
1850,ARKB,1.218234,0.690869,26.58,2026-05-07,ARK 21Shares Bitcoin ETF,ARK / 21Shares,BTC,0.21,52.245,-3.5154,54.25,1425200,4-4
1851,ARKB,1.207595,0.306195,26.6,2026-05-08,ARK 21Shares Bitcoin ETF,ARK / 21Shares,BTC,0.21,44.078,-3.5213,50.98,947100,4-3
1852,ARKB,1.24045,0.306195,27.19,2026-05-11,ARK 21Shares Bitcoin ETF,ARK / 21Shares,BTC,0.21,44.078,-3.5031,49.93,1625100,4-3
1853,ARKB,1.282261,0.047366,26.8,2026-05-12,ARK 21Shares Bitcoin ETF,ARK / 21Shares,BTC,0.21,38.582,-3.4799,48.81,1388000,4-3
1854,ARKB,1.298957,0.047366,26.38,2026-05-13,ARK 21Shares Bitcoin ETF,ARK / 21Shares,BTC,0.21,38.582,-3.4707,47.27,2006900,4-3
1855,ARKB,1.293457,-0.174532,26.99,2026-05-14,ARK 21Shares Bitcoin ETF,ARK / 21Shares,BTC,0.21,33.871,-3.4737,49.87,3219100,4-3
1856,ARKB,1.32443,-0.595023,26.25,2026-05-15,ARK 21Shares Bitcoin ETF,ARK / 21Shares,BTC,0.21,24.943,-3.4565,48.6,3273400,4-2
1857,ARKB,1.340779,-0.595023,25.48,2026-05-18,ARK 21Shares Bitcoin ETF,ARK / 21Shares,BTC,0.21,24.943,-3.4475,47.21,2655700,4-2
1858,ARKB,1.287926,-0.381383,25.47,2026-05-19,ARK 21Shares Bitcoin ETF,ARK / 21Shares,BTC,0.21,29.479,-3.4768,46.94,997000,4-2
1859,ARKB,1.301194,-0.843679,25.75,2026-05-20,ARK 21Shares Bitcoin ETF,ARK / 21Shares,BTC,0.21,19.664,-3.4694,45.67,925700,4-1
1860,ARKB,1.185619,-0.619568,25.76,2026-05-21,ARK 21Shares Bitcoin ETF,ARK / 21Shares,BTC,0.21,24.422,-3.5335,44.52,1028200,4-2
1861,ARKB,1.24026,-0.619568,25.135,2026-05-22,ARK 21Shares Bitcoin ETF,ARK / 21Shares,BTC,0.21,24.422,-3.5032,43.74,1332500,4-2
1862,ARKB,1.23957,-0.469625,25.17,2026-05-26,ARK 21Shares Bitcoin ETF,ARK / 21Shares,BTC,0.21,27.606,-3.5036,45.47,3044300,4-2
1863,ARKB,1.254381,-0.601886,24.84,2026-05-27,ARK 21Shares Bitcoin ETF,ARK / 21Shares,BTC,0.21,24.797,-3.4954,45.28,1417400,4-2
1864,ARKB,1.262611,-0.601886,24.31,2026-05-28,ARK 21Shares Bitcoin ETF,ARK / 21Shares,BTC,0.21,24.797,-3.4908,46.79,2317900,4-2
1865,ARKB,1.241837,-0.44775,24.35,2026-05-29,ARK 21Shares Bitcoin ETF,ARK / 21Shares,BTC,0.21,28.07,-3.5023,46.43,1858200,4-2
1866,ARKB,1.247364,-0.510743,23.71,2026-06-01,ARK 21Shares Bitcoin ETF,ARK / 21Shares,BTC,0.21,26.733,-3.4993,47.65,2216300,4-2
1867,ARKB,1.287804,-0.510743,22.29,2026-06-02,ARK 21Shares Bitcoin ETF,ARK / 21Shares,BTC,0.21,26.733,-3.4768,48.62,3262900,4-2
1868,ARKB,1.297415,-0.510743,21.68,2026-06-03,ARK 21Shares Bitcoin ETF,ARK / 21Shares,BTC,0.21,26.733,-3.4715,48.84,2650100,4-2
1869,ARKB,1.306162,-0.510743,21.08,2026-06-04,ARK 21Shares Bitcoin ETF,ARK / 21Shares,BTC,0.21,26.733,-3.4667,49.27,2418600,4-2
1870,ARKB,1.361469,-0.571984,20.0,2026-06-05,ARK 21Shares Bitcoin ETF,ARK / 21Shares,BTC,0.21,25.432,-3.436,51.6,4470100,4-2
1871,ARKB,1.445576,-0.571984,21.02,2026-06-08,ARK 21Shares Bitcoin ETF,ARK / 21Shares,BTC,0.21,25.432,-3.3894,51.6,1799500,4-2
1872,ARKB,1.482368,-0.752786,20.58,2026-06-09,ARK 21Shares Bitcoin ETF,ARK / 21Shares,BTC,0.21,21.594,-3.369,52.68,2327300,4-1
1873,ARKB,1.442722,-0.632391,20.52,2026-06-10,ARK 21Shares Bitcoin ETF,ARK / 21Shares,BTC,0.21,24.15,-3.391,53.17,2658100,4-2
1874,ARKB,1.46066,-0.632391,21.08,2026-06-11,ARK 21Shares Bitcoin ETF,ARK / 21Shares,BTC,0.21,24.15,-3.381,53.59,2179500,4-2
1875,ARKB,1.471654,-0.628075,21.08,2026-06-12,ARK 21Shares Bitcoin ETF,ARK / 21Shares,BTC,0.21,24.241,-3.375,52.72,1645700,4-2
1876,ARKB,1.602949,-0.628075,22.09,2026-06-15,ARK 21Shares Bitcoin ETF,ARK / 21Shares,BTC,0.21,24.241,-3.3022,49.82,1175900,4-2
1877,ARKB,1.645553,-0.628075,21.77,2026-06-16,ARK 21Shares Bitcoin ETF,ARK / 21Shares,BTC,0.21,24.241,-3.2786,46.52,761000,4-2
1878,ARKB,1.66142,-0.490919,21.3,2026-06-17,ARK 21Shares Bitcoin ETF,ARK / 21Shares,BTC,0.21,27.153,-3.2698,44.88,1563500,4-2
1879,ARKB,1.685298,-0.704559,20.88,2026-06-18,ARK 21Shares Bitcoin ETF,ARK / 21Shares,BTC,0.21,22.618,-3.2565,46.4,2741200,4-1
1880,ARKB,1.695876,-0.704559,21.36,2026-06-22,ARK 21Shares Bitcoin ETF,ARK / 21Shares,BTC,0.21,22.618,-3.2507,47.04,1746500,4-1
1881,ARKB,1.767042,-0.928671,20.68,2026-06-23,ARK 21Shares Bitcoin ETF,ARK / 21Shares,BTC,0.21,17.859,-3.2112,47.2,1445600,4-1
1882,ARKB,1.764445,-0.928671,19.86,2026-06-24,ARK 21Shares Bitcoin ETF,ARK / 21Shares,BTC,0.21,17.859,-3.2127,48.39,2941200,4-1
1883,ARKB,1.777186,-0.92878,19.64,2026-06-25,ARK 21Shares Bitcoin ETF,ARK / 21Shares,BTC,0.21,17.857,-3.2056,47.16,2589100,4-1
1884,ARKB,1.766495,-0.535886,19.8,2026-06-26,ARK 21Shares Bitcoin ETF,ARK / 21Shares,BTC,0.21,26.199,-3.2115,47.36,1988800,4-2
1885,ARKB,1.764094,-0.010801,20.0,2026-06-29,ARK 21Shares Bitcoin ETF,ARK / 21Shares,BTC,0.21,37.347,-3.2129,46.06,1455900,4-3
1886,ARKB,1.808885,-0.263,19.46,2026-06-30,ARK 21Shares Bitcoin ETF,ARK / 21Shares,BTC,0.21,31.993,-3.188,45.63,1858100,4-2
1887,ARKB,1.808405,-0.263,19.89,2026-07-01,ARK 21Shares Bitcoin ETF,ARK / 21Shares,BTC,0.21,31.993,-3.1883,45.21,2202400,4-2
1888,ARKB,1.789348,-0.263,20.37,2026-07-02,ARK 21Shares Bitcoin ETF,ARK / 21Shares,BTC,0.21,31.993,-3.1989,43.86,2177200,4-2
1889,ARKB,1.805831,-0.191569,21.13,2026-07-06,ARK 21Shares Bitcoin ETF,ARK / 21Shares,BTC,0.21,33.509,-3.1897,43.45,2305600,4-3
1890,ARKB,1.774342,-0.049486,21.16,2026-07-07,ARK 21Shares Bitcoin ETF,ARK / 21Shares,BTC,0.21,36.526,-3.2072,42.64,1613300,4-3
1891,ARKB,1.771815,-0.049486,20.63,2026-07-08,ARK 21Shares Bitcoin ETF,ARK / 21Shares,BTC,0.21,36.526,-3.2086,40.59,2242500,4-3
1892,ARKB,1.725025,-0.049486,20.97,2026-07-09,ARK 21Shares Bitcoin ETF,ARK / 21Shares,BTC,0.21,36.526,-3.2345,40.09,1303700,4-3
1893,ARKB,1.713236,-0.049486,21.2,2026-07-10,ARK 21Shares Bitcoin ETF,ARK / 21Shares,BTC,0.21,36.526,-3.2411,39.75,1922500,4-3
1894,ARKB,1.754422,-0.169881,20.63,2026-07-13,ARK 21Shares Bitcoin ETF,ARK / 21Shares,BTC,0.21,33.97,-3.2182,39.08,1962800,4-3
1895,ARKB,1.779023,-0.169881,21.42,2026-07-14,ARK 21Shares Bitcoin ETF,ARK / 21Shares,BTC,0.21,33.97,-3.2046,38.73,1805000,4-3
1896,ARKB,1.760492,-0.174197,21.55,2026-07-15,ARK 21Shares Bitcoin ETF,ARK / 21Shares,BTC,0.21,33.878,-3.2149,37.99,883200,4-3
1897,ARKB,1.697051,-0.174197,21.31,2026-07-16,ARK 21Shares Bitcoin ETF,ARK / 21Shares,BTC,0.21,33.878,-3.25,37.41,652100,4-3
1898,ARKB,1.639962,-0.174197,21.28,2026-07-17,ARK 21Shares Bitcoin ETF,ARK / 21Shares,BTC,0.21,33.878,-3.2817,37.94,1295500,4-3
1899,ARKB,1.626092,-0.311353,21.6,2026-07-20,ARK 21Shares Bitcoin ETF,ARK / 21Shares,BTC,0.21,30.966,-3.2894,37.89,1493200,4-2
1900,ARKB,1.630932,-0.311353,22.04,2026-07-21,ARK 21Shares Bitcoin ETF,ARK / 21Shares,BTC,0.21,30.966,-3.2867,37.48,2205900,4-2
1901,ARKB,1.626917,-0.311353,21.86,2026-07-22,ARK 21Shares Bitcoin ETF,ARK / 21Shares,BTC,0.21,30.966,-3.2889,36.41,677400,4-2
1902,ARKB,1.601997,-0.311353,21.47,2026-07-23,ARK 21Shares Bitcoin ETF,ARK / 21Shares,BTC,0.21,30.966,-3.3027,36.13,1126600,4-2
1903,ARKB,1.574553,-0.311353,21.28,2026-07-24,ARK 21Shares Bitcoin ETF,ARK / 21Shares,BTC,0.21,30.966,-3.3179,34.62,1255600,4-2
1904,ARKB,1.599303,-0.638341,21.52,2026-07-27,ARK 21Shares Bitcoin ETF,ARK / 21Shares,BTC,0.21,24.023,-3.3042,33.19,959500,4-2
1905,ARKB,1.608132,-1.031235,21.17,2026-07-28,ARK 21Shares Bitcoin ETF,ARK / 21Shares,BTC,0.21,15.682,-3.2993,33.72,2389600,4-1
1906,ARKB,1.591254,-1.55632,21.055,2026-07-29,ARK 21Shares Bitcoin ETF,ARK / 21Shares,BTC,0.21,4.533,-3.3087,34.49,2146300,4-1
1907,ARKB,1.583245,-1.55632,21.48,2026-07-30,ARK 21Shares Bitcoin ETF,ARK / 21Shares,BTC,0.21,4.533,-3.3131,34.22,1426800,4-1
1908,ARKB,1.598183,-1.55632,20.85,2026-07-31,ARK 21Shares Bitcoin ETF,ARK / 21Shares,BTC,0.21,4.533,-3.3048,34.18,2052900,4-1
1909,ARKB,1.586958,-1.17417,21.17,2026-08-03,ARK 21Shares Bitcoin ETF,ARK / 21Shares,BTC,0.21,12.647,-3.311,33.92,1846400,4-1
1910,ARKB,1.543124,-1.245601,21.29,2026-08-04,ARK 21Shares Bitcoin ETF,ARK / 21Shares,BTC,0.21,11.13,-3.3353,32.99,1370700,4-1
1911,ARKB,1.564022,-1.382315,21.5,2026-08-05,ARK 21Shares Bitcoin ETF,ARK / 21Shares,BTC,0.21,8.228,-3.3238,32.91,1502800,4-1
1912,ARKB,1.547991,-1.176609,21.35,2026-08-06,ARK 21Shares Bitcoin ETF,ARK / 21Shares,BTC,0.21,12.595,-3.3326,31.67,946300,4-1
1913,ARKB,1.54784,-1.176609,21.54,2026-08-07,ARK 21Shares Bitcoin ETF,ARK / 21Shares,BTC,0.21,12.595,-3.3327,31.07,690100,4-1
1914,ARKB,1.557876,-1.176609,21.21,2026-08-10,ARK 21Shares Bitcoin ETF,ARK / 21Shares,BTC,0.21,12.595,-3.3272,31.0,1850000,4-1
1915,ARKB,1.526029,-1.176609,21.05,2026-08-11,ARK 21Shares Bitcoin ETF,ARK / 21Shares,BTC,0.21,12.595,-3.3448,30.36,1287800,4-1
1916,ARKB,1.447776,-0.952973,21.01,2026-08-12,ARK 21Shares Bitcoin ETF,ARK / 21Shares,BTC,0.21,17.343,-3.3882,29.82,1297800,4-1
1917,ARKB,1.418967,-0.831019,21.0,2026-08-13,ARK 21Shares Bitcoin ETF,ARK / 21Shares,BTC,0.21,19.933,-3.4042,31.82,2904500,4-1
1918,ARKB,1.372943,-0.831019,20.85,2026-08-14,ARK 21Shares Bitcoin ETF,ARK / 21Shares,BTC,0.21,19.933,-3.4297,32.18,1030700,4-1
1919,ARKB,1.407312,-0.831019,21.31,2026-08-17,ARK 21Shares Bitcoin ETF,ARK / 21Shares,BTC,0.21,19.933,-3.4106,33.46,2552500,4-1
1920,ARKB,1.387991,-0.831019,21.43,2026-08-18,ARK 21Shares Bitcoin ETF,ARK / 21Shares,BTC,0.21,19.933,-3.4213,32.93,992300,4-1
1921,ARKB,1.395899,-0.831019,22.7,2026-08-19,ARK 21Shares Bitcoin ETF,ARK / 21Shares,BTC,0.21,19.933,-3.4169,36.15,5118400,4-1
1922,ARKB,1.421372,-0.831019,24.1,2026-08-20,ARK 21Shares Bitcoin ETF,ARK / 21Shares,BTC,0.21,19.933,-3.4028,38.92,3030400,4-1
1923,ARKB,1.415917,-0.831019,25.55,2026-08-21,ARK 21Shares Bitcoin ETF,ARK / 21Shares,BTC,0.21,19.933,-3.4058,41.82,3330317,4-1
1924,BITB,1.323852,0.239041,34.23,2024-09-20,Bitwise Bitcoin ETF,Bitwise,BTC,0.2,42.652,-3.4569,69.06,1180500,4-3
1925,BITB,1.315297,0.239041,34.51,2024-09-23,Bitwise Bitcoin ETF,Bitwise,BTC,0.2,42.652,-3.4616,69.28,875600,4-3
1926,BITB,1.300852,0.381016,35.02,2024-09-24,Bitwise Bitcoin ETF,Bitwise,BTC,0.2,45.666,-3.4696,65.91,1177900,4-3
1927,BITB,1.344126,0.543017,34.43,2024-09-25,Bitwise Bitcoin ETF,Bitwise,BTC,0.2,49.106,-3.4456,64.81,962700,4-4
1928,BITB,1.317294,0.543017,35.27,2024-09-26,Bitwise Bitcoin ETF,Bitwise,BTC,0.2,49.106,-3.4605,68.06,3047100,4-4
1929,BITB,1.292211,0.543017,35.8,2024-09-27,Bitwise Bitcoin ETF,Bitwise,BTC,0.2,49.106,-3.4744,65.82,2477500,4-4
1930,BITB,1.34354,0.543017,34.59,2024-09-30,Bitwise Bitcoin ETF,Bitwise,BTC,0.2,49.106,-3.446,63.68,1883800,4-4
1931,BITB,1.355385,0.543017,33.64,2024-10-01,Bitwise Bitcoin ETF,Bitwise,BTC,0.2,49.106,-3.4394,65.54,3445100,4-4
1932,BITB,1.376966,0.230202,32.79,2024-10-02,Bitwise Bitcoin ETF,Bitwise,BTC,0.2,42.464,-3.4274,65.47,2161400,4-3
1933,BITB,1.41406,0.394785,33.24,2024-10-03,Bitwise Bitcoin ETF,Bitwise,BTC,0.2,45.958,-3.4069,64.93,1021400,4-3
1934,BITB,1.418186,0.34946,34.0,2024-10-04,Bitwise Bitcoin ETF,Bitwise,BTC,0.2,44.996,-3.4046,63.7,1065200,4-3
1935,BITB,1.40059,0.34946,34.53,2024-10-07,Bitwise Bitcoin ETF,Bitwise,BTC,0.2,44.996,-3.4143,61.73,1190900,4-3
1936,BITB,1.349278,-0.008515,33.91,2024-10-08,Bitwise Bitcoin ETF,Bitwise,BTC,0.2,37.396,-3.4428,60.59,1644200,4-3
1937,BITB,1.365247,-0.008515,33.23,2024-10-09,Bitwise Bitcoin ETF,Bitwise,BTC,0.2,37.396,-3.4339,60.75,1044800,4-3
1938,BITB,1.390464,-0.399482,32.5,2024-10-10,Bitwise Bitcoin ETF,Bitwise,BTC,0.2,29.095,-3.4199,61.01,2029000,4-2
1939,BITB,1.414243,-0.399482,34.41,2024-10-11,Bitwise Bitcoin ETF,Bitwise,BTC,0.2,29.095,-3.4068,64.11,3597300,4-2
1940,BITB,1.424363,-0.399482,35.95,2024-10-14,Bitwise Bitcoin ETF,Bitwise,BTC,0.2,29.095,-3.4012,65.42,3548100,4-2
1941,BITB,1.36639,-0.188124,36.52,2024-10-15,Bitwise Bitcoin ETF,Bitwise,BTC,0.2,33.582,-3.4333,68.55,2952900,4-3
1942,BITB,1.341378,-0.188124,36.91,2024-10-16,Bitwise Bitcoin ETF,Bitwise,BTC,0.2,33.582,-3.4472,68.13,2230500,4-3
1943,BITB,1.357335,-0.90331,36.39,2024-10-17,Bitwise Bitcoin ETF,Bitwise,BTC,0.2,18.398,-3.4383,68.39,2116400,4-1
1944,BITB,1.302178,-0.90331,37.38,2024-10-18,Bitwise Bitcoin ETF,Bitwise,BTC,0.2,18.398,-3.4689,68.95,1836500,4-1
1945,BITB,1.308147,-0.995889,36.92,2024-10-21,Bitwise Bitcoin ETF,Bitwise,BTC,0.2,16.432,-3.4656,69.62,1474500,4-1
1946,BITB,1.287963,-0.823634,36.74,2024-10-22,Bitwise Bitcoin ETF,Bitwise,BTC,0.2,20.089,-3.4768,70.86,1532400,4-1
1947,BITB,1.26954,-0.965609,36.16,2024-10-23,Bitwise Bitcoin ETF,Bitwise,BTC,0.2,17.075,-3.487,72.83,2281800,4-1
1948,BITB,1.262745,-1.221639,37.19,2024-10-24,Bitwise Bitcoin ETF,Bitwise,BTC,0.2,11.639,-3.4907,74.2,1665200,4-1
1949,BITB,1.260646,-1.090229,36.37,2024-10-25,Bitwise Bitcoin ETF,Bitwise,BTC,0.2,14.429,-3.4919,74.23,2973800,4-1
1950,BITB,1.286104,-1.090229,37.97,2024-10-28,Bitwise Bitcoin ETF,Bitwise,BTC,0.2,14.429,-3.4778,75.24,2895500,4-1
1951,BITB,1.260582,-1.090229,39.52,2024-10-29,Bitwise Bitcoin ETF,Bitwise,BTC,0.2,14.429,-3.4919,78.41,3333700,4-1
1952,BITB,1.247239,-0.924645,39.13,2024-10-30,Bitwise Bitcoin ETF,Bitwise,BTC,0.2,17.945,-3.4993,76.64,2010300,4-1
1953,BITB,1.226593,-0.924645,38.08,2024-10-31,Bitwise Bitcoin ETF,Bitwise,BTC,0.2,17.945,-3.5108,80.15,3796300,4-1
1954,BITB,1.188083,-0.824982,37.67,2024-11-01,Bitwise Bitcoin ETF,Bitwise,BTC,0.2,20.061,-3.5321,84.21,3164800,4-1
1955,BITB,1.136467,-0.824982,36.6,2024-11-04,Bitwise Bitcoin ETF,Bitwise,BTC,0.2,20.061,-3.5607,88.42,3407700,4-1
1956,BITB,1.127784,-0.824982,37.8,2024-11-05,Bitwise Bitcoin ETF,Bitwise,BTC,0.2,20.061,-3.5655,91.38,2730900,4-1
1957,BITB,1.139609,-0.824982,41.54,2024-11-06,Bitwise Bitcoin ETF,Bitwise,BTC,0.2,20.061,-3.559,99.64,5515400,4-1
1958,BITB,1.063609,-0.510129,41.7,2024-11-07,Bitwise Bitcoin ETF,Bitwise,BTC,0.2,26.746,-3.6011,101.83,1937600,4-2
1959,BITB,1.015479,-0.431462,41.83,2024-11-08,Bitwise Bitcoin ETF,Bitwise,BTC,0.2,28.416,-3.6278,105.02,3180200,4-2
1960,BITB,1.008727,-0.431462,47.41,2024-11-11,Bitwise Bitcoin ETF,Bitwise,BTC,0.2,28.416,-3.6315,113.36,6305100,4-2
1961,BITB,0.976503,-0.431462,48.83,2024-11-12,Bitwise Bitcoin ETF,Bitwise,BTC,0.2,28.416,-3.6494,116.94,4151000,4-2
1962,BITB,0.952689,-0.64282,48.88,2024-11-13,Bitwise Bitcoin ETF,Bitwise,BTC,0.2,23.928,-3.6626,121.67,4236600,4-2
1963,BITB,0.965583,-0.64282,47.67,2024-11-14,Bitwise Bitcoin ETF,Bitwise,BTC,0.2,23.928,-3.6554,123.58,2567500,4-2
1964,BITB,1.0092,0.199032,49.85,2024-11-15,Bitwise Bitcoin ETF,Bitwise,BTC,0.2,41.802,-3.6313,124.64,1993400,4-3
1965,BITB,0.946211,0.199032,49.92,2024-11-18,Bitwise Bitcoin ETF,Bitwise,BTC,0.2,41.802,-3.6662,127.0,2368200,4-3
1966,BITB,0.921524,0.199032,50.47,2024-11-19,Bitwise Bitcoin ETF,Bitwise,BTC,0.2,41.802,-3.6798,130.41,2496100,4-3
1967,BITB,0.941285,0.026777,51.43,2024-11-20,Bitwise Bitcoin ETF,Bitwise,BTC,0.2,38.145,-3.6689,132.24,1842000,4-3
1968,BITB,0.951474,0.026777,53.51,2024-11-21,Bitwise Bitcoin ETF,Bitwise,BTC,0.2,38.145,-3.6632,135.81,2942900,4-3
1969,BITB,0.883559,0.152357,54.1,2024-11-22,Bitwise Bitcoin ETF,Bitwise,BTC,0.2,40.811,-3.7009,139.83,2704500,4-3
1970,BITB,0.87371,0.020947,51.7,2024-11-25,Bitwise Bitcoin ETF,Bitwise,BTC,0.2,38.021,-3.7063,148.72,5702300,4-3
1971,BITB,0.853134,0.020947,49.53,2024-11-26,Bitwise Bitcoin ETF,Bitwise,BTC,0.2,38.021,-3.7178,150.65,3042200,3-3
1972,BITB,0.882142,0.020947,52.68,2024-11-27,Bitwise Bitcoin ETF,Bitwise,BTC,0.2,38.021,-3.7017,150.83,2570200,4-3
1973,BITB,0.869128,-0.144637,52.93,2024-11-29,Bitwise Bitcoin ETF,Bitwise,BTC,0.2,34.506,-3.7089,151.02,1560300,4-3
1974,BITB,0.860994,-0.144637,52.15,2024-12-02,Bitwise Bitcoin ETF,Bitwise,BTC,0.2,34.506,-3.7134,148.98,1953000,3-3
1975,BITB,0.844489,-0.233543,52.13,2024-12-03,Bitwise Bitcoin ETF,Bitwise,BTC,0.2,32.618,-3.7225,146.29,1202000,3-2
1976,BITB,0.869365,-0.233543,53.95,2024-12-04,Bitwise Bitcoin ETF,Bitwise,BTC,0.2,32.618,-3.7088,144.9,1770100,4-2
1977,BITB,0.807655,-0.233543,53.96,2024-12-05,Bitwise Bitcoin ETF,Bitwise,BTC,0.2,32.618,-3.743,145.71,2227800,3-2
1978,BITB,0.771231,0.280533,55.33,2024-12-06,Bitwise Bitcoin ETF,Bitwise,BTC,0.2,43.533,-3.7631,139.78,1892700,3-3
1979,BITB,0.888583,-0.03432,52.4,2024-12-09,Bitwise Bitcoin ETF,Bitwise,BTC,0.2,36.848,-3.6981,140.03,1640600,4-3
1980,BITB,0.888999,-0.112988,52.5,2024-12-10,Bitwise Bitcoin ETF,Bitwise,BTC,0.2,35.178,-3.6979,137.24,1416500,4-3
1981,BITB,0.890308,-0.112988,55.22,2024-12-11,Bitwise Bitcoin ETF,Bitwise,BTC,0.2,35.178,-3.6971,128.65,2147600,4-3
1982,BITB,0.897637,0.218202,54.51,2024-12-12,Bitwise Bitcoin ETF,Bitwise,BTC,0.2,42.209,-3.6931,122.32,1281700,4-3
1983,BITB,0.926936,0.598853,55.4,2024-12-13,Bitwise Bitcoin ETF,Bitwise,BTC,0.2,50.291,-3.6768,117.08,1749100,4-4
1984,BITB,0.944,0.598853,57.65,2024-12-16,Bitwise Bitcoin ETF,Bitwise,BTC,0.2,50.291,-3.6674,117.52,2285900,4-4
1985,BITB,0.875523,-0.044999,58.14,2024-12-17,Bitwise Bitcoin ETF,Bitwise,BTC,0.2,36.621,-3.7053,118.39,2020600,4-3
1986,BITB,0.952741,-0.044999,54.78,2024-12-18,Bitwise Bitcoin ETF,Bitwise,BTC,0.2,36.621,-3.6625,119.19,2467000,4-3
1987,BITB,0.989688,-0.044999,52.41,2024-12-19,Bitwise Bitcoin ETF,Bitwise,BTC,0.2,36.621,-3.6421,120.04,2744400,4-3
1988,BITB,0.96002,-0.044999,52.51,2024-12-20,Bitwise Bitcoin ETF,Bitwise,BTC,0.2,36.621,-3.6585,119.85,1727800,4-3
1989,BITB,0.986427,-0.044999,50.64,2024-12-23,Bitwise Bitcoin ETF,Bitwise,BTC,0.2,36.621,-3.6439,116.57,1747500,4-3
1990,BITB,1.107975,-0.170579,53.85,2024-12-24,Bitwise Bitcoin ETF,Bitwise,BTC,0.2,33.955,-3.5765,112.94,1304400,4-3
1991,BITB,1.146975,-0.170579,52.0,2024-12-26,Bitwise Bitcoin ETF,Bitwise,BTC,0.2,33.955,-3.5549,102.7,1534700,4-3
1992,BITB,1.12121,-0.099177,51.42,2024-12-27,Bitwise Bitcoin ETF,Bitwise,BTC,0.2,35.471,-3.5692,101.14,2289400,4-3
1993,BITB,1.058021,-0.099177,51.33,2024-12-30,Bitwise Bitcoin ETF,Bitwise,BTC,0.2,35.471,-3.6042,99.7,2049500,4-3
1994,BITB,1.070823,-0.099177,50.85,2024-12-31,Bitwise Bitcoin ETF,Bitwise,BTC,0.2,35.471,-3.5971,98.89,1288700,4-3
1995,BITB,1.103453,-0.099177,53.0,2025-01-02,Bitwise Bitcoin ETF,Bitwise,BTC,0.2,35.471,-3.579,99.34,2102900,4-3
1996,BITB,1.118642,-0.274517,53.57,2025-01-03,Bitwise Bitcoin ETF,Bitwise,BTC,0.2,31.748,-3.5706,100.81,1744400,4-2
1997,BITB,1.113209,-0.274517,55.66,2025-01-06,Bitwise Bitcoin ETF,Bitwise,BTC,0.2,31.748,-3.5736,101.95,2146400,4-2
1998,BITB,1.152104,-0.274517,52.45,2025-01-07,Bitwise Bitcoin ETF,Bitwise,BTC,0.2,31.748,-3.5521,106.09,3949000,4-2
1999,BITB,1.166158,-0.788592,51.11,2025-01-08,Bitwise Bitcoin ETF,Bitwise,BTC,0.2,20.833,-3.5443,104.66,1463400,4-1
2000,BITB,1.096904,-0.008506,51.59,2025-01-10,Bitwise Bitcoin ETF,Bitwise,BTC,0.2,37.396,-3.5826,104.11,1442400,4-3
2001,BITB,1.115307,-0.008506,50.98,2025-01-13,Bitwise Bitcoin ETF,Bitwise,BTC,0.2,37.396,-3.5724,104.2,1494700,4-3
2002,BITB,1.147772,-0.008506,52.52,2025-01-14,Bitwise Bitcoin ETF,Bitwise,BTC,0.2,37.396,-3.5545,100.69,853800,4-3
2003,BITB,1.18524,-0.339695,54.22,2025-01-15,Bitwise Bitcoin ETF,Bitwise,BTC,0.2,30.364,-3.5337,100.57,1244400,4-2
2004,BITB,1.186805,-0.443061,54.68,2025-01-16,Bitwise Bitcoin ETF,Bitwise,BTC,0.2,28.17,-3.5328,98.2,861100,4-2
2005,BITB,1.201256,-0.443061,57.08,2025-01-17,Bitwise Bitcoin ETF,Bitwise,BTC,0.2,28.17,-3.5248,96.84,1806000,4-2
2006,BITB,1.20611,-0.107776,57.82,2025-01-21,Bitwise Bitcoin ETF,Bitwise,BTC,0.2,35.288,-3.5221,96.77,2006700,4-3
2007,BITB,1.199661,0.079048,56.82,2025-01-22,Bitwise Bitcoin ETF,Bitwise,BTC,0.2,39.255,-3.5257,92.47,789800,4-3
2008,BITB,1.165584,0.26311,56.23,2025-01-23,Bitwise Bitcoin ETF,Bitwise,BTC,0.2,43.163,-3.5446,97.7,4513500,4-3
2009,BITB,1.184329,0.407838,57.08,2025-01-24,Bitwise Bitcoin ETF,Bitwise,BTC,0.2,46.236,-3.5342,97.69,1582500,4-3
2010,BITB,1.178993,0.407838,55.15,2025-01-27,Bitwise Bitcoin ETF,Bitwise,BTC,0.2,46.236,-3.5372,97.92,1694300,4-3
2011,BITB,1.061852,0.407838,55.07,2025-01-28,Bitwise Bitcoin ETF,Bitwise,BTC,0.2,46.236,-3.6021,97.0,925200,4-3
2012,BITB,1.095162,0.755265,56.78,2025-01-29,Bitwise Bitcoin ETF,Bitwise,BTC,0.2,53.612,-3.5836,95.39,808600,4-4
2013,BITB,1.087171,0.683863,57.05,2025-01-30,Bitwise Bitcoin ETF,Bitwise,BTC,0.2,52.096,-3.588,95.47,2094600,4-4
2014,BITB,1.144636,0.683863,55.26,2025-01-31,Bitwise Bitcoin ETF,Bitwise,BTC,0.2,52.096,-3.5562,94.0,1344000,4-4
2015,BITB,1.127779,0.683863,55.12,2025-02-03,Bitwise Bitcoin ETF,Bitwise,BTC,0.2,52.096,-3.5655,97.17,2397400,4-4
2016,BITB,1.115764,0.967063,53.76,2025-02-04,Bitwise Bitcoin ETF,Bitwise,BTC,0.2,58.109,-3.5722,96.04,1632500,4-4
2017,BITB,1.135787,0.967063,52.97,2025-02-05,Bitwise Bitcoin ETF,Bitwise,BTC,0.2,58.109,-3.5611,94.31,1074800,4-4
2018,BITB,1.098698,1.382206,52.8,2025-02-06,Bitwise Bitcoin ETF,Bitwise,BTC,0.2,66.923,-3.5817,91.47,1134700,4-4
2019,BITB,1.071751,1.961146,52.17,2025-02-07,Bitwise Bitcoin ETF,Bitwise,BTC,0.2,79.215,-3.5966,87.28,2283000,4-4
2020,BITB,1.075111,2.039507,52.99,2025-02-10,Bitwise Bitcoin ETF,Bitwise,BTC,0.2,80.879,-3.5947,85.73,797900,4-4
2021,BITB,1.12488,1.25942,51.87,2025-02-11,Bitwise Bitcoin ETF,Bitwise,BTC,0.2,64.316,-3.5671,84.32,865700,4-4
2022,BITB,1.151521,1.758333,52.82,2025-02-12,Bitwise Bitcoin ETF,Bitwise,BTC,0.2,74.909,-3.5524,83.15,973800,4-4
2023,BITB,1.082634,1.892751,52.42,2025-02-13,Bitwise Bitcoin ETF,Bitwise,BTC,0.2,77.763,-3.5906,83.16,861600,4-4
2024,BITB,1.043982,1.892751,53.0,2025-02-14,Bitwise Bitcoin ETF,Bitwise,BTC,0.2,77.763,-3.612,82.41,976200,4-4
2025,BITB,1.083498,1.615465,51.25,2025-02-18,Bitwise Bitcoin ETF,Bitwise,BTC,0.2,71.876,-3.5901,83.76,1472800,4-4
2026,BITB,1.08633,1.711527,52.35,2025-02-19,Bitwise Bitcoin ETF,Bitwise,BTC,0.2,73.915,-3.5885,81.17,929900,4-4
2027,BITB,1.131846,1.178243,53.65,2025-02-20,Bitwise Bitcoin ETF,Bitwise,BTC,0.2,62.593,-3.5633,78.33,1051200,4-4
2028,BITB,1.125376,1.228992,51.63,2025-02-21,Bitwise Bitcoin ETF,Bitwise,BTC,0.2,63.67,-3.5669,81.55,2176300,4-4
2029,BITB,1.132375,1.04493,51.15,2025-02-24,Bitwise Bitcoin ETF,Bitwise,BTC,0.2,59.762,-3.563,74.29,1980400,4-4
2030,BITB,1.146765,0.900202,47.92,2025-02-25,Bitwise Bitcoin ETF,Bitwise,BTC,0.2,56.689,-3.555,81.38,4994300,4-4
2031,BITB,1.143452,0.949994,45.89,2025-02-26,Bitwise Bitcoin ETF,Bitwise,BTC,0.2,57.746,-3.5568,82.93,2746500,4-4
2032,BITB,1.152422,1.655945,45.36,2025-02-27,Bitwise Bitcoin ETF,Bitwise,BTC,0.2,72.735,-3.5519,86.3,2680000,4-4
2033,BITB,1.072113,1.549367,45.84,2025-02-28,Bitwise Bitcoin ETF,Bitwise,BTC,0.2,70.472,-3.5964,89.56,2496100,4-4
2034,BITB,1.096423,1.549367,46.79,2025-03-03,Bitwise Bitcoin ETF,Bitwise,BTC,0.2,70.472,-3.5829,88.58,2114800,4-4
2035,BITB,1.047686,1.549367,47.26,2025-03-04,Bitwise Bitcoin ETF,Bitwise,BTC,0.2,70.472,-3.6099,89.88,2149700,4-4
2036,BITB,1.160464,1.549367,49.25,2025-03-05,Bitwise Bitcoin ETF,Bitwise,BTC,0.2,70.472,-3.5474,85.99,1024700,4-4
2037,BITB,1.15576,1.778794,48.47,2025-03-06,Bitwise Bitcoin ETF,Bitwise,BTC,0.2,75.343,-3.55,84.86,1322600,4-4
2038,BITB,1.154222,2.376653,47.33,2025-03-07,Bitwise Bitcoin ETF,Bitwise,BTC,0.2,88.037,-3.5509,86.72,2024200,4-4
2039,BITB,1.269043,1.96151,42.99,2025-03-10,Bitwise Bitcoin ETF,Bitwise,BTC,0.2,79.223,-3.4872,88.51,2269500,4-4
2040,BITB,1.366661,2.011041,45.21,2025-03-11,Bitwise Bitcoin ETF,Bitwise,BTC,0.2,80.274,-3.4331,85.22,1104800,4-4
2041,BITB,1.33418,2.485721,45.12,2025-03-12,Bitwise Bitcoin ETF,Bitwise,BTC,0.2,90.352,-3.4511,84.95,812600,4-4
2042,BITB,1.367437,2.918585,43.61,2025-03-13,Bitwise Bitcoin ETF,Bitwise,BTC,0.2,99.543,-3.4327,84.84,978200,4-4
2043,BITB,1.413838,2.419672,46.08,2025-03-14,Bitwise Bitcoin ETF,Bitwise,BTC,0.2,88.95,-3.407,85.57,1447700,4-4
2044,BITB,1.402026,2.708601,45.99,2025-03-17,Bitwise Bitcoin ETF,Bitwise,BTC,0.2,95.085,-3.4135,85.48,939800,4-4
2045,BITB,1.42966,2.708601,44.8,2025-03-18,Bitwise Bitcoin ETF,Bitwise,BTC,0.2,95.085,-3.3982,85.49,1162100,4-4
2046,BITB,1.460556,2.708601,46.55,2025-03-19,Bitwise Bitcoin ETF,Bitwise,BTC,0.2,95.085,-3.3811,84.23,1052100,4-4
2047,BITB,1.476654,3.164616,45.81,2025-03-20,Bitwise Bitcoin ETF,Bitwise,BTC,0.2,104.767,-3.3722,83.15,566500,4-4
2048,BITB,1.451728,3.164616,45.68,2025-03-21,Bitwise Bitcoin ETF,Bitwise,BTC,0.2,104.767,-3.386,81.33,399100,4-4
2049,BITB,1.554813,2.927044,48.04,2025-03-24,Bitwise Bitcoin ETF,Bitwise,BTC,0.2,99.723,-3.3289,77.52,674100,4-4
2050,BITB,1.549794,3.133208,48.0,2025-03-25,Bitwise Bitcoin ETF,Bitwise,BTC,0.2,104.1,-3.3316,74.05,591600,4-4
2051,BITB,1.561322,3.133208,47.09,2025-03-26,Bitwise Bitcoin ETF,Bitwise,BTC,0.2,104.1,-3.3253,64.84,973400,4-4
2052,BITB,1.55418,3.484691,47.38,2025-03-27,Bitwise Bitcoin ETF,Bitwise,BTC,0.2,111.562,-3.3292,59.99,511500,4-4
2053,BITB,1.66508,2.778741,45.58,2025-03-28,Bitwise Bitcoin ETF,Bitwise,BTC,0.2,96.574,-3.2677,55.36,533900,4-4
2054,BITB,1.683725,2.537892,44.88,2025-03-31,Bitwise Bitcoin ETF,Bitwise,BTC,0.2,91.46,-3.2574,51.93,944900,4-4
2055,BITB,1.697854,2.537892,46.27,2025-04-01,Bitwise Bitcoin ETF,Bitwise,BTC,0.2,91.46,-3.2496,50.69,1575100,4-4
2056,BITB,1.714462,2.537892,47.33,2025-04-02,Bitwise Bitcoin ETF,Bitwise,BTC,0.2,91.46,-3.2404,48.92,1361200,4-4
2057,BITB,1.741779,2.537892,44.59,2025-04-03,Bitwise Bitcoin ETF,Bitwise,BTC,0.2,91.46,-3.2252,48.79,1073700,4-4
2058,BITB,1.746821,2.025265,45.69,2025-04-04,Bitwise Bitcoin ETF,Bitwise,BTC,0.2,80.576,-3.2224,49.26,1617600,4-4
2059,BITB,1.765775,1.427406,42.43,2025-04-07,Bitwise Bitcoin ETF,Bitwise,BTC,0.2,67.883,-3.2119,51.03,3135000,4-4
2060,BITB,1.719941,2.403804,41.75,2025-04-08,Bitwise Bitcoin ETF,Bitwise,BTC,0.2,88.613,-3.2373,49.42,1527200,4-4
2061,BITB,1.691989,2.329725,44.77,2025-04-09,Bitwise Bitcoin ETF,Bitwise,BTC,0.2,87.04,-3.2528,52.76,2680300,4-4
2062,BITB,1.720311,2.367172,43.3,2025-04-10,Bitwise Bitcoin ETF,Bitwise,BTC,0.2,87.836,-3.2371,54.28,1586000,4-4
2063,BITB,1.722886,1.934308,45.65,2025-04-11,Bitwise Bitcoin ETF,Bitwise,BTC,0.2,78.645,-3.2357,55.26,1381600,4-4
2064,BITB,1.69381,1.934308,46.22,2025-04-14,Bitwise Bitcoin ETF,Bitwise,BTC,0.2,78.645,-3.2518,53.63,704100,4-4
2065,BITB,1.714833,1.87687,45.74,2025-04-15,Bitwise Bitcoin ETF,Bitwise,BTC,0.2,77.426,-3.2402,52.93,625300,4-4
2066,BITB,1.686321,2.025935,45.92,2025-04-16,Bitwise Bitcoin ETF,Bitwise,BTC,0.2,80.59,-3.256,53.05,1189000,4-4
2067,BITB,1.644953,2.425897,46.23,2025-04-17,Bitwise Bitcoin ETF,Bitwise,BTC,0.2,89.082,-3.2789,52.47,793300,4-4
2068,BITB,1.627485,1.873819,47.57,2025-04-21,Bitwise Bitcoin ETF,Bitwise,BTC,0.2,77.361,-3.2886,54.87,1606400,4-4
2069,BITB,1.643341,1.873819,49.8,2025-04-22,Bitwise Bitcoin ETF,Bitwise,BTC,0.2,77.361,-3.2798,59.79,2441800,4-4
2070,BITB,1.551081,1.873819,50.89,2025-04-23,Bitwise Bitcoin ETF,Bitwise,BTC,0.2,77.361,-3.3309,61.37,1286000,4-4
2071,BITB,1.55063,1.793721,50.96,2025-04-24,Bitwise Bitcoin ETF,Bitwise,BTC,0.2,75.66,-3.3312,62.78,1138400,4-4
2072,BITB,1.536472,1.793721,51.93,2025-04-25,Bitwise Bitcoin ETF,Bitwise,BTC,0.2,75.66,-3.339,64.3,1499300,4-4
2073,BITB,1.527451,1.450742,51.59,2025-04-28,Bitwise Bitcoin ETF,Bitwise,BTC,0.2,68.378,-3.344,65.33,889000,4-4
2074,BITB,1.403332,1.450742,51.88,2025-04-29,Bitwise Bitcoin ETF,Bitwise,BTC,0.2,68.378,-3.4128,65.52,544500,4-4
2075,BITB,1.393839,1.450742,51.23,2025-04-30,Bitwise Bitcoin ETF,Bitwise,BTC,0.2,68.378,-3.4181,65.75,921000,4-4
2076,BITB,1.398597,1.450742,52.59,2025-05-01,Bitwise Bitcoin ETF,Bitwise,BTC,0.2,68.378,-3.4154,64.94,1066000,4-4
2077,BITB,1.372601,1.450742,52.81,2025-05-02,Bitwise Bitcoin ETF,Bitwise,BTC,0.2,68.378,-3.4298,64.13,895200,4-4
2078,BITB,1.28562,1.450742,51.31,2025-05-05,Bitwise Bitcoin ETF,Bitwise,BTC,0.2,68.378,-3.4781,65.07,1319500,4-4
2079,BITB,1.268922,1.695948,51.68,2025-05-06,Bitwise Bitcoin ETF,Bitwise,BTC,0.2,73.584,-3.4873,63.43,762000,4-4
2080,BITB,1.23882,1.695948,52.38,2025-05-07,Bitwise Bitcoin ETF,Bitwise,BTC,0.2,73.584,-3.504,59.24,859600,4-4
2081,BITB,1.305325,0.71955,55.15,2025-05-08,Bitwise Bitcoin ETF,Bitwise,BTC,0.2,52.854,-3.4671,59.14,1117400,4-4
2082,BITB,1.293807,0.165157,56.18,2025-05-09,Bitwise Bitcoin ETF,Bitwise,BTC,0.2,41.083,-3.4735,55.27,689800,4-3
2083,BITB,1.261192,-0.284992,55.43,2025-05-12,Bitwise Bitcoin ETF,Bitwise,BTC,0.2,31.526,-3.4916,55.22,1222100,4-2
2084,BITB,1.226623,-0.227804,57.07,2025-05-13,Bitwise Bitcoin ETF,Bitwise,BTC,0.2,32.74,-3.5108,54.76,936100,4-2
2085,BITB,1.215941,-0.040464,56.21,2025-05-14,Bitwise Bitcoin ETF,Bitwise,BTC,0.2,36.717,-3.5167,55.68,920100,4-3
2086,BITB,1.173384,-0.231949,56.13,2025-05-15,Bitwise Bitcoin ETF,Bitwise,BTC,0.2,32.652,-3.5403,56.81,933300,4-2
2087,BITB,1.188675,-0.381014,56.64,2025-05-16,Bitwise Bitcoin ETF,Bitwise,BTC,0.2,29.487,-3.5318,56.46,835200,4-2
2088,BITB,1.199491,-0.654235,57.45,2025-05-19,Bitwise Bitcoin ETF,Bitwise,BTC,0.2,23.686,-3.5258,57.23,918000,4-2
2089,BITB,1.177218,-0.654235,58.31,2025-05-20,Bitwise Bitcoin ETF,Bitwise,BTC,0.2,23.686,-3.5381,57.15,1283400,4-2
2090,BITB,1.137224,-0.654235,59.16,2025-05-21,Bitwise Bitcoin ETF,Bitwise,BTC,0.2,23.686,-3.5603,60.66,3301800,4-2
2091,BITB,1.119814,-0.654235,60.51,2025-05-22,Bitwise Bitcoin ETF,Bitwise,BTC,0.2,23.686,-3.57,62.82,1829300,4-2
2092,BITB,1.147552,-0.780302,59.2,2025-05-23,Bitwise Bitcoin ETF,Bitwise,BTC,0.2,21.009,-3.5546,64.64,1626000,4-1
2093,BITB,1.130248,-0.7053,59.9,2025-05-27,Bitwise Bitcoin ETF,Bitwise,BTC,0.2,22.602,-3.5642,65.83,1717300,4-1
2094,BITB,1.162346,-0.763596,58.22,2025-05-28,Bitwise Bitcoin ETF,Bitwise,BTC,0.2,21.364,-3.5464,67.18,1276600,4-1
2095,BITB,1.148504,-0.759473,57.45,2025-05-29,Bitwise Bitcoin ETF,Bitwise,BTC,0.2,21.452,-3.554,72.59,2467100,4-1
2096,BITB,1.131096,-0.759473,56.93,2025-05-30,Bitwise Bitcoin ETF,Bitwise,BTC,0.2,21.452,-3.5637,73.47,1154100,4-1
2097,BITB,1.068058,-0.623704,56.86,2025-06-02,Bitwise Bitcoin ETF,Bitwise,BTC,0.2,24.334,-3.5986,73.23,898500,4-2
2098,BITB,1.085671,-0.623704,57.82,2025-06-03,Bitwise Bitcoin ETF,Bitwise,BTC,0.2,24.334,-3.5889,74.8,1388200,4-2
2099,BITB,1.066562,-0.623704,57.14,2025-06-04,Bitwise Bitcoin ETF,Bitwise,BTC,0.2,24.334,-3.5995,73.49,701300,4-2
2100,BITB,1.077644,-0.751601,55.44,2025-06-05,Bitwise Bitcoin ETF,Bitwise,BTC,0.2,21.619,-3.5933,77.2,2114200,4-1
2101,BITB,1.097021,-0.612228,56.76,2025-06-06,Bitwise Bitcoin ETF,Bitwise,BTC,0.2,24.578,-3.5826,77.64,957600,4-2
2102,BITB,1.039016,-0.612228,59.14,2025-06-09,Bitwise Bitcoin ETF,Bitwise,BTC,0.2,24.578,-3.6147,79.11,1562700,4-2
2103,BITB,0.978703,-0.612228,59.6,2025-06-10,Bitwise Bitcoin ETF,Bitwise,BTC,0.2,24.578,-3.6482,80.96,1303300,4-2
2104,BITB,0.970768,-0.351462,59.21,2025-06-11,Bitwise Bitcoin ETF,Bitwise,BTC,0.2,30.114,-3.6526,79.81,735100,4-2
2105,BITB,0.918183,-0.40865,58.11,2025-06-12,Bitwise Bitcoin ETF,Bitwise,BTC,0.2,28.9,-3.6817,80.95,1331100,4-2
2106,BITB,0.901644,-0.59599,57.22,2025-06-13,Bitwise Bitcoin ETF,Bitwise,BTC,0.2,24.923,-3.6909,82.12,1333300,4-2
2107,BITB,0.986538,-0.770413,59.16,2025-06-16,Bitwise Bitcoin ETF,Bitwise,BTC,0.2,21.219,-3.6438,82.69,1090500,4-1
2108,BITB,1.042284,-0.770413,56.98,2025-06-17,Bitwise Bitcoin ETF,Bitwise,BTC,0.2,21.219,-3.6129,83.73,1213900,4-1
2109,BITB,1.018889,-0.575792,56.52,2025-06-18,Bitwise Bitcoin ETF,Bitwise,BTC,0.2,25.351,-3.6259,84.48,1208900,4-2
2110,BITB,0.998559,-0.355148,56.22,2025-06-20,Bitwise Bitcoin ETF,Bitwise,BTC,0.2,30.036,-3.6372,84.47,1328200,4-2
2111,BITB,0.987272,-0.355148,56.2,2025-06-23,Bitwise Bitcoin ETF,Bitwise,BTC,0.2,30.036,-3.6434,78.67,1307800,4-2
2112,BITB,1.016222,-0.355148,57.49,2025-06-24,Bitwise Bitcoin ETF,Bitwise,BTC,0.2,30.036,-3.6274,76.21,1029400,4-2
2113,BITB,1.026898,-0.355148,58.66,2025-06-25,Bitwise Bitcoin ETF,Bitwise,BTC,0.2,30.036,-3.6214,74.88,1163000,4-2
2114,BITB,1.014713,-0.338852,58.53,2025-06-26,Bitwise Bitcoin ETF,Bitwise,BTC,0.2,30.382,-3.6282,72.85,1030000,4-2
2115,BITB,0.967857,-0.122353,58.14,2025-06-27,Bitwise Bitcoin ETF,Bitwise,BTC,0.2,34.979,-3.6542,72.63,1199900,4-3
2116,BITB,0.969129,0.049762,58.59,2025-06-30,Bitwise Bitcoin ETF,Bitwise,BTC,0.2,38.633,-3.6535,69.5,1296500,4-3
2117,BITB,0.98799,0.049762,57.32,2025-07-01,Bitwise Bitcoin ETF,Bitwise,BTC,0.2,38.633,-3.643,70.51,1517100,4-3
2118,BITB,1.030907,-0.086007,59.74,2025-07-02,Bitwise Bitcoin ETF,Bitwise,BTC,0.2,35.75,-3.6192,74.8,2362100,4-3
2119,BITB,1.008428,-0.086007,59.48,2025-07-03,Bitwise Bitcoin ETF,Bitwise,BTC,0.2,35.75,-3.6317,74.13,1113100,4-3
2120,BITB,0.988072,-0.086007,58.78,2025-07-07,Bitwise Bitcoin ETF,Bitwise,BTC,0.2,35.75,-3.643,75.55,1188400,4-3
2121,BITB,0.961251,-0.203316,59.18,2025-07-08,Bitwise Bitcoin ETF,Bitwise,BTC,0.2,33.26,-3.6578,73.3,1182600,4-3
2122,BITB,0.935318,-0.342689,60.86,2025-07-09,Bitwise Bitcoin ETF,Bitwise,BTC,0.2,30.301,-3.6722,75.43,1627500,4-2
2123,BITB,0.878307,-0.342689,61.74,2025-07-10,Bitwise Bitcoin ETF,Bitwise,BTC,0.2,30.301,-3.7038,76.25,1775000,4-2
2124,BITB,0.918765,-0.342689,64.31,2025-07-11,Bitwise Bitcoin ETF,Bitwise,BTC,0.2,30.301,-3.6814,78.62,1982800,4-2
2125,BITB,0.915141,-0.743793,65.25,2025-07-14,Bitwise Bitcoin ETF,Bitwise,BTC,0.2,21.785,-3.6834,81.84,1702100,4-1
2126,BITB,0.902104,-0.743793,63.36,2025-07-15,Bitwise Bitcoin ETF,Bitwise,BTC,0.2,21.785,-3.6906,86.36,2719200,4-1
2127,BITB,0.902762,-0.743793,64.92,2025-07-16,Bitwise Bitcoin ETF,Bitwise,BTC,0.2,21.785,-3.6902,88.35,1819600,4-1
2128,BITB,0.811378,-0.475952,64.76,2025-07-17,Bitwise Bitcoin ETF,Bitwise,BTC,0.2,27.471,-3.7409,87.88,844500,3-2
2129,BITB,0.720125,-0.282681,63.87,2025-07-18,Bitwise Bitcoin ETF,Bitwise,BTC,0.2,31.575,-3.7915,89.92,1752900,3-2
2130,BITB,0.703125,-0.280538,63.53,2025-07-21,Bitwise Bitcoin ETF,Bitwise,BTC,0.2,31.62,-3.8009,92.22,1835000,3-2
2131,BITB,0.730653,-0.453905,64.92,2025-07-22,Bitwise Bitcoin ETF,Bitwise,BTC,0.2,27.939,-3.7856,94.08,1754400,3-2
2132,BITB,0.751203,-0.413138,64.43,2025-07-23,Bitwise Bitcoin ETF,Bitwise,BTC,0.2,28.805,-3.7742,94.33,1221700,3-2
2133,BITB,0.675212,-0.408355,64.78,2025-07-24,Bitwise Bitcoin ETF,Bitwise,BTC,0.2,28.906,-3.8164,96.03,1465200,3-2
2134,BITB,0.653204,-0.408355,63.57,2025-07-25,Bitwise Bitcoin ETF,Bitwise,BTC,0.2,28.906,-3.8286,97.13,1436000,3-2
2135,BITB,0.671658,-0.499652,64.22,2025-07-28,Bitwise Bitcoin ETF,Bitwise,BTC,0.2,26.968,-3.8183,98.62,1426300,3-2
2136,BITB,0.660419,-0.478549,63.91,2025-07-29,Bitwise Bitcoin ETF,Bitwise,BTC,0.2,27.416,-3.8246,99.87,1502300,3-2
2137,BITB,0.644869,-0.433335,63.56,2025-07-30,Bitwise Bitcoin ETF,Bitwise,BTC,0.2,28.376,-3.8332,102.84,2176400,3-2
2138,BITB,0.58088,-0.124604,63.49,2025-07-31,Bitwise Bitcoin ETF,Bitwise,BTC,0.2,34.931,-3.8686,103.84,1699000,3-3
2139,BITB,0.542486,-0.124604,61.51,2025-08-01,Bitwise Bitcoin ETF,Bitwise,BTC,0.2,34.931,-3.8899,106.72,3277200,3-3
2140,BITB,0.590262,0.103369,62.42,2025-08-04,Bitwise Bitcoin ETF,Bitwise,BTC,0.2,39.771,-3.8634,106.53,997000,3-3
2141,BITB,0.582158,0.103369,61.85,2025-08-05,Bitwise Bitcoin ETF,Bitwise,BTC,0.2,39.771,-3.8679,106.33,1060300,3-3
2142,BITB,0.600396,0.103369,62.72,2025-08-06,Bitwise Bitcoin ETF,Bitwise,BTC,0.2,39.771,-3.8578,107.05,1358600,3-3
2143,BITB,0.566924,0.103369,63.98,2025-08-07,Bitwise Bitcoin ETF,Bitwise,BTC,0.2,39.771,-3.8764,108.23,1933500,3-3
2144,BITB,0.563232,0.332217,63.36,2025-08-08,Bitwise Bitcoin ETF,Bitwise,BTC,0.2,44.63,-3.8784,106.94,1303800,3-3
2145,BITB,0.541147,0.332217,64.76,2025-08-11,Bitwise Bitcoin ETF,Bitwise,BTC,0.2,44.63,-3.8907,105.16,1391000,3-3
2146,BITB,0.522145,0.568613,65.09,2025-08-12,Bitwise Bitcoin ETF,Bitwise,BTC,0.2,49.649,-3.9012,103.54,1184200,3-4
2147,BITB,0.532659,0.568613,66.87,2025-08-13,Bitwise Bitcoin ETF,Bitwise,BTC,0.2,49.649,-3.8954,101.57,1956500,3-4
2148,BITB,0.550232,0.568613,64.19,2025-08-14,Bitwise Bitcoin ETF,Bitwise,BTC,0.2,49.649,-3.8856,103.25,2391000,3-4
2149,BITB,0.573485,0.417925,63.63,2025-08-15,Bitwise Bitcoin ETF,Bitwise,BTC,0.2,46.45,-3.8727,103.92,1080700,3-3
2150,BITB,0.56507,0.224654,63.26,2025-08-18,Bitwise Bitcoin ETF,Bitwise,BTC,0.2,42.346,-3.8774,101.56,985600,3-3
2151,BITB,0.62475,-0.098851,61.49,2025-08-19,Bitwise Bitcoin ETF,Bitwise,BTC,0.2,35.478,-3.8443,101.08,1733900,3-3
2152,BITB,0.613191,0.000614,62.15,2025-08-20,Bitwise Bitcoin ETF,Bitwise,BTC,0.2,37.59,-3.8507,99.14,1176400,3-3
2153,BITB,0.657105,0.19428,60.98,2025-08-21,Bitwise Bitcoin ETF,Bitwise,BTC,0.2,41.701,-3.8264,98.78,1167500,3-3
2154,BITB,0.700468,0.373419,63.47,2025-08-22,Bitwise Bitcoin ETF,Bitwise,BTC,0.2,45.505,-3.8024,102.36,2680000,3-3
2155,BITB,0.792219,0.373419,60.27,2025-08-25,Bitwise Bitcoin ETF,Bitwise,BTC,0.2,45.505,-3.7515,102.0,1389500,3-3
2156,BITB,0.775693,0.373419,60.45,2025-08-26,Bitwise Bitcoin ETF,Bitwise,BTC,0.2,45.505,-3.7607,101.89,1477000,3-3
2157,BITB,0.795225,0.135816,60.97,2025-08-27,Bitwise Bitcoin ETF,Bitwise,BTC,0.2,40.46,-3.7498,100.19,986800,3-3
2158,BITB,0.79079,-0.085636,60.9,2025-08-28,Bitwise Bitcoin ETF,Bitwise,BTC,0.2,35.758,-3.7523,96.54,1013400,3-3
2159,BITB,0.851963,-0.394366,58.87,2025-08-29,Bitwise Bitcoin ETF,Bitwise,BTC,0.2,29.203,-3.7184,96.58,1846800,3-2
2160,BITB,0.865599,-0.394366,60.26,2025-09-02,Bitwise Bitcoin ETF,Bitwise,BTC,0.2,29.203,-3.7108,91.86,1701000,4-2
2161,BITB,0.856357,-0.622339,61.05,2025-09-03,Bitwise Bitcoin ETF,Bitwise,BTC,0.2,24.363,-3.716,92.2,1134400,3-2
2162,BITB,0.8835,-0.622339,59.72,2025-09-04,Bitwise Bitcoin ETF,Bitwise,BTC,0.2,24.363,-3.7009,92.79,1306800,4-2
2163,BITB,0.880196,-0.622339,60.71,2025-09-05,Bitwise Bitcoin ETF,Bitwise,BTC,0.2,24.363,-3.7028,94.08,1850700,4-2
2164,BITB,0.861279,-0.531616,60.98,2025-09-08,Bitwise Bitcoin ETF,Bitwise,BTC,0.2,26.289,-3.7132,91.63,1183700,3-2
2165,BITB,0.857175,-0.638342,60.57,2025-09-09,Bitwise Bitcoin ETF,Bitwise,BTC,0.2,24.023,-3.7155,91.02,1152400,3-2
2166,BITB,0.848253,-0.638342,61.81,2025-09-10,Bitwise Bitcoin ETF,Bitwise,BTC,0.2,24.023,-3.7205,91.63,1665600,3-2
2167,BITB,0.856147,-0.828443,62.3,2025-09-11,Bitwise Bitcoin ETF,Bitwise,BTC,0.2,19.987,-3.7161,91.49,1191100,3-1
2168,BITB,0.876752,-0.828443,63.6,2025-09-12,Bitwise Bitcoin ETF,Bitwise,BTC,0.2,19.987,-3.7047,88.4,1034800,4-1
2169,BITB,0.860625,-0.828443,62.73,2025-09-15,Bitwise Bitcoin ETF,Bitwise,BTC,0.2,19.987,-3.7136,84.69,1206000,3-1
2170,BITB,0.881829,-0.945597,63.57,2025-09-16,Bitwise Bitcoin ETF,Bitwise,BTC,0.2,17.5,-3.7018,84.07,876200,4-1
2171,BITB,0.880399,-0.700351,62.91,2025-09-17,Bitwise Bitcoin ETF,Bitwise,BTC,0.2,22.707,-3.7026,86.88,1930600,4-1
2172,BITB,0.861151,-0.700351,63.94,2025-09-18,Bitwise Bitcoin ETF,Bitwise,BTC,0.2,22.707,-3.7133,86.49,1538200,3-1
2173,BITB,0.876462,-0.847093,62.61,2025-09-19,Bitwise Bitcoin ETF,Bitwise,BTC,0.2,19.591,-3.7048,87.43,1484200,4-1
2174,BITB,0.923113,-1.081526,61.0,2025-09-22,Bitwise Bitcoin ETF,Bitwise,BTC,0.2,14.614,-3.679,86.42,819500,4-1
2175,BITB,0.903688,-1.081148,60.72,2025-09-23,Bitwise Bitcoin ETF,Bitwise,BTC,0.2,14.622,-3.6897,80.04,593800,4-1
2176,BITB,0.868974,-1.081148,61.71,2025-09-24,Bitwise Bitcoin ETF,Bitwise,BTC,0.2,14.622,-3.709,77.84,606900,4-1
2177,BITB,0.909996,-1.081148,59.46,2025-09-25,Bitwise Bitcoin ETF,Bitwise,BTC,0.2,14.622,-3.6862,80.55,2459400,4-1
2178,BITB,0.887612,-0.881034,59.37,2025-09-26,Bitwise Bitcoin ETF,Bitwise,BTC,0.2,18.871,-3.6986,81.19,1240500,4-1
2179,BITB,0.946634,-0.881034,62.24,2025-09-29,Bitwise Bitcoin ETF,Bitwise,BTC,0.2,18.871,-3.6659,84.72,2183200,4-1
2180,BITB,0.891535,-0.652982,62.22,2025-09-30,Bitwise Bitcoin ETF,Bitwise,BTC,0.2,23.713,-3.6965,83.27,1257800,4-2
2181,BITB,0.895143,-0.652982,63.92,2025-10-01,Bitwise Bitcoin ETF,Bitwise,BTC,0.2,23.713,-3.6945,83.58,1706200,4-2
2182,BITB,0.913062,-0.652982,65.8,2025-10-02,Bitwise Bitcoin ETF,Bitwise,BTC,0.2,23.713,-3.6845,85.11,1539100,4-2
2183,BITB,0.882824,-0.652982,66.82,2025-10-03,Bitwise Bitcoin ETF,Bitwise,BTC,0.2,23.713,-3.7013,87.61,1953000,4-2
2184,BITB,0.887111,-0.652982,68.27,2025-10-06,Bitwise Bitcoin ETF,Bitwise,BTC,0.2,23.713,-3.6989,88.3,1857900,4-2
2185,BITB,0.908917,-0.743706,66.14,2025-10-07,Bitwise Bitcoin ETF,Bitwise,BTC,0.2,21.786,-3.6868,93.24,2662300,4-1
2186,BITB,0.917615,-0.574598,67.12,2025-10-08,Bitwise Bitcoin ETF,Bitwise,BTC,0.2,25.377,-3.682,94.76,1512800,4-2
2187,BITB,0.906493,-0.566247,65.83,2025-10-09,Bitwise Bitcoin ETF,Bitwise,BTC,0.2,25.554,-3.6882,96.68,2178800,4-2
2188,BITB,0.913821,-0.561266,63.4,2025-10-10,Bitwise Bitcoin ETF,Bitwise,BTC,0.2,25.66,-3.6841,105.35,4039500,4-2
2189,BITB,0.861334,-0.561266,63.05,2025-10-13,Bitwise Bitcoin ETF,Bitwise,BTC,0.2,25.66,-3.7132,110.39,2724400,3-2
2190,BITB,0.854085,-0.561266,61.25,2025-10-14,Bitwise Bitcoin ETF,Bitwise,BTC,0.2,25.66,-3.7172,116.32,3269500,3-2
2191,BITB,0.830519,-0.27879,60.52,2025-10-15,Bitwise Bitcoin ETF,Bitwise,BTC,0.2,31.657,-3.7303,118.45,1657800,3-2
2192,BITB,0.836035,-0.524036,58.86,2025-10-16,Bitwise Bitcoin ETF,Bitwise,BTC,0.2,26.45,-3.7272,124.33,4161900,3-2
2193,BITB,0.817502,-0.524036,57.88,2025-10-17,Bitwise Bitcoin ETF,Bitwise,BTC,0.2,26.45,-3.7375,130.58,3966100,3-2
2194,BITB,0.838013,-0.524036,60.29,2025-10-20,Bitwise Bitcoin ETF,Bitwise,BTC,0.2,26.45,-3.7261,132.07,2062100,3-2
2195,BITB,0.737228,-0.378323,60.84,2025-10-21,Bitwise Bitcoin ETF,Bitwise,BTC,0.2,29.544,-3.782,139.31,3319200,3-2
2196,BITB,0.765049,-0.562623,58.6,2025-10-22,Bitwise Bitcoin ETF,Bitwise,BTC,0.2,25.631,-3.7666,144.65,2530400,3-2
2197,BITB,0.717177,-0.562623,59.94,2025-10-23,Bitwise Bitcoin ETF,Bitwise,BTC,0.2,25.631,-3.7931,147.79,1723900,3-2
2198,BITB,0.665837,-0.349487,60.16,2025-10-24,Bitwise Bitcoin ETF,Bitwise,BTC,0.2,30.156,-3.8216,145.24,1540400,3-2
2199,BITB,0.782254,-0.5496,62.52,2025-10-27,Bitwise Bitcoin ETF,Bitwise,BTC,0.2,25.908,-3.757,145.21,1166000,3-2
2200,BITB,0.72843,-0.411472,61.81,2025-10-28,Bitwise Bitcoin ETF,Bitwise,BTC,0.2,28.84,-3.7869,143.99,1785100,3-2
2201,BITB,0.749525,-0.639525,60.12,2025-10-29,Bitwise Bitcoin ETF,Bitwise,BTC,0.2,23.998,-3.7752,153.77,4719300,3-2
2202,BITB,0.733544,-0.639525,57.83,2025-10-30,Bitwise Bitcoin ETF,Bitwise,BTC,0.2,23.998,-3.784,159.09,3815100,3-2
2203,BITB,0.717493,-0.639525,59.67,2025-10-31,Bitwise Bitcoin ETF,Bitwise,BTC,0.2,23.998,-3.7929,161.16,2427600,3-2
2204,BITB,0.734678,-0.639525,57.98,2025-11-03,Bitwise Bitcoin ETF,Bitwise,BTC,0.2,23.998,-3.7834,162.04,2569100,3-2
2205,BITB,0.746453,-0.639525,54.77,2025-11-04,Bitwise Bitcoin ETF,Bitwise,BTC,0.2,23.998,-3.7769,168.24,4692600,3-2
2206,BITB,0.753386,-0.36021,56.48,2025-11-05,Bitwise Bitcoin ETF,Bitwise,BTC,0.2,29.929,-3.773,166.79,2577300,3-2
2207,BITB,0.761097,-0.651439,54.85,2025-11-06,Bitwise Bitcoin ETF,Bitwise,BTC,0.2,23.745,-3.7688,169.7,2968100,3-2
2208,BITB,0.76964,-0.284895,56.39,2025-11-07,Bitwise Bitcoin ETF,Bitwise,BTC,0.2,31.528,-3.764,170.43,2813900,3-2
2209,BITB,0.785903,-0.336171,57.63,2025-11-10,Bitwise Bitcoin ETF,Bitwise,BTC,0.2,30.439,-3.755,162.88,1694900,3-2
2210,BITB,0.855184,-0.336171,55.88,2025-11-11,Bitwise Bitcoin ETF,Bitwise,BTC,0.2,30.439,-3.7166,158.64,1477600,3-2
2211,BITB,0.840819,-0.089245,55.2,2025-11-12,Bitwise Bitcoin ETF,Bitwise,BTC,0.2,35.682,-3.7246,157.27,3107400,3-3
2212,BITB,0.847002,-0.37172,53.25,2025-11-13,Bitwise Bitcoin ETF,Bitwise,BTC,0.2,29.684,-3.7211,163.84,4476700,3-2
2213,BITB,0.869233,-0.37172,51.24,2025-11-14,Bitwise Bitcoin ETF,Bitwise,BTC,0.2,29.684,-3.7088,160.2,3288100,4-2
2214,BITB,0.869702,-0.37172,49.92,2025-11-17,Bitwise Bitcoin ETF,Bitwise,BTC,0.2,29.684,-3.7086,165.71,6915500,4-2
2215,BITB,0.817577,-0.029419,50.44,2025-11-18,Bitwise Bitcoin ETF,Bitwise,BTC,0.2,36.952,-3.7375,167.53,3223000,3-3
2216,BITB,0.840245,-0.175132,48.62,2025-11-19,Bitwise Bitcoin ETF,Bitwise,BTC,0.2,33.858,-3.7249,169.0,4790300,3-3
2217,BITB,0.826902,0.110909,46.91,2025-11-20,Bitwise Bitcoin ETF,Bitwise,BTC,0.2,39.931,-3.7323,171.1,4099500,3-3
2218,BITB,0.794904,0.110909,45.95,2025-11-21,Bitwise Bitcoin ETF,Bitwise,BTC,0.2,39.931,-3.75,181.77,7123600,3-3
2219,BITB,0.858545,-0.102227,48.45,2025-11-24,Bitwise Bitcoin ETF,Bitwise,BTC,0.2,35.406,-3.7148,184.45,3076200,3-3
2220,BITB,0.77167,0.186247,47.48,2025-11-25,Bitwise Bitcoin ETF,Bitwise,BTC,0.2,41.531,-3.7629,190.35,4142500,3-3
2221,BITB,0.809192,0.048119,48.86,2025-11-26,Bitwise Bitcoin ETF,Bitwise,BTC,0.2,38.598,-3.7421,189.94,2084400,3-3
2222,BITB,0.813676,0.048119,49.32,2025-11-28,Bitwise Bitcoin ETF,Bitwise,BTC,0.2,38.598,-3.7396,180.16,1589500,3-3
2223,BITB,0.845788,0.048119,46.47,2025-12-01,Bitwise Bitcoin ETF,Bitwise,BTC,0.2,38.598,-3.7218,178.09,3812000,3-3
2224,BITB,0.88155,0.048119,49.5,2025-12-02,Bitwise Bitcoin ETF,Bitwise,BTC,0.2,38.598,-3.702,178.67,3172000,4-3
2225,BITB,0.881278,0.048119,50.52,2025-12-03,Bitwise Bitcoin ETF,Bitwise,BTC,0.2,38.598,-3.7022,176.65,2109000,4-3
2226,BITB,0.846193,0.176004,50.3,2025-12-04,Bitwise Bitcoin ETF,Bitwise,BTC,0.2,41.313,-3.7216,169.74,2222100,3-3
2227,BITB,0.865585,-0.10331,48.55,2025-12-05,Bitwise Bitcoin ETF,Bitwise,BTC,0.2,35.383,-3.7108,168.22,2344500,4-3
2228,BITB,0.869478,0.112275,49.37,2025-12-08,Bitwise Bitcoin ETF,Bitwise,BTC,0.2,39.96,-3.7087,164.46,1694300,4-3
2229,BITB,0.882133,-0.216007,50.6,2025-12-09,Bitwise Bitcoin ETF,Bitwise,BTC,0.2,32.99,-3.7017,161.75,2014900,4-3
2230,BITB,0.849895,0.276882,50.29,2025-12-10,Bitwise Bitcoin ETF,Bitwise,BTC,0.2,43.455,-3.7195,162.48,2243800,3-3
2231,BITB,0.783918,0.276882,49.89,2025-12-11,Bitwise Bitcoin ETF,Bitwise,BTC,0.2,43.455,-3.7561,166.15,3200400,3-3
2232,BITB,0.800472,0.457849,49.04,2025-12-12,Bitwise Bitcoin ETF,Bitwise,BTC,0.2,47.297,-3.7469,163.44,2336200,3-3
2233,BITB,0.842575,0.457849,46.61,2025-12-15,Bitwise Bitcoin ETF,Bitwise,BTC,0.2,47.297,-3.7236,158.83,3041700,3-3
2234,BITB,0.817859,0.558284,47.59,2025-12-16,Bitwise Bitcoin ETF,Bitwise,BTC,0.2,49.43,-3.7373,160.23,4157800,3-4
2235,BITB,0.838677,0.652671,46.63,2025-12-17,Bitwise Bitcoin ETF,Bitwise,BTC,0.2,51.434,-3.7258,149.21,2439800,3-4
2236,BITB,0.841675,0.997852,45.93,2025-12-18,Bitwise Bitcoin ETF,Bitwise,BTC,0.2,58.763,-3.7241,150.6,4174700,3-4
2237,BITB,0.869006,1.333025,47.8,2025-12-19,Bitwise Bitcoin ETF,Bitwise,BTC,0.2,65.879,-3.709,145.88,2797100,4-4
2238,BITB,0.838241,1.070003,47.97,2025-12-22,Bitwise Bitcoin ETF,Bitwise,BTC,0.2,60.294,-3.726,142.73,2628700,3-4
2239,BITB,0.836845,1.070003,47.61,2025-12-23,Bitwise Bitcoin ETF,Bitwise,BTC,0.2,60.294,-3.7268,133.53,2818200,3-4
2240,BITB,0.784114,1.198908,47.4,2025-12-24,Bitwise Bitcoin ETF,Bitwise,BTC,0.2,63.031,-3.756,128.55,941200,3-4
2241,BITB,0.768419,0.95458,47.54,2025-12-26,Bitwise Bitcoin ETF,Bitwise,BTC,0.2,57.844,-3.7647,123.9,2082700,3-4
2242,BITB,0.721301,1.115841,47.31,2025-12-29,Bitwise Bitcoin ETF,Bitwise,BTC,0.2,61.268,-3.7908,122.32,1451100,3-4
2243,BITB,0.708081,1.115841,47.73,2025-12-30,Bitwise Bitcoin ETF,Bitwise,BTC,0.2,61.268,-3.7981,125.31,2955200,3-4
2244,BITB,0.632502,1.188489,47.56,2025-12-31,Bitwise Bitcoin ETF,Bitwise,BTC,0.2,62.81,-3.84,122.79,2615500,3-4
2245,BITB,0.553825,1.188489,48.8,2026-01-02,Bitwise Bitcoin ETF,Bitwise,BTC,0.2,62.81,-3.8836,126.23,4694500,3-4
2246,BITB,0.552475,1.188489,51.21,2026-01-05,Bitwise Bitcoin ETF,Bitwise,BTC,0.2,62.81,-3.8844,133.45,5041600,3-4
2247,BITB,0.570937,1.290161,50.25,2026-01-06,Bitwise Bitcoin ETF,Bitwise,BTC,0.2,64.969,-3.8742,136.76,3608000,3-4
2248,BITB,0.509986,1.290161,49.41,2026-01-07,Bitwise Bitcoin ETF,Bitwise,BTC,0.2,64.969,-3.9079,139.28,3374000,3-4
2249,BITB,0.451639,1.074576,49.35,2026-01-08,Bitwise Bitcoin ETF,Bitwise,BTC,0.2,60.392,-3.9403,139.44,1763300,3-4
2250,BITB,0.390513,1.240574,49.0,2026-01-09,Bitwise Bitcoin ETF,Bitwise,BTC,0.2,63.916,-3.9741,140.18,2399000,3-4
2251,BITB,0.402061,1.104799,49.69,2026-01-12,Bitwise Bitcoin ETF,Bitwise,BTC,0.2,61.033,-3.9677,142.41,3214400,3-4
2252,BITB,0.464121,1.104799,51.34,2026-01-13,Bitwise Bitcoin ETF,Bitwise,BTC,0.2,61.033,-3.9334,141.39,2691100,3-4
2253,BITB,0.481386,0.676906,53.08,2026-01-14,Bitwise Bitcoin ETF,Bitwise,BTC,0.2,51.948,-3.9238,143.69,3070000,3-4
2254,BITB,0.431611,0.880753,51.72,2026-01-15,Bitwise Bitcoin ETF,Bitwise,BTC,0.2,56.276,-3.9514,142.99,2454900,3-4
2255,BITB,0.403716,0.780318,51.9,2026-01-16,Bitwise Bitcoin ETF,Bitwise,BTC,0.2,54.144,-3.9668,140.75,2908600,3-4
2256,BITB,0.481103,0.685931,48.63,2026-01-20,Bitwise Bitcoin ETF,Bitwise,BTC,0.2,52.14,-3.9239,142.81,3229300,3-4
2257,BITB,0.468799,-0.001552,48.95,2026-01-21,Bitwise Bitcoin ETF,Bitwise,BTC,0.2,37.544,-3.9308,141.51,3357700,3-3
2258,BITB,0.402385,-0.144928,48.55,2026-01-22,Bitwise Bitcoin ETF,Bitwise,BTC,0.2,34.499,-3.9676,139.12,1718700,3-3
2259,BITB,0.395975,0.035716,48.59,2026-01-23,Bitwise Bitcoin ETF,Bitwise,BTC,0.2,38.335,-3.9711,137.15,1744000,3-3
2260,BITB,0.45179,0.035716,47.55,2026-01-26,Bitwise Bitcoin ETF,Bitwise,BTC,0.2,38.335,-3.9402,135.4,2051100,3-3
2261,BITB,0.471978,0.190862,48.51,2026-01-27,Bitwise Bitcoin ETF,Bitwise,BTC,0.2,41.629,-3.929,139.15,2543700,3-3
2262,BITB,0.470039,0.146715,48.38,2026-01-28,Bitwise Bitcoin ETF,Bitwise,BTC,0.2,40.692,-3.9301,139.84,2342800,3-3
2263,BITB,0.52101,-0.014545,45.67,2026-01-29,Bitwise Bitcoin ETF,Bitwise,BTC,0.2,37.268,-3.9018,148.18,5338400,3-3
2264,BITB,0.507247,-0.014545,45.51,2026-01-30,Bitwise Bitcoin ETF,Bitwise,BTC,0.2,37.268,-3.9094,151.39,4583000,3-3
2265,BITB,0.566282,-0.087194,42.34,2026-02-02,Bitwise Bitcoin ETF,Bitwise,BTC,0.2,35.725,-3.8767,160.35,7378800,3-3
2266,BITB,0.548272,-0.087194,41.47,2026-02-03,Bitwise Bitcoin ETF,Bitwise,BTC,0.2,35.725,-3.8867,169.63,10223100,3-3
2267,BITB,0.558659,0.084134,39.84,2026-02-04,Bitwise Bitcoin ETF,Bitwise,BTC,0.2,39.363,-3.881,165.89,4511800,3-3
2268,BITB,0.625165,-0.145423,34.56,2026-02-05,Bitwise Bitcoin ETF,Bitwise,BTC,0.2,34.489,-3.8441,176.65,11785700,3-3
2269,BITB,0.74056,0.123118,38.04,2026-02-06,Bitwise Bitcoin ETF,Bitwise,BTC,0.2,40.191,-3.7801,176.62,4362100,3-3
2270,BITB,0.751546,0.697723,38.44,2026-02-09,Bitwise Bitcoin ETF,Bitwise,BTC,0.2,52.39,-3.7741,180.36,4309100,3-4
2271,BITB,0.7836,0.604795,37.35,2026-02-10,Bitwise Bitcoin ETF,Bitwise,BTC,0.2,50.417,-3.7563,181.35,3701400,3-4
2272,BITB,0.799716,0.247681,36.69,2026-02-11,Bitwise Bitcoin ETF,Bitwise,BTC,0.2,42.835,-3.7474,178.92,2962400,3-3
2273,BITB,0.803722,0.951791,35.5,2026-02-12,Bitwise Bitcoin ETF,Bitwise,BTC,0.2,57.785,-3.7451,178.48,3632400,3-4
2274,BITB,0.838786,0.951791,37.35,2026-02-13,Bitwise Bitcoin ETF,Bitwise,BTC,0.2,57.785,-3.7257,177.13,3604300,3-4
2275,BITB,0.825148,0.928566,36.79,2026-02-17,Bitwise Bitcoin ETF,Bitwise,BTC,0.2,57.292,-3.7333,176.36,3012900,3-4
2276,BITB,0.869197,1.325079,35.96,2026-02-18,Bitwise Bitcoin ETF,Bitwise,BTC,0.2,65.71,-3.7088,173.56,2564600,4-4
2277,BITB,0.817903,1.525104,36.45,2026-02-19,Bitwise Bitcoin ETF,Bitwise,BTC,0.2,69.957,-3.7373,170.26,2406900,3-4
2278,BITB,0.819529,1.525104,36.79,2026-02-20,Bitwise Bitcoin ETF,Bitwise,BTC,0.2,69.957,-3.7364,171.67,5269400,3-4
2279,BITB,0.869959,1.333307,35.01,2026-02-23,Bitwise Bitcoin ETF,Bitwise,BTC,0.2,65.885,-3.7084,174.36,3996100,4-4
2280,BITB,0.906336,1.129644,35.01,2026-02-24,Bitwise Bitcoin ETF,Bitwise,BTC,0.2,61.561,-3.6883,173.85,2117700,4-4
2281,BITB,0.965172,1.129644,37.59,2026-02-25,Bitwise Bitcoin ETF,Bitwise,BTC,0.2,61.561,-3.6557,175.46,3493100,4-4
2282,BITB,0.962817,1.197614,36.65,2026-02-26,Bitwise Bitcoin ETF,Bitwise,BTC,0.2,63.004,-3.657,177.69,4646100,4-4
2283,BITB,1.014944,1.197614,35.63,2026-02-27,Bitwise Bitcoin ETF,Bitwise,BTC,0.2,63.004,-3.6281,176.41,2424400,4-4
2284,BITB,1.009314,1.197614,37.56,2026-03-02,Bitwise Bitcoin ETF,Bitwise,BTC,0.2,63.004,-3.6312,177.19,6927800,4-4
2285,BITB,1.015314,1.859331,37.06,2026-03-03,Bitwise Bitcoin ETF,Bitwise,BTC,0.2,77.053,-3.6279,179.35,6853900,4-4
2286,BITB,1.021402,1.859331,39.72,2026-03-04,Bitwise Bitcoin ETF,Bitwise,BTC,0.2,77.053,-3.6245,176.8,6515400,4-4
2287,BITB,1.032943,1.925459,38.7,2026-03-05,Bitwise Bitcoin ETF,Bitwise,BTC,0.2,78.457,-3.6181,166.98,5628700,4-4
2288,BITB,1.061289,1.754132,36.98,2026-03-06,Bitwise Bitcoin ETF,Bitwise,BTC,0.2,74.82,-3.6024,163.83,3069000,4-4
2289,BITB,1.016595,1.797643,37.5,2026-03-09,Bitwise Bitcoin ETF,Bitwise,BTC,0.2,75.743,-3.6272,153.66,5167200,4-4
2290,BITB,0.929191,1.529102,38.05,2026-03-10,Bitwise Bitcoin ETF,Bitwise,BTC,0.2,70.042,-3.6756,154.41,4777600,4-4
2291,BITB,0.930102,1.326161,38.37,2026-03-11,Bitwise Bitcoin ETF,Bitwise,BTC,0.2,65.733,-3.6751,152.39,3206900,4-4
2292,BITB,0.894883,1.284614,38.27,2026-03-12,Bitwise Bitcoin ETF,Bitwise,BTC,0.2,64.851,-3.6946,151.37,3052200,4-4
2293,BITB,0.871483,1.284614,38.67,2026-03-13,Bitwise Bitcoin ETF,Bitwise,BTC,0.2,64.851,-3.7076,157.15,5953800,4-4
2294,BITB,0.866284,0.580505,40.18,2026-03-16,Bitwise Bitcoin ETF,Bitwise,BTC,0.2,49.902,-3.7105,158.95,4149300,4-4
2295,BITB,0.799054,0.767194,40.51,2026-03-17,Bitwise Bitcoin ETF,Bitwise,BTC,0.2,53.865,-3.7477,159.37,3537600,3-4
2296,BITB,0.875775,0.586571,38.58,2026-03-18,Bitwise Bitcoin ETF,Bitwise,BTC,0.2,50.03,-3.7052,158.7,2510300,4-4
2297,BITB,0.847051,0.190059,38.16,2026-03-19,Bitwise Bitcoin ETF,Bitwise,BTC,0.2,41.612,-3.7211,159.25,2718600,3-3
2298,BITB,0.816364,0.260534,38.13,2026-03-20,Bitwise Bitcoin ETF,Bitwise,BTC,0.2,43.108,-3.7381,159.59,2486800,3-3
2299,BITB,0.822369,0.260534,38.38,2026-03-23,Bitwise Bitcoin ETF,Bitwise,BTC,0.2,43.108,-3.7348,154.45,2240200,3-3
2300,BITB,0.793747,0.260534,37.65,2026-03-24,Bitwise Bitcoin ETF,Bitwise,BTC,0.2,43.108,-3.7507,151.9,2293700,3-3
2301,BITB,0.833807,0.260534,38.47,2026-03-25,Bitwise Bitcoin ETF,Bitwise,BTC,0.2,43.108,-3.7285,151.12,1501000,3-3
2302,BITB,0.807532,0.260534,37.21,2026-03-26,Bitwise Bitcoin ETF,Bitwise,BTC,0.2,43.108,-3.743,148.71,2171600,3-3
2303,BITB,0.867012,-0.091486,35.84,2026-03-27,Bitwise Bitcoin ETF,Bitwise,BTC,0.2,35.634,-3.7101,144.59,2336400,4-3
2304,BITB,0.818795,-0.091486,36.11,2026-03-30,Bitwise Bitcoin ETF,Bitwise,BTC,0.2,35.634,-3.7368,144.81,2521500,3-3
2305,BITB,0.813385,0.274156,36.81,2026-03-31,Bitwise Bitcoin ETF,Bitwise,BTC,0.2,43.397,-3.7398,137.61,2959500,3-3
2306,BITB,0.820083,-0.387561,37.01,2026-04-01,Bitwise Bitcoin ETF,Bitwise,BTC,0.2,29.348,-3.7361,128.53,1710700,3-2
2307,BITB,0.814091,-0.387561,36.39,2026-04-02,Bitwise Bitcoin ETF,Bitwise,BTC,0.2,29.348,-3.7394,119.58,1946800,3-2
2308,BITB,0.899295,-0.453689,37.87,2026-04-06,Bitwise Bitcoin ETF,Bitwise,BTC,0.2,27.944,-3.6922,112.6,1883200,4-2
2309,BITB,0.854581,-0.453689,37.47,2026-04-07,Bitwise Bitcoin ETF,Bitwise,BTC,0.2,27.944,-3.7169,110.28,1728500,3-2
2310,BITB,0.932463,-0.4972,38.74,2026-04-08,Bitwise Bitcoin ETF,Bitwise,BTC,0.2,27.02,-3.6738,104.27,1744700,4-2
2311,BITB,0.947648,0.062573,39.18,2026-04-09,Bitwise Bitcoin ETF,Bitwise,BTC,0.2,38.905,-3.6654,98.83,1724200,4-3
2312,BITB,0.983472,-0.309092,39.82,2026-04-10,Bitwise Bitcoin ETF,Bitwise,BTC,0.2,31.014,-3.6455,95.73,1451500,4-2
2313,BITB,0.981747,-0.114353,39.85,2026-04-13,Bitwise Bitcoin ETF,Bitwise,BTC,0.2,35.149,-3.6465,93.18,1588200,4-3
2314,BITB,0.9942,-0.114353,40.35,2026-04-14,Bitwise Bitcoin ETF,Bitwise,BTC,0.2,35.149,-3.6396,87.12,2552100,4-3
2315,BITB,0.985887,0.109957,40.76,2026-04-15,Bitwise Bitcoin ETF,Bitwise,BTC,0.2,39.911,-3.6442,81.87,1386100,4-3
2316,BITB,0.986888,0.320295,40.94,2026-04-16,Bitwise Bitcoin ETF,Bitwise,BTC,0.2,44.377,-3.6436,78.37,1704000,4-3
2317,BITB,0.92747,0.320295,42.09,2026-04-17,Bitwise Bitcoin ETF,Bitwise,BTC,0.2,44.377,-3.6766,82.23,4228300,4-3
2318,BITB,0.953148,0.320295,41.46,2026-04-20,Bitwise Bitcoin ETF,Bitwise,BTC,0.2,44.377,-3.6623,80.13,1438700,4-3
2319,BITB,0.997367,0.51729,40.76,2026-04-21,Bitwise Bitcoin ETF,Bitwise,BTC,0.2,48.559,-3.6378,78.58,1527000,4-4
2320,BITB,1.090485,0.51729,42.84,2026-04-22,Bitwise Bitcoin ETF,Bitwise,BTC,0.2,48.559,-3.5862,77.94,1693300,4-4
2321,BITB,1.084378,0.51729,42.23,2026-04-23,Bitwise Bitcoin ETF,Bitwise,BTC,0.2,48.559,-3.5896,77.62,1885600,4-4
2322,BITB,1.031165,0.690847,42.18,2026-04-24,Bitwise Bitcoin ETF,Bitwise,BTC,0.2,52.244,-3.6191,77.94,1526000,4-4
2323,BITB,0.993108,0.817513,41.75,2026-04-27,Bitwise Bitcoin ETF,Bitwise,BTC,0.2,54.934,-3.6402,76.91,1420300,4-4
2324,BITB,0.957094,0.817513,41.45,2026-04-28,Bitwise Bitcoin ETF,Bitwise,BTC,0.2,54.934,-3.6601,74.4,750000,4-4
2325,BITB,0.973764,0.918076,40.98,2026-04-29,Bitwise Bitcoin ETF,Bitwise,BTC,0.2,57.069,-3.6509,73.07,1535900,4-4
2326,BITB,0.99435,0.614753,41.48,2026-04-30,Bitwise Bitcoin ETF,Bitwise,BTC,0.2,50.629,-3.6395,69.8,970900,4-4
2327,BITB,1.034131,0.614753,42.59,2026-05-01,Bitwise Bitcoin ETF,Bitwise,BTC,0.2,50.629,-3.6174,70.52,1843100,4-4
2328,BITB,1.047772,0.614753,43.48,2026-05-04,Bitwise Bitcoin ETF,Bitwise,BTC,0.2,50.629,-3.6099,70.15,1452600,4-4
2329,BITB,1.017595,0.614753,44.32,2026-05-05,Bitwise Bitcoin ETF,Bitwise,BTC,0.2,50.629,-3.6266,69.26,1185500,4-4
2330,BITB,0.99952,0.679741,44.22,2026-05-06,Bitwise Bitcoin ETF,Bitwise,BTC,0.2,52.009,-3.6366,68.29,1005200,4-4
2331,BITB,0.960665,0.679741,43.52,2026-05-07,Bitwise Bitcoin ETF,Bitwise,BTC,0.2,52.009,-3.6582,68.01,1417800,4-4
2332,BITB,0.934501,0.285811,43.54,2026-05-08,Bitwise Bitcoin ETF,Bitwise,BTC,0.2,43.645,-3.6727,66.19,673300,4-3
2333,BITB,0.955453,0.285811,44.51,2026-05-11,Bitwise Bitcoin ETF,Bitwise,BTC,0.2,43.645,-3.661,66.05,1233700,4-3
2334,BITB,0.999244,0.012935,43.87,2026-05-12,Bitwise Bitcoin ETF,Bitwise,BTC,0.2,37.851,-3.6368,65.54,1199100,4-3
2335,BITB,1.014275,0.012935,43.22,2026-05-13,Bitwise Bitcoin ETF,Bitwise,BTC,0.2,37.851,-3.6284,63.95,1606800,4-3
2336,BITB,1.030957,-0.211375,44.22,2026-05-14,Bitwise Bitcoin ETF,Bitwise,BTC,0.2,33.089,-3.6192,65.07,1813400,4-3
2337,BITB,1.084453,-0.608402,42.95,2026-05-15,Bitwise Bitcoin ETF,Bitwise,BTC,0.2,24.659,-3.5895,65.06,1616400,4-2
2338,BITB,1.114687,-0.608402,41.73,2026-05-18,Bitwise Bitcoin ETF,Bitwise,BTC,0.2,24.659,-3.5728,60.31,1875400,4-2
2339,BITB,1.084048,-0.385368,41.68,2026-05-19,Bitwise Bitcoin ETF,Bitwise,BTC,0.2,29.395,-3.5898,58.99,767300,4-2
2340,BITB,1.08852,-0.852863,42.15,2026-05-20,Bitwise Bitcoin ETF,Bitwise,BTC,0.2,19.469,-3.5873,57.78,873700,4-1
2341,BITB,0.983673,-0.63286,42.14,2026-05-21,Bitwise Bitcoin ETF,Bitwise,BTC,0.2,24.14,-3.6454,56.25,956500,4-2
2342,BITB,1.026179,-0.63286,41.14,2026-05-22,Bitwise Bitcoin ETF,Bitwise,BTC,0.2,24.14,-3.6218,55.03,1312000,4-2
2343,BITB,1.026094,-0.462559,41.21,2026-05-26,Bitwise Bitcoin ETF,Bitwise,BTC,0.2,27.756,-3.6219,56.49,2309400,4-2
2344,BITB,1.046121,-0.589225,40.66,2026-05-27,Bitwise Bitcoin ETF,Bitwise,BTC,0.2,25.066,-3.6108,55.78,1091900,4-2
2345,BITB,1.0595,-0.589225,39.82,2026-05-28,Bitwise Bitcoin ETF,Bitwise,BTC,0.2,25.066,-3.6034,57.4,1635300,4-2
2346,BITB,1.03494,-0.441099,39.87,2026-05-29,Bitwise Bitcoin ETF,Bitwise,BTC,0.2,28.211,-3.617,57.44,1599300,4-2
2347,BITB,1.040696,-0.503419,38.81,2026-06-01,Bitwise Bitcoin ETF,Bitwise,BTC,0.2,26.888,-3.6138,59.32,2051000,4-2
2348,BITB,1.081697,-0.503419,36.49,2026-06-02,Bitwise Bitcoin ETF,Bitwise,BTC,0.2,26.888,-3.5911,60.38,2765100,4-2
2349,BITB,1.093014,-0.503419,35.49,2026-06-03,Bitwise Bitcoin ETF,Bitwise,BTC,0.2,26.888,-3.5848,60.64,1929500,4-2
2350,BITB,1.08007,-0.503419,34.51,2026-06-04,Bitwise Bitcoin ETF,Bitwise,BTC,0.2,26.888,-3.592,62.99,2953900,4-2
2351,BITB,1.120914,-0.568407,32.74,2026-06-05,Bitwise Bitcoin ETF,Bitwise,BTC,0.2,25.508,-3.5693,68.28,4753400,4-2
2352,BITB,1.186843,-0.568407,34.4,2026-06-08,Bitwise Bitcoin ETF,Bitwise,BTC,0.2,25.508,-3.5328,68.46,1903100,4-2
2353,BITB,1.217509,-0.734249,33.68,2026-06-09,Bitwise Bitcoin ETF,Bitwise,BTC,0.2,21.987,-3.5158,70.92,2402300,4-1
2354,BITB,1.171241,-0.615916,33.61,2026-06-10,Bitwise Bitcoin ETF,Bitwise,BTC,0.2,24.5,-3.5414,71.21,1814700,4-2
2355,BITB,1.193871,-0.615916,34.51,2026-06-11,Bitwise Bitcoin ETF,Bitwise,BTC,0.2,24.5,-3.5289,71.49,1693400,4-2
2356,BITB,1.166823,-0.5888,34.52,2026-06-12,Bitwise Bitcoin ETF,Bitwise,BTC,0.2,25.075,-3.5439,71.51,2027100,4-2
2357,BITB,1.251975,-0.5888,36.15,2026-06-15,Bitwise Bitcoin ETF,Bitwise,BTC,0.2,25.075,-3.4967,69.95,1310000,4-2
2358,BITB,1.266969,-0.5888,35.63,2026-06-16,Bitwise Bitcoin ETF,Bitwise,BTC,0.2,25.075,-3.4884,67.9,740700,4-2
2359,BITB,1.264483,-0.447657,34.86,2026-06-17,Bitwise Bitcoin ETF,Bitwise,BTC,0.2,28.072,-3.4898,67.17,1808200,4-2
2360,BITB,1.294596,-0.670691,34.13,2026-06-18,Bitwise Bitcoin ETF,Bitwise,BTC,0.2,23.337,-3.4731,68.97,2040700,4-2
2361,BITB,1.329001,-0.670691,34.97,2026-06-22,Bitwise Bitcoin ETF,Bitwise,BTC,0.2,23.337,-3.454,69.08,1118500,4-2
2362,BITB,1.420927,-0.890695,33.84,2026-06-23,Bitwise Bitcoin ETF,Bitwise,BTC,0.2,18.666,-3.4031,68.85,1049600,4-1
2363,BITB,1.416596,-0.890695,32.48,2026-06-24,Bitwise Bitcoin ETF,Bitwise,BTC,0.2,18.666,-3.4055,71.17,3163600,4-1
2364,BITB,1.424801,-0.908618,32.12,2026-06-25,Bitwise Bitcoin ETF,Bitwise,BTC,0.2,18.285,-3.4009,71.71,3312300,4-1
2365,BITB,1.408575,-0.508999,32.37,2026-06-26,Bitwise Bitcoin ETF,Bitwise,BTC,0.2,26.77,-3.4099,72.4,1819100,4-2
2366,BITB,1.396857,0.03459,32.74,2026-06-29,Bitwise Bitcoin ETF,Bitwise,BTC,0.2,38.311,-3.4164,72.01,1741900,4-3
2367,BITB,1.439282,-0.2141,31.86,2026-06-30,Bitwise Bitcoin ETF,Bitwise,BTC,0.2,33.031,-3.3929,71.75,1829100,4-3
2368,BITB,1.440309,-0.2141,32.55,2026-07-01,Bitwise Bitcoin ETF,Bitwise,BTC,0.2,33.031,-3.3923,70.88,1882500,4-3
2369,BITB,1.421509,-0.2141,33.35,2026-07-02,Bitwise Bitcoin ETF,Bitwise,BTC,0.2,33.031,-3.4027,68.9,1779300,4-3
2370,BITB,1.440016,-0.140677,34.58,2026-07-06,Bitwise Bitcoin ETF,Bitwise,BTC,0.2,34.59,-3.3925,68.49,1733100,4-3
2371,BITB,1.417204,0.016465,34.63,2026-07-07,Bitwise Bitcoin ETF,Bitwise,BTC,0.2,37.926,-3.4051,65.88,1361700,4-3
2372,BITB,1.444159,0.016465,33.77,2026-07-08,Bitwise Bitcoin ETF,Bitwise,BTC,0.2,37.926,-3.3902,60.38,1186800,4-3
2373,BITB,1.418936,0.016465,34.31,2026-07-09,Bitwise Bitcoin ETF,Bitwise,BTC,0.2,37.926,-3.4042,58.82,954100,4-3
2374,BITB,1.433364,0.016465,34.7,2026-07-10,Bitwise Bitcoin ETF,Bitwise,BTC,0.2,37.926,-3.3962,56.26,784300,4-3
2375,BITB,1.496044,-0.101869,33.78,2026-07-13,Bitwise Bitcoin ETF,Bitwise,BTC,0.2,35.414,-3.3614,55.1,1080100,4-3
2376,BITB,1.514445,-0.101869,35.05,2026-07-14,Bitwise Bitcoin ETF,Bitwise,BTC,0.2,35.414,-3.3512,54.94,1573300,4-3
2377,BITB,1.533212,-0.128984,35.25,2026-07-15,Bitwise Bitcoin ETF,Bitwise,BTC,0.2,34.838,-3.3408,52.78,699200,4-3
2378,BITB,1.49321,-0.128984,34.88,2026-07-16,Bitwise Bitcoin ETF,Bitwise,BTC,0.2,34.838,-3.363,51.54,608100,4-3
2379,BITB,1.448747,-0.128984,34.82,2026-07-17,Bitwise Bitcoin ETF,Bitwise,BTC,0.2,34.838,-3.3876,52.03,1055800,4-3
2380,BITB,1.448125,-0.270127,35.35,2026-07-20,Bitwise Bitcoin ETF,Bitwise,BTC,0.2,31.841,-3.388,51.15,1257700,4-2
2381,BITB,1.468339,-0.270127,36.07,2026-07-21,Bitwise Bitcoin ETF,Bitwise,BTC,0.2,31.841,-3.3768,49.65,1057800,4-2
2382,BITB,1.448957,-0.270127,35.78,2026-07-22,Bitwise Bitcoin ETF,Bitwise,BTC,0.2,31.841,-3.3875,48.73,555500,4-2
2383,BITB,1.417797,-0.270127,35.15,2026-07-23,Bitwise Bitcoin ETF,Bitwise,BTC,0.2,31.841,-3.4048,48.47,857500,4-2
2384,BITB,1.402356,-0.270127,34.84,2026-07-24,Bitwise Bitcoin ETF,Bitwise,BTC,0.2,31.841,-3.4134,45.35,1068900,4-2
2385,BITB,1.434053,-0.596061,35.23,2026-07-27,Bitwise Bitcoin ETF,Bitwise,BTC,0.2,24.921,-3.3958,41.49,719100,4-2
2386,BITB,1.469953,-0.995681,34.63,2026-07-28,Bitwise Bitcoin ETF,Bitwise,BTC,0.2,16.437,-3.3759,40.24,940500,4-1
2387,BITB,1.459358,-1.539269,34.48,2026-07-29,Bitwise Bitcoin ETF,Bitwise,BTC,0.2,4.895,-3.3818,40.09,1561800,4-1
2388,BITB,1.458832,-1.539269,35.14,2026-07-30,Bitwise Bitcoin ETF,Bitwise,BTC,0.2,4.895,-3.3821,39.27,1168700,4-1
2389,BITB,1.473262,-1.539269,34.13,2026-07-31,Bitwise Bitcoin ETF,Bitwise,BTC,0.2,4.895,-3.3741,39.07,1670200,4-1
2390,BITB,1.469852,-1.190785,34.65,2026-08-03,Bitwise Bitcoin ETF,Bitwise,BTC,0.2,12.294,-3.376,38.18,1177400,4-1
2391,BITB,1.432063,-1.264207,34.86,2026-08-04,Bitwise Bitcoin ETF,Bitwise,BTC,0.2,10.735,-3.3969,36.86,920400,4-1
2392,BITB,1.451372,-1.415533,35.18,2026-08-05,Bitwise Bitcoin ETF,Bitwise,BTC,0.2,7.522,-3.3862,36.42,1079100,4-1
2393,BITB,1.430843,-1.208778,34.95,2026-08-06,Bitwise Bitcoin ETF,Bitwise,BTC,0.2,11.912,-3.3976,35.28,464200,4-1
2394,BITB,1.415417,-1.208778,35.24,2026-08-07,Bitwise Bitcoin ETF,Bitwise,BTC,0.2,11.912,-3.4061,34.95,731100,4-1
2395,BITB,1.403482,-1.208778,34.71,2026-08-10,Bitwise Bitcoin ETF,Bitwise,BTC,0.2,11.912,-3.4127,36.14,1501800,4-1
2396,BITB,1.359408,-1.208778,34.43,2026-08-11,Bitwise Bitcoin ETF,Bitwise,BTC,0.2,11.912,-3.4372,35.72,804400,4-1
2397,BITB,1.294542,-0.987523,34.38,2026-08-12,Bitwise Bitcoin ETF,Bitwise,BTC,0.2,16.61,-3.4731,34.26,709700,4-1
2398,BITB,1.269791,-0.853812,34.39,2026-08-13,Bitwise Bitcoin ETF,Bitwise,BTC,0.2,19.449,-3.4868,34.32,755400,4-1
2399,BITB,1.257552,-0.853812,34.13,2026-08-14,Bitwise Bitcoin ETF,Bitwise,BTC,0.2,19.449,-3.4936,34.23,568100,4-1
2400,BITB,1.336095,-0.853812,34.9,2026-08-17,Bitwise Bitcoin ETF,Bitwise,BTC,0.2,19.449,-3.4501,33.88,844100,4-1
2401,BITB,1.3144,-0.853812,35.07,2026-08-18,Bitwise Bitcoin ETF,Bitwise,BTC,0.2,19.449,-3.4621,33.46,1016100,4-1
2402,BITB,1.295364,-0.853812,37.16,2026-08-19,Bitwise Bitcoin ETF,Bitwise,BTC,0.2,19.449,-3.4727,39.42,4393800,4-1
2403,BITB,1.310316,-0.853812,39.45,2026-08-20,Bitwise Bitcoin ETF,Bitwise,BTC,0.2,19.449,-3.4644,43.73,2794800,4-1
2404,BITB,1.305215,-0.853812,41.82,2026-08-21,Bitwise Bitcoin ETF,Bitwise,BTC,0.2,19.449,-3.4672,47.41,2571011,4-1
2405,IAU,-0.472682,-1.167616,49.52,2024-09-20,iShares Gold Trust,BlackRock,GOLD,0.25,12.786,-4.4526,191.0,5577800,2-1
2406,IAU,-0.500593,-1.167616,49.6,2024-09-23,iShares Gold Trust,BlackRock,GOLD,0.25,12.786,-4.468,191.78,3479200,2-1
2407,IAU,-0.503261,-1.167616,50.31,2024-09-24,iShares Gold Trust,BlackRock,GOLD,0.25,12.786,-4.4695,194.52,5322700,2-1
2408,IAU,-0.52929,-1.12908,50.25,2024-09-25,iShares Gold Trust,BlackRock,GOLD,0.25,13.604,-4.4839,199.0,4024300,2-1
2409,IAU,-0.521468,-1.201144,50.5,2024-09-26,iShares Gold Trust,BlackRock,GOLD,0.25,12.074,-4.4796,201.26,3965300,2-1
2410,IAU,-0.57281,-1.174552,50.09,2024-09-27,iShares Gold Trust,BlackRock,GOLD,0.25,12.639,-4.508,217.46,9018200,2-1
2411,IAU,-0.559004,-1.174552,49.7,2024-09-30,iShares Gold Trust,BlackRock,GOLD,0.25,12.639,-4.5004,218.25,4001500,2-1
2412,IAU,-0.57247,-1.174552,50.21,2024-10-01,iShares Gold Trust,BlackRock,GOLD,0.25,12.639,-4.5079,225.43,6266900,2-1
2413,IAU,-0.595279,-1.174552,50.22,2024-10-02,iShares Gold Trust,BlackRock,GOLD,0.25,12.639,-4.5205,236.16,8670400,2-1
2414,IAU,-0.596375,-1.046128,50.2,2024-10-03,iShares Gold Trust,BlackRock,GOLD,0.25,15.365,-4.5211,245.94,8834200,2-1
2415,IAU,-0.650706,-0.946841,50.08,2024-10-04,iShares Gold Trust,BlackRock,GOLD,0.25,17.473,-4.5512,258.18,8654700,2-1
2416,IAU,-0.657736,-0.988432,49.92,2024-10-07,iShares Gold Trust,BlackRock,GOLD,0.25,16.59,-4.5551,252.36,2530100,2-1
2417,IAU,-0.685611,-1.043259,49.54,2024-10-08,iShares Gold Trust,BlackRock,GOLD,0.25,15.426,-4.5706,271.66,10629200,2-1
2418,IAU,-0.691018,-0.998552,49.27,2024-10-09,iShares Gold Trust,BlackRock,GOLD,0.25,16.376,-4.5736,273.94,3166800,2-1
2419,IAU,-0.632277,-1.145155,49.65,2024-10-10,iShares Gold Trust,BlackRock,GOLD,0.25,13.263,-4.541,273.13,2936600,2-1
2420,IAU,-0.604227,-1.145155,50.16,2024-10-11,iShares Gold Trust,BlackRock,GOLD,0.25,13.263,-4.5255,267.37,2017700,2-1
2421,IAU,-0.649585,-1.037893,50.1,2024-10-14,iShares Gold Trust,BlackRock,GOLD,0.25,15.54,-4.5506,262.37,2166300,2-1
2422,IAU,-0.624073,-1.036191,50.28,2024-10-15,iShares Gold Trust,BlackRock,GOLD,0.25,15.576,-4.5365,264.45,2728800,2-1
2423,IAU,-0.610797,-1.036191,50.53,2024-10-16,iShares Gold Trust,BlackRock,GOLD,0.25,15.576,-4.5291,262.79,2245000,2-1
2424,IAU,-0.599607,-1.121315,50.84,2024-10-17,iShares Gold Trust,BlackRock,GOLD,0.25,13.769,-4.5229,252.63,4507200,2-1
2425,IAU,-0.637283,-1.21852,51.37,2024-10-18,iShares Gold Trust,BlackRock,GOLD,0.25,11.705,-4.5438,257.59,7175600,2-1
2426,IAU,-0.699428,-1.21852,51.38,2024-10-21,iShares Gold Trust,BlackRock,GOLD,0.25,11.705,-4.5782,260.46,6549300,2-1
2427,IAU,-0.648316,-1.21852,51.92,2024-10-22,iShares Gold Trust,BlackRock,GOLD,0.25,11.705,-4.5499,262.9,4308600,2-1
2428,IAU,-0.659289,-1.21852,51.29,2024-10-23,iShares Gold Trust,BlackRock,GOLD,0.25,11.705,-4.556,263.11,5307800,2-1
2429,IAU,-0.612178,-1.173834,51.68,2024-10-24,iShares Gold Trust,BlackRock,GOLD,0.25,12.654,-4.5299,262.06,3483700,2-1
2430,IAU,-0.624086,-1.101368,51.8,2024-10-25,iShares Gold Trust,BlackRock,GOLD,0.25,14.193,-4.5365,259.68,2901100,2-1
2431,IAU,-0.645288,-1.121452,51.78,2024-10-28,iShares Gold Trust,BlackRock,GOLD,0.25,13.766,-4.5482,248.69,4269700,2-1
2432,IAU,-0.666305,-1.121452,52.36,2024-10-29,iShares Gold Trust,BlackRock,GOLD,0.25,13.766,-4.5599,261.72,9023700,2-1
2433,IAU,-0.668293,-1.121452,52.65,2024-10-30,iShares Gold Trust,BlackRock,GOLD,0.25,13.766,-4.561,255.23,3386300,2-1
2434,IAU,-0.633955,-1.121452,51.84,2024-10-31,iShares Gold Trust,BlackRock,GOLD,0.25,13.766,-4.5419,262.56,11368200,2-1
2435,IAU,-0.616959,-1.112612,51.62,2024-11-01,iShares Gold Trust,BlackRock,GOLD,0.25,13.954,-4.5325,255.78,5835100,2-1
2436,IAU,-0.61214,-1.175465,51.7,2024-11-04,iShares Gold Trust,BlackRock,GOLD,0.25,12.619,-4.5298,243.05,3213100,2-1
2437,IAU,-0.622041,-1.09974,51.81,2024-11-05,iShares Gold Trust,BlackRock,GOLD,0.25,14.227,-4.5353,242.8,2337200,2-1
2438,IAU,-0.570089,-1.09974,50.23,2024-11-06,iShares Gold Trust,BlackRock,GOLD,0.25,14.227,-4.5065,243.84,10917700,2-1
2439,IAU,-0.524003,-1.144446,51.06,2024-11-07,iShares Gold Trust,BlackRock,GOLD,0.25,13.278,-4.481,246.87,4299600,2-1
2440,IAU,-0.579793,-1.099632,50.7,2024-11-08,iShares Gold Trust,BlackRock,GOLD,0.25,14.229,-4.5119,307.08,27814500,2-1
2441,IAU,-0.646028,-1.099632,49.51,2024-11-11,iShares Gold Trust,BlackRock,GOLD,0.25,14.229,-4.5486,325.53,9869500,2-1
2442,IAU,-0.630306,-1.206894,49.08,2024-11-12,iShares Gold Trust,BlackRock,GOLD,0.25,11.952,-4.5399,338.37,7707100,2-1
2443,IAU,-0.634222,-1.159116,48.59,2024-11-13,iShares Gold Trust,BlackRock,GOLD,0.25,12.967,-4.5421,352.5,8931800,2-1
2444,IAU,-0.680776,-1.159116,48.46,2024-11-14,iShares Gold Trust,BlackRock,GOLD,0.25,12.967,-4.5679,361.35,6173000,2-1
2445,IAU,-0.707876,-1.033228,48.37,2024-11-15,iShares Gold Trust,BlackRock,GOLD,0.25,15.639,-4.5829,362.42,5204600,2-1
2446,IAU,-0.652439,-1.033228,49.29,2024-11-18,iShares Gold Trust,BlackRock,GOLD,0.25,15.639,-4.5522,358.0,5592000,2-1
2447,IAU,-0.604658,-1.033228,49.74,2024-11-19,iShares Gold Trust,BlackRock,GOLD,0.25,15.639,-4.5257,353.48,4858900,2-1
2448,IAU,-0.62828,-1.033228,50.03,2024-11-20,iShares Gold Trust,BlackRock,GOLD,0.25,15.639,-4.5388,352.66,4127900,2-1
2449,IAU,-0.618297,-1.033228,50.44,2024-11-21,iShares Gold Trust,BlackRock,GOLD,0.25,15.639,-4.5333,347.08,3074400,2-1
2450,IAU,-0.597978,-1.11645,51.08,2024-11-22,iShares Gold Trust,BlackRock,GOLD,0.25,13.872,-4.522,348.82,4238800,2-1
2451,IAU,-0.524734,-1.219325,49.59,2024-11-25,iShares Gold Trust,BlackRock,GOLD,0.25,11.688,-4.4814,359.9,7724200,2-1
2452,IAU,-0.515441,-1.140804,49.69,2024-11-26,iShares Gold Trust,BlackRock,GOLD,0.25,13.355,-4.4762,358.95,4047700,2-1
2453,IAU,-0.536613,-1.140804,49.78,2024-11-27,iShares Gold Trust,BlackRock,GOLD,0.25,13.355,-4.488,354.12,7452800,2-1
2454,IAU,-0.485386,-1.140804,50.25,2024-11-29,iShares Gold Trust,BlackRock,GOLD,0.25,13.355,-4.4596,351.44,2425500,2-1
2455,IAU,-0.474835,-1.140804,49.79,2024-12-02,iShares Gold Trust,BlackRock,GOLD,0.25,13.355,-4.4537,335.47,5103900,2-1
2456,IAU,-0.476478,-1.234413,49.89,2024-12-03,iShares Gold Trust,BlackRock,GOLD,0.25,11.368,-4.4547,328.73,3199000,2-1
2457,IAU,-0.470515,-1.254842,50.04,2024-12-04,iShares Gold Trust,BlackRock,GOLD,0.25,10.934,-4.4514,330.38,4012000,2-1
2458,IAU,-0.44744,-1.330568,49.67,2024-12-05,iShares Gold Trust,BlackRock,GOLD,0.25,9.326,-4.4386,333.5,3758900,2-1
2459,IAU,-0.506807,-1.239298,49.68,2024-12-06,iShares Gold Trust,BlackRock,GOLD,0.25,11.264,-4.4715,321.92,6142600,2-1
2460,IAU,-0.543808,-1.239298,50.17,2024-12-09,iShares Gold Trust,BlackRock,GOLD,0.25,11.264,-4.492,322.61,4664100,2-1
2461,IAU,-0.452989,-1.284112,50.83,2024-12-10,iShares Gold Trust,BlackRock,GOLD,0.25,10.313,-4.4416,262.52,2917100,2-1
2462,IAU,-0.477201,-1.284112,51.3,2024-12-11,iShares Gold Trust,BlackRock,GOLD,0.25,10.313,-4.4551,256.44,7037100,2-1
2463,IAU,-0.453924,-1.284112,50.57,2024-12-12,iShares Gold Trust,BlackRock,GOLD,0.25,10.313,-4.4422,253.51,6261000,2-1
2464,IAU,-0.433478,-1.38196,49.98,2024-12-13,iShares Gold Trust,BlackRock,GOLD,0.25,8.235,-4.4308,245.78,5438400,2-1
2465,IAU,-0.433812,-1.324553,50.06,2024-12-16,iShares Gold Trust,BlackRock,GOLD,0.25,9.454,-4.431,240.37,3704600,2-1
2466,IAU,-0.426945,-1.450442,49.91,2024-12-17,iShares Gold Trust,BlackRock,GOLD,0.25,6.781,-4.4272,238.42,4223700,2-1
2467,IAU,-0.4393,-1.450442,48.93,2024-12-18,iShares Gold Trust,BlackRock,GOLD,0.25,6.781,-4.434,242.13,7227700,2-1
2468,IAU,-0.470357,-1.424484,49.0,2024-12-19,iShares Gold Trust,BlackRock,GOLD,0.25,7.332,-4.4513,239.62,3855400,2-1
2469,IAU,-0.457063,-1.424484,49.5,2024-12-20,iShares Gold Trust,BlackRock,GOLD,0.25,7.332,-4.4439,241.62,5019400,2-1
2470,IAU,-0.491553,-1.424484,49.27,2024-12-23,iShares Gold Trust,BlackRock,GOLD,0.25,7.332,-4.463,245.27,4704500,2-1
2471,IAU,-0.511031,-1.35845,49.39,2024-12-24,iShares Gold Trust,BlackRock,GOLD,0.25,8.734,-4.4738,237.82,1216700,2-1
2472,IAU,-0.534832,-1.35845,49.72,2024-12-26,iShares Gold Trust,BlackRock,GOLD,0.25,8.734,-4.487,225.23,2383900,2-1
2473,IAU,-0.48611,-1.443479,49.37,2024-12-27,iShares Gold Trust,BlackRock,GOLD,0.25,6.929,-4.46,221.89,2654200,2-1
2474,IAU,-0.466265,-1.443479,49.22,2024-12-30,iShares Gold Trust,BlackRock,GOLD,0.25,6.929,-4.449,210.37,2624600,2-1
2475,IAU,-0.510042,-1.443479,49.51,2024-12-31,iShares Gold Trust,BlackRock,GOLD,0.25,6.929,-4.4733,212.23,3248800,2-1
2476,IAU,-0.476437,-1.443479,50.19,2025-01-02,iShares Gold Trust,BlackRock,GOLD,0.25,6.929,-4.4546,209.8,4048400,2-1
2477,IAU,-0.439401,-1.513161,49.79,2025-01-03,iShares Gold Trust,BlackRock,GOLD,0.25,5.45,-4.4341,210.1,3330600,2-1
2478,IAU,-0.449218,-1.529165,49.74,2025-01-06,iShares Gold Trust,BlackRock,GOLD,0.25,5.11,-4.4395,209.52,3789000,2-1
2479,IAU,-0.471675,-1.529165,50.01,2025-01-07,iShares Gold Trust,BlackRock,GOLD,0.25,5.11,-4.452,214.8,5951900,2-1
2480,IAU,-0.44827,-1.589478,50.29,2025-01-08,iShares Gold Trust,BlackRock,GOLD,0.25,3.829,-4.439,211.75,4796300,2-1
2481,IAU,-0.472215,-1.589478,50.78,2025-01-10,iShares Gold Trust,BlackRock,GOLD,0.25,3.829,-4.4523,224.98,10078700,2-1
2482,IAU,-0.516705,-1.589478,50.25,2025-01-13,iShares Gold Trust,BlackRock,GOLD,0.25,3.829,-4.4769,228.5,4420500,2-1
2483,IAU,-0.497381,-1.506781,50.53,2025-01-14,iShares Gold Trust,BlackRock,GOLD,0.25,5.585,-4.4662,217.46,2558600,2-1
2484,IAU,-0.515656,-1.506781,50.91,2025-01-15,iShares Gold Trust,BlackRock,GOLD,0.25,5.585,-4.4764,214.81,5123900,2-1
2485,IAU,-0.542937,-1.506781,51.25,2025-01-16,iShares Gold Trust,BlackRock,GOLD,0.25,5.585,-4.4915,218.39,6770500,2-1
2486,IAU,-0.52592,-1.564188,50.99,2025-01-17,iShares Gold Trust,BlackRock,GOLD,0.25,4.366,-4.4821,219.87,4246100,2-1
2487,IAU,-0.487357,-1.564188,51.75,2025-01-21,iShares Gold Trust,BlackRock,GOLD,0.25,4.366,-4.4607,224.16,5817000,2-1
2488,IAU,-0.525797,-1.564188,52.03,2025-01-22,iShares Gold Trust,BlackRock,GOLD,0.25,4.366,-4.482,219.4,4875700,2-1
2489,IAU,-0.529666,-1.563199,51.98,2025-01-23,iShares Gold Trust,BlackRock,GOLD,0.25,4.387,-4.4841,221.42,4447400,2-1
2490,IAU,-0.544325,-1.563199,52.31,2025-01-24,iShares Gold Trust,BlackRock,GOLD,0.25,4.387,-4.4923,220.31,4306100,2-1
2491,IAU,-0.532695,-1.563199,51.76,2025-01-27,iShares Gold Trust,BlackRock,GOLD,0.25,4.387,-4.4858,225.94,6761900,2-1
2492,IAU,-0.54681,-1.629232,52.18,2025-01-28,iShares Gold Trust,BlackRock,GOLD,0.25,2.985,-4.4936,236.71,5485900,2-1
2493,IAU,-0.600808,-1.604667,52.0,2025-01-29,iShares Gold Trust,BlackRock,GOLD,0.25,3.507,-4.5236,245.61,5875600,2-1
2494,IAU,-0.619631,-1.604667,52.76,2025-01-30,iShares Gold Trust,BlackRock,GOLD,0.25,3.507,-4.534,257.1,7054900,2-1
2495,IAU,-0.642532,-1.604667,52.87,2025-01-31,iShares Gold Trust,BlackRock,GOLD,0.25,3.507,-4.5467,267.85,6713700,2-1
2496,IAU,-0.676443,-1.604667,53.17,2025-02-03,iShares Gold Trust,BlackRock,GOLD,0.25,3.507,-4.5655,284.11,9447800,2-1
2497,IAU,-0.726851,-1.604667,53.69,2025-02-04,iShares Gold Trust,BlackRock,GOLD,0.25,3.507,-4.5934,289.12,5745200,2-1
2498,IAU,-0.781202,-1.604667,54.02,2025-02-05,iShares Gold Trust,BlackRock,GOLD,0.25,3.507,-4.6235,304.83,9173700,2-1
2499,IAU,-0.776152,-1.604667,53.89,2025-02-06,iShares Gold Trust,BlackRock,GOLD,0.25,3.507,-4.6207,309.25,5222300,2-1
2500,IAU,-0.799495,-1.604667,53.97,2025-02-07,iShares Gold Trust,BlackRock,GOLD,0.25,3.507,-4.6337,315.69,8020200,2-1
2501,IAU,-0.789149,-1.635624,54.88,2025-02-10,iShares Gold Trust,BlackRock,GOLD,0.25,2.849,-4.6279,331.07,10280900,2-1
2502,IAU,-0.80259,-1.600838,54.69,2025-02-11,iShares Gold Trust,BlackRock,GOLD,0.25,3.588,-4.6354,322.38,6019900,2-1
2503,IAU,-0.877616,-1.495984,54.75,2025-02-12,iShares Gold Trust,BlackRock,GOLD,0.25,5.814,-4.677,330.18,7051000,1-1
2504,IAU,-0.882096,-1.578681,55.28,2025-02-13,iShares Gold Trust,BlackRock,GOLD,0.25,4.058,-4.6795,335.37,4307200,1-1
2505,IAU,-0.85078,-1.519023,54.46,2025-02-14,iShares Gold Trust,BlackRock,GOLD,0.25,5.325,-4.6621,338.2,5884600,2-1
2506,IAU,-0.789921,-1.519023,55.37,2025-02-18,iShares Gold Trust,BlackRock,GOLD,0.25,5.325,-4.6284,335.75,5334100,2-1
2507,IAU,-0.821905,-1.428757,55.42,2025-02-19,iShares Gold Trust,BlackRock,GOLD,0.25,7.242,-4.6461,336.96,4368700,2-1
2508,IAU,-0.904261,-1.422621,55.44,2025-02-20,iShares Gold Trust,BlackRock,GOLD,0.25,7.372,-4.6917,332.06,3571300,1-1
2509,IAU,-0.939535,-1.365435,55.39,2025-02-21,iShares Gold Trust,BlackRock,GOLD,0.25,8.586,-4.7113,337.35,6585900,1-1
2510,IAU,-0.911496,-1.392383,55.68,2025-02-24,iShares Gold Trust,BlackRock,GOLD,0.25,8.014,-4.6958,339.41,4927900,1-1
2511,IAU,-0.914407,-1.392383,54.97,2025-02-25,iShares Gold Trust,BlackRock,GOLD,0.25,8.014,-4.6974,351.72,8801200,1-1
2512,IAU,-0.96384,-1.286406,55.04,2025-02-26,iShares Gold Trust,BlackRock,GOLD,0.25,10.264,-4.7248,348.74,5220700,1-1
2513,IAU,-0.998807,-1.286406,54.2,2025-02-27,iShares Gold Trust,BlackRock,GOLD,0.25,10.264,-4.7441,401.93,25891400,1-1
2514,IAU,-0.99902,-1.310971,53.87,2025-02-28,iShares Gold Trust,BlackRock,GOLD,0.25,9.742,-4.7443,413.33,10115800,1-1
2515,IAU,-1.014243,-1.310971,54.57,2025-03-03,iShares Gold Trust,BlackRock,GOLD,0.25,9.742,-4.7527,415.0,7463000,1-1
2516,IAU,-1.000815,-1.310971,55.04,2025-03-04,iShares Gold Trust,BlackRock,GOLD,0.25,9.742,-4.7453,431.34,12685800,1-1
2517,IAU,-1.012276,-1.267177,55.17,2025-03-05,iShares Gold Trust,BlackRock,GOLD,0.25,10.672,-4.7516,426.85,7395200,1-1
2518,IAU,-1.039218,-1.201038,54.87,2025-03-06,iShares Gold Trust,BlackRock,GOLD,0.25,12.076,-4.7665,425.84,5236500,1-1
2519,IAU,-1.061684,-1.141601,54.91,2025-03-07,iShares Gold Trust,BlackRock,GOLD,0.25,13.338,-4.779,417.99,6019100,1-1
2520,IAU,-1.039128,-1.141601,54.43,2025-03-10,iShares Gold Trust,BlackRock,GOLD,0.25,13.338,-4.7665,426.87,8597200,1-1
2521,IAU,-0.992307,-1.141601,55.07,2025-03-11,iShares Gold Trust,BlackRock,GOLD,0.25,13.338,-4.7405,428.03,8303600,1-1
2522,IAU,-1.042539,-1.102445,55.3,2025-03-12,iShares Gold Trust,BlackRock,GOLD,0.25,14.17,-4.7684,434.59,12694100,1-1
2523,IAU,-1.010155,-1.137231,56.27,2025-03-13,iShares Gold Trust,BlackRock,GOLD,0.25,13.431,-4.7504,451.21,12053400,1-1
2524,IAU,-1.013614,-1.242085,56.29,2025-03-14,iShares Gold Trust,BlackRock,GOLD,0.25,11.205,-4.7523,446.96,5274100,1-1
2525,IAU,-1.051537,-1.241669,56.62,2025-03-17,iShares Gold Trust,BlackRock,GOLD,0.25,11.214,-4.7734,447.77,4505500,1-1
2526,IAU,-1.083196,-1.301328,57.27,2025-03-18,iShares Gold Trust,BlackRock,GOLD,0.25,9.947,-4.7909,449.18,6110100,1-1
2527,IAU,-1.190026,-1.260001,57.51,2025-03-19,iShares Gold Trust,BlackRock,GOLD,0.25,10.825,-4.8501,450.68,5683800,1-1
2528,IAU,-1.18927,-1.266814,57.44,2025-03-20,iShares Gold Trust,BlackRock,GOLD,0.25,10.68,-4.8497,453.6,5281800,1-1
2529,IAU,-1.128086,-1.272951,56.97,2025-03-21,iShares Gold Trust,BlackRock,GOLD,0.25,10.55,-4.8158,459.26,5562200,1-1
2530,IAU,-1.094156,-1.175395,56.7,2025-03-24,iShares Gold Trust,BlackRock,GOLD,0.25,12.621,-4.797,455.45,5024500,1-1
2531,IAU,-1.064606,-1.175395,56.99,2025-03-25,iShares Gold Trust,BlackRock,GOLD,0.25,12.621,-4.7806,450.0,2805200,1-1
2532,IAU,-1.104807,-1.175395,56.92,2025-03-26,iShares Gold Trust,BlackRock,GOLD,0.25,12.621,-4.8029,433.38,2367200,1-1
2533,IAU,-1.016562,-1.281372,57.68,2025-03-27,iShares Gold Trust,BlackRock,GOLD,0.25,10.371,-4.754,434.1,5245500,1-1
2534,IAU,-0.984494,-1.281372,58.13,2025-03-28,iShares Gold Trust,BlackRock,GOLD,0.25,10.371,-4.7362,381.29,5060900,1-1
2535,IAU,-0.955606,-1.281372,58.96,2025-03-31,iShares Gold Trust,BlackRock,GOLD,0.25,10.371,-4.7202,381.62,9362300,1-1
2536,IAU,-1.015708,-1.12805,58.86,2025-04-01,iShares Gold Trust,BlackRock,GOLD,0.25,13.626,-4.7535,399.46,13282000,1-1
2537,IAU,-1.03363,-1.051499,58.95,2025-04-02,iShares Gold Trust,BlackRock,GOLD,0.25,15.251,-4.7634,384.83,6634500,1-1
2538,IAU,-1.02806,-1.056907,58.6,2025-04-03,iShares Gold Trust,BlackRock,GOLD,0.25,15.137,-4.7604,399.3,12148800,1-1
2539,IAU,-1.017565,-1.123046,57.26,2025-04-04,iShares Gold Trust,BlackRock,GOLD,0.25,13.732,-4.7545,431.72,16907900,1-1
2540,IAU,-0.975352,-1.182484,56.1,2025-04-07,iShares Gold Trust,BlackRock,GOLD,0.25,12.47,-4.7311,459.0,16100500,1-1
2541,IAU,-1.001822,-0.984044,56.31,2025-04-08,iShares Gold Trust,BlackRock,GOLD,0.25,16.684,-4.7458,467.34,11423300,1-1
2542,IAU,-0.987908,-0.984044,58.38,2025-04-09,iShares Gold Trust,BlackRock,GOLD,0.25,16.684,-4.7381,498.76,19134300,1-1
2543,IAU,-0.924303,-1.0232,59.81,2025-04-10,iShares Gold Trust,BlackRock,GOLD,0.25,15.852,-4.7029,495.35,10539300,1-1
2544,IAU,-0.916419,-1.0232,60.96,2025-04-11,iShares Gold Trust,BlackRock,GOLD,0.25,15.852,-4.6985,493.44,10467200,1-1
2545,IAU,-0.90469,-1.0232,60.59,2025-04-14,iShares Gold Trust,BlackRock,GOLD,0.25,15.852,-4.692,517.76,13329800,1-1
2546,IAU,-0.910564,-1.023616,60.94,2025-04-15,iShares Gold Trust,BlackRock,GOLD,0.25,15.843,-4.6952,519.52,4791500,1-1
2547,IAU,-0.890514,-1.023616,62.93,2025-04-16,iShares Gold Trust,BlackRock,GOLD,0.25,15.843,-4.6841,537.95,11711500,1-1
2548,IAU,-0.89526,-0.918621,62.63,2025-04-17,iShares Gold Trust,BlackRock,GOLD,0.25,18.073,-4.6868,544.76,7502900,1-1
2549,IAU,-0.829825,-1.002074,64.59,2025-04-21,iShares Gold Trust,BlackRock,GOLD,0.25,16.301,-4.6505,565.56,11458600,2-1
2550,IAU,-0.855542,-0.938571,63.66,2025-04-22,iShares Gold Trust,BlackRock,GOLD,0.25,17.649,-4.6647,614.62,21160500,1-1
2551,IAU,-0.850534,-1.093311,62.12,2025-04-23,iShares Gold Trust,BlackRock,GOLD,0.25,14.364,-4.662,660.58,20124300,2-1
2552,IAU,-0.858055,-1.093311,63.04,2025-04-24,iShares Gold Trust,BlackRock,GOLD,0.25,14.364,-4.6661,678.38,8467200,1-1
2553,IAU,-0.834909,-1.093311,62.34,2025-04-25,iShares Gold Trust,BlackRock,GOLD,0.25,14.364,-4.6533,695.39,7890000,2-1
2554,IAU,-0.861261,-1.093311,63.23,2025-04-28,iShares Gold Trust,BlackRock,GOLD,0.25,14.364,-4.6679,704.74,7891500,1-1
2555,IAU,-0.872741,-0.98948,62.64,2025-04-29,iShares Gold Trust,BlackRock,GOLD,0.25,16.568,-4.6743,713.22,7537600,1-1
2556,IAU,-0.892355,-0.936523,62.17,2025-04-30,iShares Gold Trust,BlackRock,GOLD,0.25,17.693,-4.6851,711.34,8244800,1-1
2557,IAU,-0.822764,-1.089845,60.86,2025-05-01,iShares Gold Trust,BlackRock,GOLD,0.25,14.437,-4.6466,698.01,8245300,2-1
2558,IAU,-0.822148,-1.166396,60.97,2025-05-02,iShares Gold Trust,BlackRock,GOLD,0.25,12.812,-4.6462,699.48,6921500,2-1
2559,IAU,-0.735677,-1.204782,62.79,2025-05-05,iShares Gold Trust,BlackRock,GOLD,0.25,11.997,-4.5983,687.57,7354900,2-1
2560,IAU,-0.695097,-1.204782,64.57,2025-05-06,iShares Gold Trust,BlackRock,GOLD,0.25,11.997,-4.5758,667.05,8319200,2-1
2561,IAU,-0.685544,-1.204782,63.61,2025-05-07,iShares Gold Trust,BlackRock,GOLD,0.25,11.997,-4.5705,648.22,7982700,2-1
2562,IAU,-0.646148,-1.403222,62.34,2025-05-08,iShares Gold Trust,BlackRock,GOLD,0.25,7.784,-4.5487,645.09,9265000,2-1
2563,IAU,-0.659932,-1.331165,62.77,2025-05-09,iShares Gold Trust,BlackRock,GOLD,0.25,9.314,-4.5563,606.8,4985300,2-1
2564,IAU,-0.654995,-1.331165,61.0,2025-05-12,iShares Gold Trust,BlackRock,GOLD,0.25,9.314,-4.5536,609.15,11144100,2-1
2565,IAU,-0.684942,-1.232146,61.28,2025-05-13,iShares Gold Trust,BlackRock,GOLD,0.25,11.416,-4.5702,606.59,9535000,2-1
2566,IAU,-0.647188,-1.232146,59.97,2025-05-14,iShares Gold Trust,BlackRock,GOLD,0.25,11.416,-4.5493,597.18,10171800,2-1
2567,IAU,-0.622194,-1.232146,60.93,2025-05-15,iShares Gold Trust,BlackRock,GOLD,0.25,11.416,-4.5354,602.69,6693400,2-1
2568,IAU,-0.64781,-1.232146,60.2,2025-05-16,iShares Gold Trust,BlackRock,GOLD,0.25,11.416,-4.5496,591.6,8372300,2-1
2569,IAU,-0.611639,-1.378467,60.97,2025-05-19,iShares Gold Trust,BlackRock,GOLD,0.25,8.309,-4.5296,585.09,5463400,2-1
2570,IAU,-0.647409,-1.378467,62.12,2025-05-20,iShares Gold Trust,BlackRock,GOLD,0.25,8.309,-4.5494,613.61,21557900,2-1
2571,IAU,-0.647669,-1.44197,62.59,2025-05-21,iShares Gold Trust,BlackRock,GOLD,0.25,6.961,-4.5495,583.42,11393400,2-1
2572,IAU,-0.650655,-1.44197,62.03,2025-05-22,iShares Gold Trust,BlackRock,GOLD,0.25,6.961,-4.5512,548.58,8357900,2-1
2573,IAU,-0.627761,-1.44197,63.38,2025-05-23,iShares Gold Trust,BlackRock,GOLD,0.25,6.961,-4.5385,545.93,7542000,2-1
2574,IAU,-0.605129,-1.44197,62.31,2025-05-27,iShares Gold Trust,BlackRock,GOLD,0.25,6.961,-4.526,542.52,6745300,2-1
2575,IAU,-0.637397,-1.337084,62.17,2025-05-28,iShares Gold Trust,BlackRock,GOLD,0.25,9.188,-4.5438,552.51,11400800,2-1
2576,IAU,-0.643284,-1.440916,62.54,2025-05-29,iShares Gold Trust,BlackRock,GOLD,0.25,6.983,-4.5471,548.42,6176200,2-1
2577,IAU,-0.646727,-1.493872,62.16,2025-05-30,iShares Gold Trust,BlackRock,GOLD,0.25,5.859,-4.549,548.03,8115900,2-1
2578,IAU,-0.636691,-1.493872,63.77,2025-06-02,iShares Gold Trust,BlackRock,GOLD,0.25,5.859,-4.5434,548.45,8006100,2-1
2579,IAU,-0.617969,-1.493872,63.23,2025-06-03,iShares Gold Trust,BlackRock,GOLD,0.25,5.859,-4.5331,549.89,7150900,2-1
2580,IAU,-0.680159,-1.493872,63.62,2025-06-04,iShares Gold Trust,BlackRock,GOLD,0.25,5.859,-4.5675,545.39,5773600,2-1
2581,IAU,-0.74788,-1.329231,63.29,2025-06-05,iShares Gold Trust,BlackRock,GOLD,0.25,9.355,-4.6051,569.57,16510800,2-1
2582,IAU,-0.740446,-1.329231,62.47,2025-06-06,iShares Gold Trust,BlackRock,GOLD,0.25,9.355,-4.601,563.4,6056200,2-1
2583,IAU,-0.7692,-1.208541,62.74,2025-06-09,iShares Gold Trust,BlackRock,GOLD,0.25,11.917,-4.6169,548.77,4308800,2-1
2584,IAU,-0.801419,-1.248751,62.77,2025-06-10,iShares Gold Trust,BlackRock,GOLD,0.25,11.063,-4.6347,548.77,4983900,2-1
2585,IAU,-0.851033,-1.052558,63.12,2025-06-11,iShares Gold Trust,BlackRock,GOLD,0.25,15.229,-4.6622,538.1,7219400,1-1
2586,IAU,-0.837193,-1.151577,63.89,2025-06-12,iShares Gold Trust,BlackRock,GOLD,0.25,13.127,-4.6546,546.4,11874900,2-1
2587,IAU,-0.868103,-1.151577,64.74,2025-06-13,iShares Gold Trust,BlackRock,GOLD,0.25,13.127,-4.6717,553.46,11711200,1-1
2588,IAU,-0.891761,-1.151577,63.8,2025-06-16,iShares Gold Trust,BlackRock,GOLD,0.25,13.127,-4.6848,561.2,8940900,1-1
2589,IAU,-0.935096,-1.151577,63.82,2025-06-17,iShares Gold Trust,BlackRock,GOLD,0.25,13.127,-4.7088,563.38,8616500,1-1
2590,IAU,-0.992997,-0.95588,63.48,2025-06-18,iShares Gold Trust,BlackRock,GOLD,0.25,17.282,-4.7409,576.07,9442500,1-1
2591,IAU,-1.018738,-0.95588,63.45,2025-06-20,iShares Gold Trust,BlackRock,GOLD,0.25,17.282,-4.7552,526.1,4568300,1-1
2592,IAU,-1.030565,-0.95588,63.67,2025-06-23,iShares Gold Trust,BlackRock,GOLD,0.25,17.282,-4.7617,524.83,10781600,1-1
2593,IAU,-1.010258,-0.95588,62.68,2025-06-24,iShares Gold Trust,BlackRock,GOLD,0.25,17.282,-4.7505,527.9,9301900,1-1
2594,IAU,-1.086248,-0.95588,62.85,2025-06-25,iShares Gold Trust,BlackRock,GOLD,0.25,17.282,-4.7926,517.35,4078400,1-1
2595,IAU,-1.178147,-0.813113,62.8,2025-06-26,iShares Gold Trust,BlackRock,GOLD,0.25,20.313,-4.8435,509.77,4159600,1-1
2596,IAU,-1.082644,-0.917999,61.65,2025-06-27,iShares Gold Trust,BlackRock,GOLD,0.25,18.086,-4.7906,496.88,7104300,1-1
2597,IAU,-1.07753,-0.917999,62.36,2025-06-30,iShares Gold Trust,BlackRock,GOLD,0.25,18.086,-4.7878,509.49,10439800,1-1
2598,IAU,-1.044835,-0.917999,62.92,2025-07-01,iShares Gold Trust,BlackRock,GOLD,0.25,18.086,-4.7697,501.43,5328200,1-1
2599,IAU,-1.136291,-0.832923,63.31,2025-07-02,iShares Gold Trust,BlackRock,GOLD,0.25,19.892,-4.8203,504.44,9064000,1-1
2600,IAU,-1.096989,-0.832923,62.87,2025-07-03,iShares Gold Trust,BlackRock,GOLD,0.25,19.892,-4.7986,492.36,3156500,1-1
2601,IAU,-1.130336,-0.779795,62.92,2025-07-07,iShares Gold Trust,BlackRock,GOLD,0.25,21.02,-4.817,488.26,4468700,1-1
2602,IAU,-1.092727,-0.944436,62.26,2025-07-08,iShares Gold Trust,BlackRock,GOLD,0.25,17.525,-4.7962,462.74,8177800,1-1
2603,IAU,-1.139804,-0.828252,62.52,2025-07-09,iShares Gold Trust,BlackRock,GOLD,0.25,19.991,-4.8223,458.05,4476000,1-1
2604,IAU,-1.152895,-0.948942,62.67,2025-07-10,iShares Gold Trust,BlackRock,GOLD,0.25,17.429,-4.8295,455.83,3568500,1-1
2605,IAU,-1.088958,-0.980788,63.3,2025-07-11,iShares Gold Trust,BlackRock,GOLD,0.25,16.753,-4.7941,457.97,5651000,1-1
2606,IAU,-1.08572,-1.176981,63.05,2025-07-14,iShares Gold Trust,BlackRock,GOLD,0.25,12.587,-4.7923,450.12,4615300,1-1
2607,IAU,-1.107931,-1.176981,62.78,2025-07-15,iShares Gold Trust,BlackRock,GOLD,0.25,12.587,-4.8046,445.37,10493700,1-1
2608,IAU,-1.130585,-1.042695,63.11,2025-07-16,iShares Gold Trust,BlackRock,GOLD,0.25,15.438,-4.8172,440.28,10322200,1-1
2609,IAU,-1.175762,-1.042695,62.96,2025-07-17,iShares Gold Trust,BlackRock,GOLD,0.25,15.438,-4.8422,427.8,4897300,1-1
2610,IAU,-1.162473,-1.042695,63.13,2025-07-18,iShares Gold Trust,BlackRock,GOLD,0.25,15.438,-4.8349,424.01,7448100,1-1
2611,IAU,-1.075615,-1.238391,64.09,2025-07-21,iShares Gold Trust,BlackRock,GOLD,0.25,11.283,-4.7867,411.46,5242600,1-1
2612,IAU,-1.015444,-1.238391,64.7,2025-07-22,iShares Gold Trust,BlackRock,GOLD,0.25,11.283,-4.7534,413.2,5045200,1-1
2613,IAU,-0.991384,-1.238391,63.91,2025-07-23,iShares Gold Trust,BlackRock,GOLD,0.25,11.283,-4.74,415.77,11582700,1-1
2614,IAU,-0.987666,-1.238391,63.53,2025-07-24,iShares Gold Trust,BlackRock,GOLD,0.25,11.283,-4.738,397.9,3271300,1-1
2615,IAU,-0.952264,-1.238391,62.91,2025-07-25,iShares Gold Trust,BlackRock,GOLD,0.25,11.283,-4.7183,402.19,5506600,1-1
2616,IAU,-0.916892,-1.381159,62.52,2025-07-28,iShares Gold Trust,BlackRock,GOLD,0.25,8.252,-4.6987,403.46,4606300,1-1
2617,IAU,-0.975662,-1.336064,62.69,2025-07-29,iShares Gold Trust,BlackRock,GOLD,0.25,9.21,-4.7313,393.53,3660100,1-1
2618,IAU,-0.945023,-1.336064,61.62,2025-07-30,iShares Gold Trust,BlackRock,GOLD,0.25,9.21,-4.7143,387.27,8431800,1-1
2619,IAU,-0.956118,-1.265756,62.01,2025-07-31,iShares Gold Trust,BlackRock,GOLD,0.25,10.702,-4.7205,385.64,4852600,1-1
2620,IAU,-0.903879,-1.350832,63.29,2025-08-01,iShares Gold Trust,BlackRock,GOLD,0.25,8.896,-4.6915,383.7,8423900,1-1
2621,IAU,-0.927859,-1.350832,63.64,2025-08-04,iShares Gold Trust,BlackRock,GOLD,0.25,8.896,-4.7048,386.04,3891800,1-1
2622,IAU,-0.929005,-1.323936,63.69,2025-08-05,iShares Gold Trust,BlackRock,GOLD,0.25,9.467,-4.7055,389.49,5550300,1-1
2623,IAU,-0.949329,-1.316869,63.56,2025-08-06,iShares Gold Trust,BlackRock,GOLD,0.25,9.617,-4.7167,374.86,3177300,1-1
2624,IAU,-0.935603,-1.433053,64.08,2025-08-07,iShares Gold Trust,BlackRock,GOLD,0.25,7.15,-4.7091,379.16,5775400,1-1
2625,IAU,-0.955396,-1.295031,64.06,2025-08-08,iShares Gold Trust,BlackRock,GOLD,0.25,10.081,-4.7201,399.4,10126600,1-1
2626,IAU,-0.948422,-1.295031,63.17,2025-08-11,iShares Gold Trust,BlackRock,GOLD,0.25,10.081,-4.7162,403.49,7022200,1-1
2627,IAU,-0.968757,-1.24358,63.1,2025-08-12,iShares Gold Trust,BlackRock,GOLD,0.25,11.173,-4.7275,405.83,5391900,1-1
2628,IAU,-0.950384,-1.24358,63.29,2025-08-13,iShares Gold Trust,BlackRock,GOLD,0.25,11.173,-4.7173,383.5,2998100,1-1
2629,IAU,-0.916949,-1.377867,62.9,2025-08-14,iShares Gold Trust,BlackRock,GOLD,0.25,8.322,-4.6988,363.97,3838800,1-1
2630,IAU,-0.928978,-1.321383,62.94,2025-08-15,iShares Gold Trust,BlackRock,GOLD,0.25,9.521,-4.7054,372.27,7667400,1-1
2631,IAU,-0.933057,-1.263629,62.84,2025-08-18,iShares Gold Trust,BlackRock,GOLD,0.25,10.748,-4.7077,371.0,7055700,1-1
2632,IAU,-0.981536,-1.263629,62.49,2025-08-19,iShares Gold Trust,BlackRock,GOLD,0.25,10.748,-4.7346,368.15,4419700,1-1
2633,IAU,-0.950356,-1.263629,63.13,2025-08-20,iShares Gold Trust,BlackRock,GOLD,0.25,10.748,-4.7173,363.45,3608700,1-1
2634,IAU,-0.965102,-1.242886,62.9,2025-08-21,iShares Gold Trust,BlackRock,GOLD,0.25,11.188,-4.7255,347.32,6383700,1-1
2635,IAU,-0.995954,-1.220966,63.58,2025-08-22,iShares Gold Trust,BlackRock,GOLD,0.25,11.653,-4.7426,375.52,12583500,1-1
2636,IAU,-1.022582,-1.197441,63.44,2025-08-25,iShares Gold Trust,BlackRock,GOLD,0.25,12.153,-4.7573,365.75,2224900,1-1
2637,IAU,-1.039654,-1.197441,63.88,2025-08-26,iShares Gold Trust,BlackRock,GOLD,0.25,12.153,-4.7668,376.1,7909500,1-1
2638,IAU,-1.041836,-1.19962,64.01,2025-08-27,iShares Gold Trust,BlackRock,GOLD,0.25,12.107,-4.768,374.1,2931200,1-1
2639,IAU,-1.062879,-1.19962,64.49,2025-08-28,iShares Gold Trust,BlackRock,GOLD,0.25,12.107,-4.7797,364.41,4900200,1-1
2640,IAU,-1.058915,-1.269928,65.1,2025-08-29,iShares Gold Trust,BlackRock,GOLD,0.25,10.614,-4.7775,369.8,6360600,1-1
2641,IAU,-1.065477,-1.269928,66.65,2025-09-02,iShares Gold Trust,BlackRock,GOLD,0.25,10.614,-4.7811,376.06,9973200,1-1
2642,IAU,-1.062347,-1.269928,67.2,2025-09-03,iShares Gold Trust,BlackRock,GOLD,0.25,10.614,-4.7794,380.81,5169300,1-1
2643,IAU,-1.044994,-1.349953,66.91,2025-09-04,iShares Gold Trust,BlackRock,GOLD,0.25,8.915,-4.7697,384.5,6439500,1-1
2644,IAU,-1.018768,-1.357019,67.76,2025-09-05,iShares Gold Trust,BlackRock,GOLD,0.25,8.765,-4.7552,401.88,8368400,1-1
2645,IAU,-1.013681,-1.357019,68.54,2025-09-08,iShares Gold Trust,BlackRock,GOLD,0.25,8.765,-4.7524,406.58,6838300,1-1
2646,IAU,-1.008064,-1.491364,68.41,2025-09-09,iShares Gold Trust,BlackRock,GOLD,0.25,5.912,-4.7493,404.36,8801400,1-1
2647,IAU,-1.060812,-1.43064,68.64,2025-09-10,iShares Gold Trust,BlackRock,GOLD,0.25,7.202,-4.7785,405.47,6802500,1-1
2648,IAU,-1.062921,-1.482091,68.53,2025-09-11,iShares Gold Trust,BlackRock,GOLD,0.25,6.109,-4.7797,422.21,10093600,1-1
2649,IAU,-1.079602,-1.482091,68.68,2025-09-12,iShares Gold Trust,BlackRock,GOLD,0.25,6.109,-4.7889,425.42,3745700,1-1
2650,IAU,-1.063276,-1.482091,69.38,2025-09-15,iShares Gold Trust,BlackRock,GOLD,0.25,6.109,-4.7799,428.65,4457800,1-1
2651,IAU,-1.063515,-1.538574,69.54,2025-09-16,iShares Gold Trust,BlackRock,GOLD,0.25,4.91,-4.78,496.26,27357700,1-1
2652,IAU,-1.057095,-1.52818,69.0,2025-09-17,iShares Gold Trust,BlackRock,GOLD,0.25,5.131,-4.7764,532.67,17507500,1-1
2653,IAU,-1.088007,-1.52818,68.71,2025-09-18,iShares Gold Trust,BlackRock,GOLD,0.25,5.131,-4.7936,549.77,9244100,1-1
2654,IAU,-1.131732,-1.52818,69.44,2025-09-19,iShares Gold Trust,BlackRock,GOLD,0.25,5.131,-4.8178,557.99,5766000,1-1
2655,IAU,-1.066348,-1.548923,70.63,2025-09-22,iShares Gold Trust,BlackRock,GOLD,0.25,4.69,-4.7816,560.8,6521700,1-1
2656,IAU,-1.084461,-1.570843,70.94,2025-09-23,iShares Gold Trust,BlackRock,GOLD,0.25,4.225,-4.7916,560.58,11213900,1-1
2657,IAU,-1.087384,-1.594368,70.29,2025-09-24,iShares Gold Trust,BlackRock,GOLD,0.25,3.725,-4.7932,584.4,9123000,1-1
2658,IAU,-1.102106,-1.424864,70.58,2025-09-25,iShares Gold Trust,BlackRock,GOLD,0.25,7.324,-4.8014,586.88,7896100,1-1
2659,IAU,-1.100598,-1.467779,70.99,2025-09-26,iShares Gold Trust,BlackRock,GOLD,0.25,6.413,-4.8006,601.98,7110600,1-1
2660,IAU,-1.083004,-1.467779,72.16,2025-09-29,iShares Gold Trust,BlackRock,GOLD,0.25,6.413,-4.7908,611.89,7263500,1-1
2661,IAU,-1.100887,-1.430625,72.77,2025-09-30,iShares Gold Trust,BlackRock,GOLD,0.25,7.202,-4.8007,618.78,7678100,1-1
2662,IAU,-1.183783,-1.430625,72.88,2025-10-01,iShares Gold Trust,BlackRock,GOLD,0.25,7.202,-4.8467,622.32,10140100,1-1
2663,IAU,-1.237886,-1.383154,72.65,2025-10-02,iShares Gold Trust,BlackRock,GOLD,0.25,8.21,-4.8766,646.29,11710400,1-1
2664,IAU,-1.232887,-1.327225,73.22,2025-10-03,iShares Gold Trust,BlackRock,GOLD,0.25,9.397,-4.8739,657.25,9028000,1-1
2665,IAU,-1.219794,-1.327225,74.62,2025-10-06,iShares Gold Trust,BlackRock,GOLD,0.25,9.397,-4.8666,663.66,9403200,1-1
2666,IAU,-1.266319,-1.327225,75.01,2025-10-07,iShares Gold Trust,BlackRock,GOLD,0.25,9.397,-4.8924,672.52,8728100,1-1
2667,IAU,-1.221522,-1.330903,76.22,2025-10-08,iShares Gold Trust,BlackRock,GOLD,0.25,9.319,-4.8676,683.99,11060900,1-1
2668,IAU,-1.212969,-1.383536,74.83,2025-10-09,iShares Gold Trust,BlackRock,GOLD,0.25,8.202,-4.8628,746.72,23845100,1-1
2669,IAU,-1.191876,-1.224791,75.58,2025-10-10,iShares Gold Trust,BlackRock,GOLD,0.25,11.572,-4.8511,760.45,12966900,1-1
2670,IAU,-1.128882,-1.224791,77.43,2025-10-13,iShares Gold Trust,BlackRock,GOLD,0.25,11.572,-4.8162,782.82,9388800,1-1
2671,IAU,-1.190244,-1.224791,78.03,2025-10-14,iShares Gold Trust,BlackRock,GOLD,0.25,11.572,-4.8502,810.64,11451300,1-1
2672,IAU,-1.146771,-1.224791,79.32,2025-10-15,iShares Gold Trust,BlackRock,GOLD,0.25,11.572,-4.8261,763.13,11406400,1-1
2673,IAU,-1.123537,-1.292939,81.15,2025-10-16,iShares Gold Trust,BlackRock,GOLD,0.25,10.125,-4.8133,773.99,17695100,1-1
2674,IAU,-1.125369,-1.078279,79.63,2025-10-17,iShares Gold Trust,BlackRock,GOLD,0.25,14.683,-4.8143,896.94,40401300,1-1
2675,IAU,-1.123473,-1.078279,82.5,2025-10-20,iShares Gold Trust,BlackRock,GOLD,0.25,14.683,-4.8132,939.92,15793200,1-1
2676,IAU,-1.163566,-1.078279,77.38,2025-10-21,iShares Gold Trust,BlackRock,GOLD,0.25,14.683,-4.8355,1064.76,39834100,1-1
2677,IAU,-1.175998,-1.078279,77.28,2025-10-22,iShares Gold Trust,BlackRock,GOLD,0.25,14.683,-4.8423,1117.79,24702700,1-1
2678,IAU,-1.202854,-1.078279,77.55,2025-10-23,iShares Gold Trust,BlackRock,GOLD,0.25,14.683,-4.8572,1126.96,10752000,1-1
2679,IAU,-1.21348,-1.247783,77.31,2025-10-24,iShares Gold Trust,BlackRock,GOLD,0.25,11.084,-4.8631,1143.09,11592400,1-1
2680,IAU,-1.191283,-1.247783,75.15,2025-10-27,iShares Gold Trust,BlackRock,GOLD,0.25,11.084,-4.8508,1187.4,19098400,1-1
2681,IAU,-1.252424,-1.247783,74.59,2025-10-28,iShares Gold Trust,BlackRock,GOLD,0.25,11.084,-4.8847,1202.17,11185300,1-1
2682,IAU,-1.287209,-1.265036,74.31,2025-10-29,iShares Gold Trust,BlackRock,GOLD,0.25,10.718,-4.904,1231.97,15939000,1-1
2683,IAU,-1.221336,-1.04183,75.79,2025-10-30,iShares Gold Trust,BlackRock,GOLD,0.25,15.457,-4.8675,1234.31,10400900,1-1
2684,IAU,-1.21145,-0.844824,75.39,2025-10-31,iShares Gold Trust,BlackRock,GOLD,0.25,19.64,-4.862,1228.17,9572400,1-1
2685,IAU,-1.233612,-0.796115,75.54,2025-11-03,iShares Gold Trust,BlackRock,GOLD,0.25,20.674,-4.8743,1221.75,6968000,1-1
2686,IAU,-1.213471,-0.796115,74.21,2025-11-04,iShares Gold Trust,BlackRock,GOLD,0.25,20.674,-4.8631,1213.0,6979400,1-1
2687,IAU,-1.167844,-0.796115,75.05,2025-11-05,iShares Gold Trust,BlackRock,GOLD,0.25,20.674,-4.8378,1203.08,5947200,1-1
2688,IAU,-1.213014,-0.687425,74.97,2025-11-06,iShares Gold Trust,BlackRock,GOLD,0.25,22.981,-4.8629,1189.76,7512500,1-1
2689,IAU,-1.215331,-0.695516,75.43,2025-11-07,iShares Gold Trust,BlackRock,GOLD,0.25,22.81,-4.8641,1135.57,8568500,1-1
2690,IAU,-1.0972,-0.854261,77.47,2025-11-10,iShares Gold Trust,BlackRock,GOLD,0.25,19.439,-4.7987,1111.23,6054500,1-1
2691,IAU,-1.158593,-0.854261,77.8,2025-11-11,iShares Gold Trust,BlackRock,GOLD,0.25,19.439,-4.8327,1101.58,6738900,1-1
2692,IAU,-1.143897,-0.854261,79.04,2025-11-12,iShares Gold Trust,BlackRock,GOLD,0.25,19.439,-4.8246,1111.02,13813900,1-1
2693,IAU,-1.168759,-0.594052,78.41,2025-11-13,iShares Gold Trust,BlackRock,GOLD,0.25,24.964,-4.8383,1113.85,12295600,1-2
2694,IAU,-1.171084,-0.594052,76.98,2025-11-14,iShares Gold Trust,BlackRock,GOLD,0.25,24.964,-4.8396,1103.98,15959800,1-2
2695,IAU,-1.14983,-0.745804,76.11,2025-11-17,iShares Gold Trust,BlackRock,GOLD,0.25,21.742,-4.8278,988.81,10494300,1-1
2696,IAU,-1.195046,-0.614482,76.69,2025-11-18,iShares Gold Trust,BlackRock,GOLD,0.25,24.53,-4.8529,964.14,10234000,1-2
2697,IAU,-1.247614,-0.614482,76.78,2025-11-19,iShares Gold Trust,BlackRock,GOLD,0.25,24.53,-4.882,850.86,9162100,1-2
2698,IAU,-1.211311,-0.484308,76.78,2025-11-20,iShares Gold Trust,BlackRock,GOLD,0.25,27.294,-4.8619,791.1,8518700,1-2
2699,IAU,-1.21523,-0.289622,76.61,2025-11-21,iShares Gold Trust,BlackRock,GOLD,0.25,31.427,-4.8641,788.93,10289900,1-2
2700,IAU,-1.148925,-0.274754,77.84,2025-11-24,iShares Gold Trust,BlackRock,GOLD,0.25,31.743,-4.8273,773.73,7411900,1-2
2701,IAU,-1.202343,-0.274754,77.83,2025-11-25,iShares Gold Trust,BlackRock,GOLD,0.25,31.743,-4.8569,752.37,12677900,1-2
2702,IAU,-1.196948,-0.274754,78.44,2025-11-26,iShares Gold Trust,BlackRock,GOLD,0.25,31.743,-4.854,746.79,9143000,1-2
2703,IAU,-1.138514,-0.294656,79.41,2025-11-28,iShares Gold Trust,BlackRock,GOLD,0.25,31.32,-4.8216,713.94,6228400,1-2
2704,IAU,-1.189418,-0.517862,79.81,2025-12-01,iShares Gold Trust,BlackRock,GOLD,0.25,26.581,-4.8498,715.98,10411600,1-2
2705,IAU,-1.181674,-0.762339,79.29,2025-12-02,iShares Gold Trust,BlackRock,GOLD,0.25,21.391,-4.8455,712.31,8130400,1-1
2706,IAU,-1.187218,-0.840945,79.23,2025-12-03,iShares Gold Trust,BlackRock,GOLD,0.25,19.722,-4.8486,707.68,5417200,1-1
2707,IAU,-1.282095,-0.800679,79.28,2025-12-04,iShares Gold Trust,BlackRock,GOLD,0.25,20.577,-4.9011,698.23,4030300,1-1
2708,IAU,-1.353319,-0.800679,79.14,2025-12-05,iShares Gold Trust,BlackRock,GOLD,0.25,20.577,-4.9406,701.74,6569800,1-1
2709,IAU,-1.343419,-0.909369,78.95,2025-12-08,iShares Gold Trust,BlackRock,GOLD,0.25,18.269,-4.9351,698.72,6331000,1-1
2710,IAU,-1.33544,-0.8921,79.34,2025-12-09,iShares Gold Trust,BlackRock,GOLD,0.25,18.636,-4.9307,687.76,5245200,1-1
2711,IAU,-1.526905,-0.787315,79.67,2025-12-10,iShares Gold Trust,BlackRock,GOLD,0.25,20.861,-5.0368,698.15,8626400,1-1
2712,IAU,-1.51795,-0.787315,80.54,2025-12-11,iShares Gold Trust,BlackRock,GOLD,0.25,20.861,-5.0319,723.79,13195700,1-1
2713,IAU,-1.558933,-0.787315,80.99,2025-12-12,iShares Gold Trust,BlackRock,GOLD,0.25,20.861,-5.0546,724.74,13725700,1-1
2714,IAU,-1.587913,-0.893842,81.08,2025-12-15,iShares Gold Trust,BlackRock,GOLD,0.25,18.599,-5.0706,706.71,7222800,1-1
2715,IAU,-1.62002,-0.684657,81.08,2025-12-16,iShares Gold Trust,BlackRock,GOLD,0.25,23.04,-5.0884,675.1,6965200,1-1
2716,IAU,-1.641976,-0.747565,81.76,2025-12-17,iShares Gold Trust,BlackRock,GOLD,0.25,21.704,-5.1006,677.05,10268800,1-1
2717,IAU,-1.680619,-0.805285,81.63,2025-12-18,iShares Gold Trust,BlackRock,GOLD,0.25,20.479,-5.122,670.98,8053100,1-1
2718,IAU,-1.677147,-0.684976,81.71,2025-12-19,iShares Gold Trust,BlackRock,GOLD,0.25,23.033,-5.1201,657.72,5202600,1-1
2719,IAU,-1.512173,-0.81515,83.59,2025-12-22,iShares Gold Trust,BlackRock,GOLD,0.25,20.27,-5.0287,651.69,6309800,1-1
2720,IAU,-1.439978,-1.009836,84.68,2025-12-23,iShares Gold Trust,BlackRock,GOLD,0.25,16.136,-4.9887,643.7,7327000,1-1
2721,IAU,-1.521666,-0.888432,84.34,2025-12-24,iShares Gold Trust,BlackRock,GOLD,0.25,18.714,-5.0339,642.53,6549300,1-1
2722,IAU,-1.459647,-0.888432,85.34,2025-12-26,iShares Gold Trust,BlackRock,GOLD,0.25,18.714,-4.9996,632.07,8989300,1-1
2723,IAU,-1.376474,-0.888432,81.61,2025-12-29,iShares Gold Trust,BlackRock,GOLD,0.25,18.714,-4.9535,661.82,16442800,1-1
2724,IAU,-1.462124,-0.696186,81.71,2025-12-30,iShares Gold Trust,BlackRock,GOLD,0.25,22.795,-5.0009,670.7,8333700,1-1
2725,IAU,-1.45049,-0.696186,81.17,2025-12-31,iShares Gold Trust,BlackRock,GOLD,0.25,22.795,-4.9945,666.09,9044600,1-1
2726,IAU,-1.466388,-0.565716,81.56,2026-01-02,iShares Gold Trust,BlackRock,GOLD,0.25,25.565,-5.0033,672.98,9679200,1-2
2727,IAU,-1.351459,-0.591748,83.71,2026-01-05,iShares Gold Trust,BlackRock,GOLD,0.25,25.013,-4.9396,689.95,9385200,1-2
2728,IAU,-1.309432,-0.632014,84.62,2026-01-06,iShares Gold Trust,BlackRock,GOLD,0.25,24.158,-4.9163,709.91,8729000,1-2
2729,IAU,-1.27809,-0.632014,83.81,2026-01-07,iShares Gold Trust,BlackRock,GOLD,0.25,24.158,-4.8989,719.6,8631600,1-2
2730,IAU,-1.256379,-0.442745,84.28,2026-01-08,iShares Gold Trust,BlackRock,GOLD,0.25,28.176,-4.8869,718.18,5575800,1-2
2731,IAU,-1.268331,-0.460014,84.89,2026-01-09,iShares Gold Trust,BlackRock,GOLD,0.25,27.81,-4.8935,741.76,10736000,1-2
2732,IAU,-1.227628,-0.564799,86.49,2026-01-12,iShares Gold Trust,BlackRock,GOLD,0.25,25.585,-4.871,754.25,10978300,1-2
2733,IAU,-1.253994,-0.407459,86.36,2026-01-13,iShares Gold Trust,BlackRock,GOLD,0.25,28.925,-4.8856,758.22,13273100,1-2
2734,IAU,-1.240031,-0.295145,87.23,2026-01-14,iShares Gold Trust,BlackRock,GOLD,0.25,31.31,-4.8778,754.54,11856400,1-2
2735,IAU,-1.222649,-0.380015,86.71,2026-01-15,iShares Gold Trust,BlackRock,GOLD,0.25,29.508,-4.8682,762.97,8795500,1-2
2736,IAU,-1.252409,-0.588042,86.27,2026-01-16,iShares Gold Trust,BlackRock,GOLD,0.25,25.091,-4.8847,818.34,20024200,1-2
2737,IAU,-1.215409,-0.588042,89.55,2026-01-20,iShares Gold Trust,BlackRock,GOLD,0.25,25.091,-4.8642,854.98,17969900,1-2
2738,IAU,-1.205332,-0.661646,90.87,2026-01-21,iShares Gold Trust,BlackRock,GOLD,0.25,23.529,-4.8586,937.23,26241200,1-2
2739,IAU,-1.163976,-0.781954,92.56,2026-01-22,iShares Gold Trust,BlackRock,GOLD,0.25,20.974,-4.8357,965.56,11020500,1-1
2740,IAU,-1.260616,-0.781954,93.79,2026-01-23,iShares Gold Trust,BlackRock,GOLD,0.25,20.974,-4.8892,1023.62,18623600,1-1
2741,IAU,-1.304535,-0.781954,95.18,2026-01-26,iShares Gold Trust,BlackRock,GOLD,0.25,20.974,-4.9136,1108.73,25297400,1-1
2742,IAU,-1.290181,-0.918226,97.48,2026-01-27,iShares Gold Trust,BlackRock,GOLD,0.25,18.081,-4.9056,1177.02,20377800,1-1
2743,IAU,-1.310403,-0.918226,101.25,2026-01-28,iShares Gold Trust,BlackRock,GOLD,0.25,18.081,-4.9168,1347.79,42995600,1-1
2744,IAU,-1.418815,-0.654932,101.57,2026-01-29,iShares Gold Trust,BlackRock,GOLD,0.25,23.671,-4.9769,1621.68,69839500,1-2
2745,IAU,-1.371732,-0.847178,91.2,2026-01-30,iShares Gold Trust,BlackRock,GOLD,0.25,19.59,-4.9508,1919.84,76121500,1-1
2746,IAU,-1.353491,-0.847178,87.57,2026-02-02,iShares Gold Trust,BlackRock,GOLD,0.25,19.59,-4.9407,2017.63,31833100,1-1
2747,IAU,-1.315689,-0.977648,93.03,2026-02-03,iShares Gold Trust,BlackRock,GOLD,0.25,16.819,-4.9198,2140.32,36182400,1-1
2748,IAU,-1.423968,-0.637518,92.92,2026-02-04,iShares Gold Trust,BlackRock,GOLD,0.25,24.041,-4.9798,2211.74,24594400,1-2
2749,IAU,-1.427228,-0.637518,90.53,2026-02-05,iShares Gold Trust,BlackRock,GOLD,0.25,24.041,-4.9816,2266.97,20972500,1-2
2750,IAU,-1.380198,-0.637518,93.24,2026-02-06,iShares Gold Trust,BlackRock,GOLD,0.25,24.041,-4.9555,2284.84,11782600,1-2
2751,IAU,-1.343209,-0.826787,95.63,2026-02-09,iShares Gold Trust,BlackRock,GOLD,0.25,20.022,-4.935,2314.53,11434800,1-1
2752,IAU,-1.33684,-0.612148,94.71,2026-02-10,iShares Gold Trust,BlackRock,GOLD,0.25,24.58,-4.9315,2317.62,10306400,1-2
2753,IAU,-1.353946,-0.59717,95.76,2026-02-11,iShares Gold Trust,BlackRock,GOLD,0.25,24.898,-4.941,2308.97,8020300,1-2
2754,IAU,-1.305388,-0.75451,92.48,2026-02-12,iShares Gold Trust,BlackRock,GOLD,0.25,21.557,-4.9141,2353.82,22578200,1-1
2755,IAU,-1.259785,-0.691466,94.75,2026-02-13,iShares Gold Trust,BlackRock,GOLD,0.25,22.896,-4.8888,2350.71,10225100,1-1
2756,IAU,-1.188092,-0.760278,91.82,2026-02-17,iShares Gold Trust,BlackRock,GOLD,0.25,21.435,-4.849,2358.6,10112000,1-1
2757,IAU,-1.130529,-0.761436,93.85,2026-02-18,iShares Gold Trust,BlackRock,GOLD,0.25,21.41,-4.8171,2317.01,9099900,1-1
2758,IAU,-1.178843,-0.607638,94.12,2026-02-19,iShares Gold Trust,BlackRock,GOLD,0.25,24.675,-4.8439,2274.09,7521800,1-2
2759,IAU,-1.143758,-0.607638,95.95,2026-02-20,iShares Gold Trust,BlackRock,GOLD,0.25,24.675,-4.8245,2206.6,10079400,1-2
2760,IAU,-1.107961,-0.607638,98.57,2026-02-23,iShares Gold Trust,BlackRock,GOLD,0.25,24.675,-4.8046,2197.17,8340400,1-2
2761,IAU,-1.074332,-0.607638,97.2,2026-02-24,iShares Gold Trust,BlackRock,GOLD,0.25,24.675,-4.786,2144.29,6546000,1-2
2762,IAU,-1.080374,-0.607638,96.97,2026-02-25,iShares Gold Trust,BlackRock,GOLD,0.25,24.675,-4.7893,2062.15,7040800,1-2
2763,IAU,-1.072967,-0.474636,97.79,2026-02-26,iShares Gold Trust,BlackRock,GOLD,0.25,27.499,-4.7852,1993.83,5642900,1-2
2764,IAU,-1.060534,-0.474636,99.07,2026-02-27,iShares Gold Trust,BlackRock,GOLD,0.25,27.499,-4.7784,1830.07,9228800,1-2
2765,IAU,-1.045379,-0.737929,100.38,2026-03-02,iShares Gold Trust,BlackRock,GOLD,0.25,21.909,-4.77,1578.25,17985000,1-1
2766,IAU,-1.025532,-0.737929,95.92,2026-03-03,iShares Gold Trust,BlackRock,GOLD,0.25,21.909,-4.759,1335.42,19212800,1-1
2767,IAU,-1.042065,-0.737929,96.65,2026-03-04,iShares Gold Trust,BlackRock,GOLD,0.25,21.909,-4.7681,1254.75,11314400,1-1
2768,IAU,-1.066636,-0.737929,95.52,2026-03-05,iShares Gold Trust,BlackRock,GOLD,0.25,21.909,-4.7817,1175.49,17814400,1-1
2769,IAU,-1.038153,-1.078059,96.98,2026-03-06,iShares Gold Trust,BlackRock,GOLD,0.25,14.688,-4.7659,1120.7,11701100,1-1
2770,IAU,-1.06156,-0.962419,96.78,2026-03-09,iShares Gold Trust,BlackRock,GOLD,0.25,17.143,-4.7789,1061.69,6813800,1-1
2771,IAU,-1.09409,-0.962419,97.85,2026-03-10,iShares Gold Trust,BlackRock,GOLD,0.25,17.143,-4.797,1050.8,8889300,1-1
2772,IAU,-1.134977,-0.94561,97.55,2026-03-11,iShares Gold Trust,BlackRock,GOLD,0.25,17.5,-4.8196,1022.67,5155500,1-1
2773,IAU,-1.148873,-1.160249,95.65,2026-03-12,iShares Gold Trust,BlackRock,GOLD,0.25,12.943,-4.8273,1193.44,47696600,1-1
2774,IAU,-1.155841,-1.175226,94.38,2026-03-13,iShares Gold Trust,BlackRock,GOLD,0.25,12.625,-4.8312,1211.79,12220900,1-1
2775,IAU,-1.197698,-1.175226,94.33,2026-03-16,iShares Gold Trust,BlackRock,GOLD,0.25,12.625,-4.8544,1155.93,9700300,1-1
2776,IAU,-1.257975,-1.114004,94.07,2026-03-17,iShares Gold Trust,BlackRock,GOLD,0.25,13.924,-4.8878,1149.78,8925500,1-1
2777,IAU,-1.301997,-1.114004,91.12,2026-03-18,iShares Gold Trust,BlackRock,GOLD,0.25,13.924,-4.9122,1185.52,18426400,1-1
2778,IAU,-1.336025,-1.114004,87.37,2026-03-19,iShares Gold Trust,BlackRock,GOLD,0.25,13.924,-4.931,1281.16,32763000,1-1
2779,IAU,-1.300873,-0.832342,84.7,2026-03-20,iShares Gold Trust,BlackRock,GOLD,0.25,19.905,-4.9116,1343.73,23870000,1-1
2780,IAU,-1.334459,-0.832342,82.78,2026-03-23,iShares Gold Trust,BlackRock,GOLD,0.25,19.905,-4.9302,1417.52,30403200,1-1
2781,IAU,-1.445437,-0.586341,82.76,2026-03-24,iShares Gold Trust,BlackRock,GOLD,0.25,25.128,-4.9917,1435.8,14571600,1-2
2782,IAU,-1.423487,-0.586341,85.27,2026-03-25,iShares Gold Trust,BlackRock,GOLD,0.25,25.128,-4.9795,1456.17,12478900,1-2
2783,IAU,-1.335702,-0.586341,82.09,2026-03-26,iShares Gold Trust,BlackRock,GOLD,0.25,25.128,-4.9309,1484.87,15659300,1-2
2784,IAU,-1.300477,-0.719343,84.95,2026-03-27,iShares Gold Trust,BlackRock,GOLD,0.25,22.304,-4.9113,1519.94,15166000,1-1
2785,IAU,-1.344191,-0.689324,84.93,2026-03-30,iShares Gold Trust,BlackRock,GOLD,0.25,22.941,-4.9356,1521.54,11160200,1-1
2786,IAU,-1.265016,-0.689324,88.16,2026-03-31,iShares Gold Trust,BlackRock,GOLD,0.25,22.941,-4.8917,1489.15,12762400,1-1
2787,IAU,-1.299078,-0.689324,89.68,2026-04-01,iShares Gold Trust,BlackRock,GOLD,0.25,22.941,-4.9106,1463.07,14442600,1-1
2788,IAU,-1.214762,-0.689324,87.94,2026-04-02,iShares Gold Trust,BlackRock,GOLD,0.25,22.941,-4.8638,1436.74,6147000,1-1
2789,IAU,-1.207195,-0.559905,87.61,2026-04-06,iShares Gold Trust,BlackRock,GOLD,0.25,25.689,-4.8596,1374.17,4424300,1-2
2790,IAU,-1.207254,-0.427106,88.46,2026-04-07,iShares Gold Trust,BlackRock,GOLD,0.25,28.508,-4.8597,1354.58,8178500,1-2
2791,IAU,-1.195922,-0.542746,89.04,2026-04-08,iShares Gold Trust,BlackRock,GOLD,0.25,26.053,-4.8534,1365.48,9977200,1-2
2792,IAU,-1.173866,-0.439226,89.72,2026-04-09,iShares Gold Trust,BlackRock,GOLD,0.25,28.251,-4.8412,1341.28,4029700,1-2
2793,IAU,-1.174799,-0.25473,89.56,2026-04-10,iShares Gold Trust,BlackRock,GOLD,0.25,32.168,-4.8417,1332.12,3469000,1-2
2794,IAU,-1.163634,-0.25473,89.21,2026-04-13,iShares Gold Trust,BlackRock,GOLD,0.25,32.168,-4.8355,1136.43,5074100,1-2
2795,IAU,-1.081967,-0.25473,91.18,2026-04-14,iShares Gold Trust,BlackRock,GOLD,0.25,32.168,-4.7902,1104.48,5290600,1-2
2796,IAU,-1.025225,-0.102702,90.24,2026-04-15,iShares Gold Trust,BlackRock,GOLD,0.25,35.396,-4.7588,1079.78,4392800,1-3
2797,IAU,-1.026995,-0.246987,90.16,2026-04-16,iShares Gold Trust,BlackRock,GOLD,0.25,32.333,-4.7598,1056.96,3996000,1-2
2798,IAU,-0.994622,-0.246987,91.34,2026-04-17,iShares Gold Trust,BlackRock,GOLD,0.25,32.333,-4.7418,995.02,4141000,1-2
2799,IAU,-0.985033,-0.246987,90.57,2026-04-20,iShares Gold Trust,BlackRock,GOLD,0.25,32.333,-4.7365,879.52,4826400,1-2
2800,IAU,-0.940622,-0.682447,88.04,2026-04-21,iShares Gold Trust,BlackRock,GOLD,0.25,23.087,-4.7119,818.92,8510300,1-2
2801,IAU,-0.872451,-0.62239,89.19,2026-04-22,iShares Gold Trust,BlackRock,GOLD,0.25,24.362,-4.6741,712.46,3151800,1-2
2802,IAU,-0.82706,-0.868391,88.34,2026-04-23,iShares Gold Trust,BlackRock,GOLD,0.25,19.139,-4.649,672.1,4056400,2-1
2803,IAU,-0.845666,-0.699115,88.75,2026-04-24,iShares Gold Trust,BlackRock,GOLD,0.25,22.733,-4.6593,634.39,3065300,2-1
2804,IAU,-0.832506,-0.699115,88.07,2026-04-27,iShares Gold Trust,BlackRock,GOLD,0.25,22.733,-4.652,582.98,2337600,2-1
2805,IAU,-0.791757,-0.699115,86.46,2026-04-28,iShares Gold Trust,BlackRock,GOLD,0.25,22.733,-4.6294,538.67,4138600,2-1
2806,IAU,-0.770438,-0.729133,85.55,2026-04-29,iShares Gold Trust,BlackRock,GOLD,0.25,22.096,-4.6176,529.92,8933300,2-1
2807,IAU,-0.756124,-0.729133,86.85,2026-04-30,iShares Gold Trust,BlackRock,GOLD,0.25,22.096,-4.6096,493.24,4084600,2-1
2808,IAU,-0.773693,-0.666015,86.72,2026-05-01,iShares Gold Trust,BlackRock,GOLD,0.25,23.436,-4.6194,472.09,9814900,2-2
2809,IAU,-0.782783,-0.666015,84.97,2026-05-04,iShares Gold Trust,BlackRock,GOLD,0.25,23.436,-4.6244,478.26,7885300,2-2
2810,IAU,-0.759942,-0.747701,85.69,2026-05-05,iShares Gold Trust,BlackRock,GOLD,0.25,21.702,-4.6118,476.23,4027600,2-1
2811,IAU,-0.703057,-0.880499,88.3,2026-05-06,iShares Gold Trust,BlackRock,GOLD,0.25,18.882,-4.5802,469.26,6534300,2-1
2812,IAU,-0.709418,-0.857042,88.46,2026-05-07,iShares Gold Trust,BlackRock,GOLD,0.25,19.38,-4.5838,456.75,7072800,2-1
2813,IAU,-0.713519,-0.805262,88.87,2026-05-08,iShares Gold Trust,BlackRock,GOLD,0.25,20.479,-4.586,451.64,2861400,2-1
2814,IAU,-0.71036,-0.837404,89.06,2026-05-11,iShares Gold Trust,BlackRock,GOLD,0.25,19.797,-4.5843,449.64,3017900,2-1
2815,IAU,-0.702987,-0.837404,88.71,2026-05-12,iShares Gold Trust,BlackRock,GOLD,0.25,19.797,-4.5802,441.66,3211600,2-1
2816,IAU,-0.739867,-0.719244,88.19,2026-05-13,iShares Gold Trust,BlackRock,GOLD,0.25,22.306,-4.6006,432.76,3350600,2-1
2817,IAU,-0.727975,-0.807168,87.54,2026-05-14,iShares Gold Trust,BlackRock,GOLD,0.25,20.439,-4.594,424.18,2471200,2-1
2818,IAU,-0.634874,-0.899463,85.51,2026-05-15,iShares Gold Trust,BlackRock,GOLD,0.25,18.479,-4.5424,423.0,3923800,2-1
2819,IAU,-0.66638,-0.859762,85.76,2026-05-18,iShares Gold Trust,BlackRock,GOLD,0.25,19.322,-4.5599,418.05,3198400,2-1
2820,IAU,-0.667439,-0.859762,84.32,2026-05-19,iShares Gold Trust,BlackRock,GOLD,0.25,19.322,-4.5605,440.62,10805200,2-1
2821,IAU,-0.681302,-0.725938,85.53,2026-05-20,iShares Gold Trust,BlackRock,GOLD,0.25,22.164,-4.5682,429.45,6017700,2-1
2822,IAU,-0.740485,-0.544594,85.43,2026-05-21,iShares Gold Trust,BlackRock,GOLD,0.25,26.014,-4.601,427.49,2808800,2-2
2823,IAU,-0.740757,-0.43314,84.81,2026-05-22,iShares Gold Trust,BlackRock,GOLD,0.25,28.38,-4.6011,423.5,3236000,2-2
2824,IAU,-0.728294,-0.451801,84.81,2026-05-26,iShares Gold Trust,BlackRock,GOLD,0.25,27.984,-4.5942,426.11,3854900,2-2
2825,IAU,-0.751369,-0.451801,83.73,2026-05-27,iShares Gold Trust,BlackRock,GOLD,0.25,27.984,-4.607,443.33,6776600,2-2
2826,IAU,-0.821325,-0.435903,84.59,2026-05-28,iShares Gold Trust,BlackRock,GOLD,0.25,28.322,-4.6458,478.37,12929300,2-2
2827,IAU,-0.809345,-0.435903,85.49,2026-05-29,iShares Gold Trust,BlackRock,GOLD,0.25,28.322,-4.6391,466.19,5948900,2-2
2828,IAU,-0.821565,-0.435903,84.27,2026-06-01,iShares Gold Trust,BlackRock,GOLD,0.25,28.322,-4.6459,468.63,4816900,2-2
2829,IAU,-0.818423,-0.499022,84.42,2026-06-02,iShares Gold Trust,BlackRock,GOLD,0.25,26.981,-4.6442,451.79,5892000,2-2
2830,IAU,-0.849018,-0.499022,83.59,2026-06-03,iShares Gold Trust,BlackRock,GOLD,0.25,26.981,-4.6611,455.93,9057300,2-2
2831,IAU,-0.835634,-0.546755,84.28,2026-06-04,iShares Gold Trust,BlackRock,GOLD,0.25,25.968,-4.6537,451.74,3051300,2-2
2832,IAU,-0.824297,-0.546755,81.22,2026-06-05,iShares Gold Trust,BlackRock,GOLD,0.25,25.968,-4.6474,454.39,7787500,2-2
2833,IAU,-0.822873,-0.504693,81.38,2026-06-08,iShares Gold Trust,BlackRock,GOLD,0.25,26.861,-4.6466,449.84,6513400,2-2
2834,IAU,-0.816264,-0.610835,80.07,2026-06-09,iShares Gold Trust,BlackRock,GOLD,0.25,24.607,-4.643,472.84,9210000,2-2
2835,IAU,-0.750506,-0.779998,76.79,2026-06-10,iShares Gold Trust,BlackRock,GOLD,0.25,21.016,-4.6065,501.73,11399900,2-1
2836,IAU,-0.728304,-0.380281,79.13,2026-06-11,iShares Gold Trust,BlackRock,GOLD,0.25,29.503,-4.5942,539.13,13527200,2-2
2837,IAU,-0.757991,-0.498441,79.19,2026-06-12,iShares Gold Trust,BlackRock,GOLD,0.25,26.994,-4.6107,562.31,9878300,2-2
2838,IAU,-0.714922,-0.562546,81.26,2026-06-15,iShares Gold Trust,BlackRock,GOLD,0.25,25.633,-4.5868,571.87,5130600,2-2
2839,IAU,-0.812616,-0.481322,81.5,2026-06-16,iShares Gold Trust,BlackRock,GOLD,0.25,27.357,-4.641,571.11,3922100,2-2
2840,IAU,-0.796225,-0.478782,79.64,2026-06-17,iShares Gold Trust,BlackRock,GOLD,0.25,27.411,-4.6319,612.19,14275600,2-2
2841,IAU,-0.817902,-0.471887,79.33,2026-06-18,iShares Gold Trust,BlackRock,GOLD,0.25,27.558,-4.6439,600.55,8405500,2-2
2842,IAU,-0.851196,-0.605711,78.8,2026-06-22,iShares Gold Trust,BlackRock,GOLD,0.25,24.716,-4.6623,612.35,9674400,1-2
2843,IAU,-0.770073,-0.847113,77.33,2026-06-23,iShares Gold Trust,BlackRock,GOLD,0.25,19.591,-4.6174,618.05,4652100,2-1
2844,IAU,-0.7507,-0.958567,74.99,2026-06-24,iShares Gold Trust,BlackRock,GOLD,0.25,17.225,-4.6066,642.87,10609200,2-1
2845,IAU,-0.757766,-0.973626,75.71,2026-06-25,iShares Gold Trust,BlackRock,GOLD,0.25,16.905,-4.6106,649.97,6287200,2-1
2846,IAU,-0.744744,-0.973626,76.56,2026-06-26,iShares Gold Trust,BlackRock,GOLD,0.25,16.905,-4.6033,639.98,4671800,2-1
2847,IAU,-0.697217,-0.989524,75.53,2026-06-29,iShares Gold Trust,BlackRock,GOLD,0.25,16.567,-4.577,603.23,4262200,2-1
2848,IAU,-0.726168,-0.940773,75.51,2026-06-30,iShares Gold Trust,BlackRock,GOLD,0.25,17.602,-4.593,598.83,5512900,2-1
2849,IAU,-0.761915,-0.940773,75.96,2026-07-01,iShares Gold Trust,BlackRock,GOLD,0.25,17.602,-4.6129,604.09,6798100,2-1
2850,IAU,-0.68588,-0.940773,77.51,2026-07-02,iShares Gold Trust,BlackRock,GOLD,0.25,17.602,-4.5707,597.66,4674000,2-1
2851,IAU,-0.688355,-0.940773,78.3,2026-07-06,iShares Gold Trust,BlackRock,GOLD,0.25,17.602,-4.5721,604.45,11490500,2-1
2852,IAU,-0.670207,-0.827693,77.37,2026-07-07,iShares Gold Trust,BlackRock,GOLD,0.25,20.003,-4.562,604.81,3420700,2-1
2853,IAU,-0.707197,-0.827693,76.74,2026-07-08,iShares Gold Trust,BlackRock,GOLD,0.25,20.003,-4.5825,586.88,3337100,2-1
2854,IAU,-0.679315,-0.893212,77.51,2026-07-09,iShares Gold Trust,BlackRock,GOLD,0.25,18.612,-4.5671,581.78,5457000,2-1
2855,IAU,-0.688726,-0.94237,77.26,2026-07-10,iShares Gold Trust,BlackRock,GOLD,0.25,17.568,-4.5723,556.78,2748600,2-1
2856,IAU,-0.645387,-0.94237,75.25,2026-07-13,iShares Gold Trust,BlackRock,GOLD,0.25,17.568,-4.5483,530.83,4392400,2-1
2857,IAU,-0.616779,-1.342087,76.27,2026-07-14,iShares Gold Trust,BlackRock,GOLD,0.25,9.082,-4.5324,492.65,3520800,2-1
2858,IAU,-0.617268,-1.267239,76.28,2026-07-15,iShares Gold Trust,BlackRock,GOLD,0.25,10.671,-4.5327,466.08,2942300,2-1
2859,IAU,-0.63695,-1.267239,74.8,2026-07-16,iShares Gold Trust,BlackRock,GOLD,0.25,10.671,-4.5436,466.25,5619200,2-1
2860,IAU,-0.623506,-1.121193,75.5,2026-07-17,iShares Gold Trust,BlackRock,GOLD,0.25,13.772,-4.5361,473.63,6288100,2-1
2861,IAU,-0.645387,-1.112991,75.35,2026-07-20,iShares Gold Trust,BlackRock,GOLD,0.25,13.946,-4.5483,446.71,7583800,2-1
2862,IAU,-0.564515,-1.119886,76.82,2026-07-21,iShares Gold Trust,BlackRock,GOLD,0.25,13.799,-4.5034,428.01,3570000,2-1
2863,IAU,-0.552857,-1.119886,77.69,2026-07-22,iShares Gold Trust,BlackRock,GOLD,0.25,13.799,-4.497,420.44,7764900,2-1
2864,IAU,-0.539267,-1.119886,76.15,2026-07-23,iShares Gold Trust,BlackRock,GOLD,0.25,13.799,-4.4895,418.19,4105300,2-1
2865,IAU,-0.578601,-1.084319,76.23,2026-07-24,iShares Gold Trust,BlackRock,GOLD,0.25,14.555,-4.5113,389.72,2593500,2-1
2866,IAU,-0.554726,-1.219876,76.78,2026-07-27,iShares Gold Trust,BlackRock,GOLD,0.25,11.677,-4.498,375.59,2335300,2-1
2867,IAU,-0.545414,-1.219876,75.7,2026-07-28,iShares Gold Trust,BlackRock,GOLD,0.25,11.677,-4.4929,375.77,4775200,2-1
2868,IAU,-0.578673,-1.153995,76.04,2026-07-29,iShares Gold Trust,BlackRock,GOLD,0.25,13.075,-4.5113,375.66,4203200,2-1
2869,IAU,-0.509714,-1.139526,77.3,2026-07-30,iShares Gold Trust,BlackRock,GOLD,0.25,13.382,-4.4731,368.85,3534200,2-1
2870,IAU,-0.482219,-1.139526,76.17,2026-07-31,iShares Gold Trust,BlackRock,GOLD,0.25,13.382,-4.4578,363.35,5262600,2-1
2871,IAU,-0.543398,-0.955813,76.19,2026-08-03,iShares Gold Trust,BlackRock,GOLD,0.25,17.283,-4.4917,361.76,4316600,2-1
2872,IAU,-0.546672,-0.955813,76.69,2026-08-04,iShares Gold Trust,BlackRock,GOLD,0.25,17.283,-4.4936,355.78,10095400,2-1
2873,IAU,-0.546287,-1.068893,79.85,2026-08-05,iShares Gold Trust,BlackRock,GOLD,0.25,14.882,-4.4933,385.46,11119200,2-1
2874,IAU,-0.583776,-0.956204,79.87,2026-08-06,iShares Gold Trust,BlackRock,GOLD,0.25,17.275,-4.5141,401.29,7368800,2-1
2875,IAU,-0.572826,-0.956204,81.68,2026-08-07,iShares Gold Trust,BlackRock,GOLD,0.25,17.275,-4.5081,413.83,8402700,2-1
2876,IAU,-0.55007,-0.841669,82.51,2026-08-10,iShares Gold Trust,BlackRock,GOLD,0.25,19.706,-4.4954,417.71,3559900,2-1
2877,IAU,-0.63202,-0.803088,82.18,2026-08-11,iShares Gold Trust,BlackRock,GOLD,0.25,20.526,-4.5409,416.52,3718200,2-1
2878,IAU,-0.666392,-0.803088,82.98,2026-08-12,iShares Gold Trust,BlackRock,GOLD,0.25,20.526,-4.5599,422.8,4824700,2-1
2879,IAU,-0.612261,-0.877936,81.78,2026-08-13,iShares Gold Trust,BlackRock,GOLD,0.25,18.936,-4.5299,428.64,4245100,2-1
2880,IAU,-0.627684,-0.877936,82.28,2026-08-14,iShares Gold Trust,BlackRock,GOLD,0.25,18.936,-4.5385,417.03,2145200,2-1
2881,IAU,-0.621461,-1.105205,83.11,2026-08-17,iShares Gold Trust,BlackRock,GOLD,0.25,14.111,-4.535,413.96,4936100,2-1
2882,IAU,-0.54539,-1.155648,81.71,2026-08-18,iShares Gold Trust,BlackRock,GOLD,0.25,13.04,-4.4928,399.01,3153200,2-1
2883,IAU,-0.580657,-1.155648,84.84,2026-08-19,iShares Gold Trust,BlackRock,GOLD,0.25,13.04,-4.5124,429.89,10875400,2-1
2884,IAU,-0.598169,-1.120306,85.13,2026-08-20,iShares Gold Trust,BlackRock,GOLD,0.25,13.791,-4.5221,438.06,9100300,2-1
2885,IAU,-0.633177,-1.120306,86.79,2026-08-21,iShares Gold Trust,BlackRock,GOLD,0.25,13.791,-4.5415,448.39,6101482,2-1
